left_1,left_2,left_3,left_4,left_5,left_6,left_7,left_8,left_9,left_10,left_11,left_12,left_13,left_14,left_15,left_16,left_17,left_18,left_19,left_20,left_21,left_22,left_23,left_24,left_25,left_26,left_27,left_28,left_29,left_30,left_31,left_32,left_33,left_34,left_35,left_36,left_37,left_38,left_39,left_40,left_41,left_42,left_43,left_44,left_45,left_46,left_47,left_48,right_1,right_2,right_3,right_4,right_5,right_6,right_7,right_8,right_9,right_10,right_11,right_12,right_13,right_14,right_15,right_16,right_17,right_18,right_19,right_20,right_21,right_22,right_23,right_24,right_25,right_26,right_27,right_28,right_29,right_30,right_31,right_32,right_33,right_34,right_35,right_36,right_37,right_38,right_39,right_40,right_41,right_42,right_43,right_44,right_45,right_46,right_47,right_48,direction
0,0,0,0,0,0,6,47,87,12,0,0,0,0,0,0,0,0,0,29,153,43,0,0,0,0,0,0,0,0,0,20,166,0,0,0,0,0,0,0,0,0,0,0,15,0,0,0,0,0,0,0,0,0,160,156,45,0,0,0,0,0,0,0,0,0,5,65,22,0,0,0,0,0,0,0,0,0,0,41,26,0,0,0,0,0,0,0,0,0,0,4,0,0,0,0,forward
0,0,0,0,0,0,0,5,85,65,0,0,0,0,0,0,0,0,0,0,131,82,0,0,0,0,0,0,0,0,0,0,220,48,0,0,0,0,0,0,0,0,0,0,29,0,0,0,0,0,0,0,0,0,10,64,21,0,0,0,0,0,0,0,0,0,0,84,84,0,0,0,0,0,0,0,0,0,0,99,153,0,0,0,0,0,0,0,0,0,0,22,0,27,0,0,forward
0,0,0,0,0,0,0,0,81,71,0,56,0,0,0,0,0,0,0,0,86,73,0,0,0,0,0,0,0,0,0,0,196,55,0,0,0,0,0,0,0,0,0,0,25,0,0,0,0,0,0,0,0,0,0,3,4,0,0,0,0,0,0,0,0,0,0,19,67,0,37,0,0,0,0,0,0,0,0,22,163,0,21,0,0,0,0,0,0,0,0,23,5,10,267,0,forward
0,0,0,0,0,0,0,0,77,75,0,0,0,0,0,0,0,0,0,0,126,92,0,0,0,0,0,0,0,0,0,0,212,52,0,0,0,0,0,0,0,0,0,0,23,0,0,0,0,0,0,0,0,0,0,37,0,0,0,0,0,0,0,0,0,0,0,68,85,0,0,0,0,0,0,0,0,0,0,101,222,0,0,0,0,0,0,0,0,0,0,41,0,4,0,0,forward
0,0,0,0,0,0,0,0,97,57,0,0,0,0,0,0,0,0,0,0,166,71,0,0,0,0,0,0,0,0,0,0,307,31,0,0,0,0,0,0,0,0,0,0,18,0,0,0,0,0,0,0,0,0,0,71,26,0,0,0,0,0,0,0,0,0,0,104,105,0,0,0,0,0,0,0,0,0,0,119,168,0,0,0,0,0,0,0,0,0,0,23,0,0,0,0,forward
0,0,0,0,0,0,0,41,97,27,0,0,0,0,0,0,0,0,0,21,194,59,0,0,0,0,0,0,0,0,0,0,253,4,0,0,0,0,0,0,0,0,0,0,14,0,0,0,0,0,0,0,0,0,30,121,41,0,0,0,0,0,0,0,0,0,0,106,69,0,0,0,0,0,0,0,0,0,0,85,64,0,0,0,0,0,0,0,0,0,0,3,0,0,0,0,forward
0,0,0,0,0,0,0,25,64,5,0,0,0,0,0,0,0,0,0,22,159,43,0,0,0,0,0,0,0,0,0,21,230,7,0,0,0,0,0,0,0,0,0,0,17,0,0,0,0,0,0,0,0,0,132,185,54,0,0,0,0,0,0,0,0,0,0,89,47,0,0,0,0,0,0,0,0,0,0,68,44,0,0,0,0,0,0,0,0,0,0,0,0,0,0,0,forward
0,0,0,0,0,0,0,21,62,13,0,0,0,0,0,0,0,0,0,13,138,49,0,0,0,0,0,0,0,0,0,4,164,4,0,0,0,0,0,0,0,0,0,0,18,0,0,0,0,0,0,0,0,0,146,152,35,0,0,0,0,0,0,0,0,0,4,70,26,0,0,0,0,0,0,0,0,0,0,48,35,0,0,0,0,0,0,0,0,0,0,6,0,0,0,0,forward
0,0,0,0,0,0,0,27,64,13,0,0,0,0,0,0,0,0,0,11,123,40,0,0,0,0,0,0,0,0,0,8,156,0,0,0,0,0,0,0,0,0,0,0,17,0,0,0,0,0,0,0,0,0,137,134,26,0,0,0,0,0,0,0,0,0,0,64,16,0,0,0,0,0,0,0,0,0,0,37,26,0,0,0,0,0,0,0,0,0,0,7,0,0,0,0,forward
0,0,0,0,0,0,6,35,72,22,0,0,0,0,6,0,0,0,0,12,125,40,0,0,0,0,0,0,0,0,0,0,157,0,0,0,0,0,0,0,0,0,0,0,20,0,0,0,0,0,0,0,0,0,146,150,34,0,0,0,0,0,0,0,0,0,0,61,13,0,0,0,0,0,0,0,0,0,0,39,29,0,0,0,0,0,0,0,0,0,0,8,0,0,0,0,forward
0,0,0,0,0,0,0,30,67,21,0,0,0,0,0,0,0,0,0,22,146,55,0,0,0,0,0,0,0,0,0,0,170,0,0,0,0,0,0,0,0,0,0,0,20,0,0,0,0,0,0,0,0,0,144,151,31,0,0,0,0,0,0,0,0,0,3,68,22,0,0,0,0,0,0,0,0,0,0,37,28,0,0,0,0,0,0,0,0,0,0,6,0,0,0,0,forward
0,0,0,0,0,0,0,27,65,24,0,0,0,0,0,0,0,0,0,8,139,55,0,0,0,0,0,0,0,0,0,0,211,24,0,0,0,0,0,0,0,0,0,0,27,0,0,0,0,0,0,0,0,0,146,151,31,0,0,0,0,0,0,0,0,0,0,74,35,0,0,0,0,0,0,0,0,0,0,47,40,0,0,0,0,0,0,0,0,0,0,10,0,0,0,0,forward
0,0,0,0,0,0,0,26,67,26,0,0,0,0,0,0,0,0,0,17,143,64,0,0,0,0,0,0,0,0,0,0,219,27,0,0,0,0,0,0,0,0,0,0,25,0,0,0,0,0,0,0,0,0,157,181,44,0,0,0,0,0,0,0,0,0,6,79,33,0,0,0,0,0,0,0,0,0,0,36,37,0,0,0,0,0,0,0,0,0,0,0,0,0,0,0,forward
0,0,0,0,0,0,0,17,60,27,0,0,0,0,0,0,0,0,0,12,138,67,0,0,0,0,0,0,0,0,0,0,262,60,0,0,0,0,0,0,0,0,0,0,29,0,0,0,0,0,0,0,0,0,160,195,50,0,0,0,0,0,0,0,0,0,0,90,44,0,0,0,0,0,0,0,0,0,0,47,45,0,0,0,0,0,0,0,0,0,0,0,0,0,0,0,forward
0,0,0,0,0,0,0,22,69,42,0,0,0,0,0,0,0,0,0,0,148,74,0,0,0,0,0,0,0,0,0,0,270,61,0,0,0,0,0,0,0,0,0,0,33,0,0,0,0,0,0,0,0,0,119,170,53,0,0,0,0,0,0,0,0,0,0,85,51,0,0,0,0,0,0,0,0,0,0,60,67,0,0,0,0,0,0,0,0,0,0,12,0,0,0,0,forward
0,0,0,0,0,0,0,14,71,50,0,0,0,0,0,0,0,0,0,0,151,95,0,0,0,0,0,0,0,0,0,0,233,61,0,0,0,0,0,0,0,0,0,0,24,0,0,0,0,0,0,0,0,0,43,94,26,0,0,0,0,0,0,0,0,0,0,72,47,0,0,0,0,0,0,0,0,0,0,63,88,0,0,0,0,0,0,0,0,0,0,14,0,43,0,0,forward
0,0,0,0,0,0,0,0,84,68,0,0,0,0,0,0,0,0,0,0,145,94,0,0,0,0,0,0,0,0,0,0,168,34,0,0,0,0,0,0,0,0,0,0,26,0,0,0,0,0,0,0,0,0,0,57,7,0,0,0,0,0,0,0,0,0,0,67,51,0,0,0,0,0,0,0,0,0,0,72,100,0,0,0,0,0,0,0,0,0,0,28,0,54,0,0,forward
0,0,0,0,0,0,0,0,94,88,0,0,0,0,0,0,0,0,0,0,137,105,0,0,0,0,0,0,0,0,0,0,202,42,0,0,0,0,0,0,0,0,0,0,18,0,0,0,0,0,0,0,0,0,0,35,0,0,0,0,0,0,0,0,0,0,0,51,52,0,0,0,0,0,0,0,0,0,0,50,101,0,0,0,0,0,0,0,0,0,0,36,0,39,31,0,forward
0,0,0,0,0,0,0,0,64,67,0,12,0,0,0,0,0,0,0,0,83,74,0,0,0,0,0,0,0,0,0,0,283,86,0,0,0,0,0,0,0,0,0,0,29,0,0,0,0,0,0,0,0,0,0,18,0,0,0,0,0,0,0,0,0,0,0,38,43,0,0,0,0,0,0,0,0,0,0,41,105,0,16,0,0,0,0,0,0,0,0,40,0,25,80,0,forward
0,0,0,0,0,0,0,0,63,46,0,0,0,0,0,0,0,0,0,0,104,74,0,0,0,0,0,0,0,0,0,0,340,99,0,0,0,0,0,0,0,0,0,0,30,0,0,0,0,0,0,0,0,0,0,36,0,0,0,0,0,0,0,0,0,0,0,58,59,0,0,0,0,0,0,0,0,0,0,70,135,0,0,0,0,0,0,0,0,0,0,34,0,0,0,0,forward
0,0,0,0,0,0,0,0,97,80,0,0,0,0,0,0,0,0,0,0,163,92,0,0,0,0,0,0,0,0,0,0,186,23,0,0,0,0,0,0,0,0,0,0,24,0,0,0,0,0,0,0,0,0,0,66,6,0,0,0,0,0,0,0,0,0,0,80,72,0,0,0,0,0,0,0,0,0,0,90,149,0,0,0,0,0,0,0,0,0,0,33,0,0,0,0,forward
0,70,68,0,0,0,0,0,0,0,0,0,0,205,118,0,0,0,0,0,0,0,0,0,0,194,141,0,0,0,0,0,0,0,0,0,0,0,17,0,0,0,0,0,6,0,0,0,203,78,13,0,0,5,7,36,0,0,0,0,72,60,0,0,0,0,0,21,0,0,0,0,0,0,0,0,0,0,14,187,14,0,0,0,0,0,0,0,0,0,0,14,0,0,0,0,backward
0,19,30,0,0,0,0,0,44,0,0,0,0,115,73,0,0,0,0,0,32,0,0,0,0,107,95,0,0,0,0,0,21,0,0,0,0,0,16,0,0,0,0,0,47,0,0,0,204,75,13,0,0,7,9,37,0,0,0,0,76,61,0,0,0,0,0,24,0,0,0,0,0,0,0,0,0,0,11,183,14,0,0,0,0,0,0,0,0,0,0,14,0,0,0,0,backward
0,0,16,0,0,0,0,0,42,0,0,0,0,150,87,0,0,0,0,0,33,6,0,0,0,185,134,0,0,0,0,0,26,0,0,0,0,24,30,0,0,0,0,0,23,0,0,0,226,81,15,0,0,8,16,38,0,0,0,0,72,63,0,0,0,0,3,23,0,0,0,0,0,0,0,0,0,0,11,150,8,0,0,0,0,0,0,0,0,0,3,9,0,0,0,0,backward
0,18,20,0,0,0,0,0,0,0,0,0,0,250,134,0,0,0,0,0,14,0,0,0,0,334,190,15,0,0,0,0,23,0,0,0,0,54,47,0,0,0,0,0,7,0,0,0,259,96,17,0,0,11,23,33,0,0,0,0,96,81,0,0,0,0,0,8,0,0,0,0,0,0,0,0,0,0,0,38,0,0,0,0,0,0,0,0,0,0,0,0,0,0,0,0,backward
0,0,26,0,0,0,0,0,51,0,0,0,0,116,75,0,0,0,0,0,28,14,0,0,0,115,107,0,0,0,0,0,30,0,0,0,0,7,41,0,0,0,0,0,33,0,0,0,271,107,27,0,0,17,24,42,0,0,0,0,111,87,11,0,0,0,10,24,0,0,0,0,0,0,0,0,0,0,0,114,0,0,0,0,0,0,0,0,0,0,0,0,0,0,0,0,backward
0,0,0,0,0,0,0,11,13,0,0,0,0,84,80,24,0,0,0,0,0,0,0,0,0,88,126,29,0,0,0,0,6,0,0,0,0,52,85,0,0,0,0,0,0,0,0,0,0,0,0,0,0,0,24,0,0,0,0,0,145,17,0,0,0,0,0,7,0,0,0,0,105,40,18,0,0,0,0,15,0,0,0,0,0,0,0,0,0,0,0,25,0,0,0,0,backward
0,0,0,0,0,0,0,16,21,0,0,0,0,90,88,41,0,0,0,0,0,0,0,0,0,77,127,30,0,0,0,0,8,0,0,0,0,46,83,0,0,0,0,0,0,0,0,0,0,0,0,0,0,0,22,0,0,0,0,0,223,28,0,0,0,0,0,0,0,0,0,0,151,57,31,0,0,0,0,8,0,0,0,0,0,0,0,0,0,0,0,0,0,0,0,0,backward
0,0,0,0,0,0,0,4,17,0,0,0,0,82,89,54,0,0,0,0,18,0,0,0,0,69,119,24,0,0,0,0,22,0,0,0,0,26,79,0,0,0,0,0,0,0,0,0,0,0,0,0,0,0,6,0,0,0,0,0,158,12,0,0,0,0,0,0,0,0,0,0,130,51,24,0,0,0,0,15,0,0,0,0,5,0,0,0,0,0,0,16,0,0,0,0,backward
0,0,0,0,0,0,0,24,37,0,0,0,0,76,82,41,0,0,0,0,14,0,0,0,0,64,114,27,0,0,0,0,30,0,0,0,0,42,89,0,0,0,0,0,0,0,0,0,0,0,0,0,0,0,25,0,0,0,0,0,137,12,0,0,0,0,0,0,0,0,0,0,110,31,21,0,0,0,0,12,0,0,0,0,0,0,0,0,0,0,0,10,0,0,0,0,backward
0,0,0,0,0,0,0,12,38,0,0,0,0,21,44,18,0,0,0,8,52,86,0,0,0,41,88,31,0,0,0,0,46,0,0,0,0,5,69,0,0,0,0,0,0,0,0,0,0,0,0,0,0,0,35,12,0,0,0,0,68,0,0,0,0,0,0,16,0,0,0,0,25,0,5,0,0,0,0,16,0,0,0,0,0,0,0,0,0,0,0,8,0,0,0,0,backward
0,0,6,0,0,0,0,0,0,0,0,0,0,132,129,63,0,0,0,0,0,0,0,0,0,131,161,29,0,0,0,0,0,0,0,0,0,77,78,0,0,0,0,0,0,0,0,0,0,12,0,0,0,0,16,0,0,0,0,0,127,20,0,0,0,0,0,0,0,0,0,0,81,42,33,0,0,0,0,9,0,0,0,0,0,0,0,0,0,0,0,0,0,0,0,0,backward
0,0,0,0,0,0,0,15,24,0,0,0,0,85,95,55,0,0,0,0,17,0,0,0,0,79,122,24,0,0,0,0,0,0,0,0,0,24,73,0,0,0,0,0,0,0,0,0,331,3,0,0,0,0,0,24,0,0,0,0,177,82,14,0,0,0,0,33,0,0,0,0,123,199,48,0,0,0,0,0,0,0,0,0,0,0,0,0,0,0,0,0,0,0,0,0,backward
0,0,0,0,0,0,0,17,29,0,0,0,0,60,68,22,0,0,0,0,21,13,0,0,0,58,94,15,0,0,0,0,22,0,0,0,0,50,84,0,0,0,0,0,0,0,0,0,0,11,249,37,0,0,0,0,17,0,0,0,0,45,87,57,0,0,0,0,20,38,0,0,0,0,89,97,0,0,0,0,9,0,0,0,0,0,0,0,0,0,0,0,0,0,0,0,backward
0,26,51,0,0,0,0,19,54,0,0,0,0,88,89,3,0,0,0,0,21,24,0,0,0,45,92,94,0,0,0,0,12,0,0,0,0,0,8,0,0,0,0,0,0,0,0,0,0,38,301,48,0,0,0,0,11,0,0,0,0,61,104,71,0,0,0,0,7,14,0,0,0,0,108,123,0,0,0,0,9,0,0,0,0,0,0,0,0,0,0,0,0,0,0,0,backward
0,0,16,0,0,0,0,26,80,8,0,0,0,15,38,0,0,0,0,0,39,82,0,0,0,0,38,51,0,0,0,0,26,0,0,0,0,0,0,0,0,0,0,0,0,0,0,0,0,0,207,13,0,0,0,0,0,0,0,0,0,35,84,47,0,0,0,0,8,33,0,0,0,0,84,98,0,0,0,0,13,0,0,0,0,0,0,0,0,0,0,0,0,0,0,0,backward
0,0,0,0,0,0,0,4,55,0,0,0,0,56,73,0,0,0,0,0,13,62,0,0,0,58,108,168,0,0,0,0,42,0,0,0,0,0,29,0,0,0,0,0,0,0,0,0,0,0,213,21,0,0,0,0,12,0,0,0,0,40,85,54,0,0,0,0,25,69,0,0,0,0,73,82,0,0,0,0,20,0,0,0,0,0,0,0,0,0,0,0,5,0,0,0,backward
0,0,0,0,0,0,0,28,57,0,0,0,0,23,57,0,0,0,0,0,13,25,0,0,0,78,115,187,0,0,0,0,33,0,0,0,0,81,125,11,0,0,0,0,0,0,0,0,0,3,366,46,0,0,0,0,6,0,0,0,0,27,55,47,0,0,0,0,14,11,0,0,0,0,64,37,0,0,0,0,10,0,0,0,0,0,0,0,0,0,0,0,0,0,0,0,backward
0,0,0,0,0,0,0,20,53,0,0,0,0,27,57,0,0,0,0,0,23,39,0,0,0,76,108,183,0,0,0,0,47,0,0,0,0,60,110,0,0,0,0,0,0,0,0,0,0,0,325,51,0,0,0,0,21,0,0,0,0,17,42,39,0,0,0,0,10,45,0,0,0,0,56,28,0,0,0,0,14,0,0,0,0,0,0,0,0,0,0,0,3,0,0,0,backward
0,0,15,11,24,88,55,69,106,0,0,0,0,0,27,0,0,0,0,0,0,0,0,0,0,0,12,0,0,0,0,0,0,0,0,0,0,0,0,0,0,0,0,0,0,0,0,0,0,0,0,0,0,0,0,0,0,0,0,0,0,0,25,0,0,0,0,0,0,0,0,0,0,0,44,29,0,0,0,0,0,0,0,0,0,0,0,0,0,0,0,0,44,55,0,0,strafe_left
0,0,20,14,24,88,50,65,99,0,0,0,0,0,14,0,0,0,0,0,0,0,0,0,0,0,11,5,0,0,0,0,0,0,0,0,0,0,0,0,0,0,0,0,0,0,0,0,0,0,0,0,0,0,0,0,0,0,0,0,0,0,27,0,0,0,0,0,0,0,0,0,0,0,43,27,0,0,0,0,0,0,0,0,0,0,0,0,0,0,0,0,45,57,0,0,strafe_left
0,0,19,13,26,88,51,63,89,0,0,0,0,0,13,0,0,0,0,0,0,0,0,0,0,0,6,0,0,0,0,0,0,0,0,0,0,0,0,0,0,0,0,0,0,0,0,0,0,0,0,0,0,0,0,0,0,0,0,0,0,0,30,0,0,0,0,0,0,0,0,0,0,0,42,27,0,0,0,0,0,0,0,0,0,0,0,0,0,0,0,0,44,55,0,0,strafe_left
0,0,0,0,0,0,0,0,0,0,0,0,0,85,71,0,0,0,0,0,0,0,0,0,0,0,0,0,0,0,0,0,0,0,0,0,0,0,0,0,0,0,0,0,0,0,0,0,0,0,0,0,0,0,0,0,0,0,0,0,0,0,42,0,0,0,0,0,0,0,0,0,0,0,37,0,0,0,0,0,0,0,0,0,0,0,0,19,0,0,0,0,83,15,0,0,strafe_left
0,0,0,4,33,118,71,148,183,3,0,0,0,0,12,0,0,0,0,0,0,0,0,0,0,0,0,0,0,0,0,0,0,0,0,0,0,0,0,0,0,0,0,0,0,0,0,0,0,0,0,0,0,0,0,0,0,0,0,0,0,0,31,0,0,0,0,0,0,0,0,0,0,0,34,0,0,0,0,0,0,0,0,0,0,0,0,6,0,0,0,0,65,3,0,0,strafe_left
0,0,0,0,23,111,89,195,259,40,0,0,0,0,0,0,0,0,0,0,0,0,0,0,0,0,0,0,0,0,0,0,0,0,0,0,0,0,0,0,0,0,0,0,0,0,0,0,0,0,0,0,0,0,0,0,0,0,0,0,0,0,27,0,0,0,0,0,0,0,0,0,0,0,37,0,0,0,0,0,7,0,0,0,0,0,0,6,0,0,0,0,60,0,0,0,strafe_left
0,0,0,0,0,0,0,0,0,0,0,0,0,115,90,0,0,0,0,0,0,0,0,0,0,0,3,0,0,0,0,0,0,0,0,0,0,0,0,0,0,0,0,0,0,0,0,0,0,0,0,0,0,0,0,0,0,0,0,0,0,0,41,0,0,0,0,0,0,0,0,0,0,0,40,0,0,0,0,0,0,0,0,0,0,0,0,5,0,0,0,0,38,0,0,0,strafe_left
0,50,80,42,24,84,0,77,96,0,0,0,0,93,80,0,0,0,0,0,0,0,0,0,0,0,51,0,0,0,0,0,0,0,0,0,0,0,0,0,0,0,0,0,0,0,0,0,0,0,19,0,0,0,0,0,0,0,0,0,0,0,40,0,0,0,0,0,0,0,0,0,0,0,45,0,0,0,0,0,7,4,0,0,0,0,0,0,0,0,0,0,27,0,0,0,strafe_left
0,0,23,6,7,114,3,84,152,0,0,0,20,15,28,0,0,0,0,12,0,0,0,0,0,0,32,0,0,0,0,0,0,0,0,0,0,0,0,0,0,0,0,0,0,0,0,0,0,0,19,0,0,0,0,0,0,0,0,0,0,0,39,0,0,0,0,0,0,0,0,0,0,0,47,0,0,0,0,0,7,3,0,0,0,0,0,0,0,0,0,0,27,0,0,0,strafe_left
0,57,69,38,22,72,0,81,56,0,0,0,3,92,70,0,0,0,0,0,0,0,0,0,0,0,46,0,0,0,0,0,0,0,0,0,0,0,0,0,0,0,0,0,0,0,0,0,0,0,24,0,0,0,0,0,0,0,0,0,0,0,42,0,0,0,0,0,0,0,0,0,0,0,42,0,0,0,0,0,0,0,0,0,0,0,0,4,0,0,0,0,21,0,0,0,strafe_left
0,59,64,22,5,52,0,66,44,0,0,0,0,121,88,7,0,0,0,8,0,0,0,0,0,6,53,0,0,0,0,0,0,0,0,0,0,0,0,0,0,0,0,0,0,0,0,0,0,0,28,0,0,0,0,0,0,0,0,0,0,12,54,0,0,0,0,0,0,0,0,0,0,0,42,0,0,0,0,0,0,0,0,0,0,0,0,0,0,0,0,0,13,0,0,0,strafe_left
0,17,58,39,35,124,10,107,104,0,0,0,26,42,46,0,0,0,0,0,0,0,0,0,0,0,28,0,0,0,0,0,0,0,0,0,0,0,0,0,0,0,0,0,0,0,0,0,0,0,24,0,0,0,0,0,0,0,0,0,0,0,44,0,0,0,0,0,0,0,0,0,0,0,43,0,0,0,0,0,4,0,0,0,0,0,0,4,0,0,0,0,22,0,0,0,strafe_left
0,6,48,34,44,175,36,127,134,0,0,0,23,31,38,0,0,0,0,0,0,0,0,0,0,0,21,0,0,0,0,0,0,0,0,0,0,0,0,0,0,0,0,0,0,0,0,0,0,0,24,0,0,0,0,0,0,0,0,0,0,0,44,0,0,0,0,0,0,0,0,0,0,0,42,0,0,0,0,0,3,0,0,0,0,0,0,5,0,0,0,0,22,0,0,0,strafe_left
0,0,0,0,8,158,26,174,217,0,0,0,15,0,0,0,0,0,0,25,10,0,0,0,0,0,0,0,0,0,0,0,0,0,0,0,0,0,0,0,0,0,0,0,0,0,0,0,0,0,8,0,0,0,0,0,0,0,0,0,0,0,42,0,0,0,0,0,0,0,0,0,0,0,43,0,0,0,0,0,4,0,0,0,0,0,0,0,0,0,0,0,16,0,0,0,strafe_left
0,0,3,0,25,191,40,170,209,0,0,0,16,0,8,0,0,0,0,18,0,0,0,0,0,0,0,0,0,0,0,0,0,0,0,0,0,0,0,0,0,0,0,0,0,0,0,0,0,0,0,0,0,0,0,0,0,0,0,0,0,0,34,0,0,0,0,0,0,0,0,0,0,0,40,0,0,0,0,0,6,0,0,0,0,0,0,0,0,0,0,0,34,0,0,0,strafe_left
0,0,0,0,0,0,0,0,0,0,0,0,17,0,0,0,0,0,0,17,0,0,0,0,0,0,0,0,0,0,0,0,0,0,0,0,0,0,0,0,0,0,0,0,0,0,0,0,0,0,0,0,0,0,0,0,0,0,0,0,0,0,19,0,0,0,0,0,0,0,0,0,0,0,33,0,0,0,0,0,18,12,26,0,0,0,0,0,0,0,0,0,43,0,0,0,strafe_left
0,28,46,15,13,89,0,83,70,0,0,0,11,30,27,0,0,0,0,0,0,0,0,0,0,0,17,0,0,0,0,0,0,0,0,0,0,0,0,0,0,0,0,0,0,0,0,0,0,0,39,0,0,0,0,0,0,0,0,0,0,20,56,0,0,0,0,0,0,0,0,0,0,11,50,0,0,0,0,0,0,0,0,0,0,0,0,0,0,0,0,0,29,0,0,0,strafe_left
0,0,0,0,0,0,0,0,0,0,0,0,0,0,0,0,0,0,0,0,0,19,0,0,0,0,17,0,0,0,0,0,19,0,0,0,0,36,53,0,0,0,0,0,92,26,0,0,0,39,117,13,0,0,0,0,70,14,0,0,0,0,23,0,0,0,0,0,0,0,0,0,0,0,0,0,0,0,0,0,0,0,0,0,0,0,0,0,0,0,0,0,0,0,0,0,strafe_right
0,0,0,0,0,0,0,0,0,0,0,0,0,0,0,0,0,0,0,0,0,27,0,0,0,0,11,0,0,0,0,0,27,0,0,0,0,18,42,0,0,0,0,0,112,40,0,0,0,0,70,0,0,0,0,0,71,25,0,0,0,0,17,0,0,0,0,0,0,0,0,0,0,0,0,0,0,0,0,0,0,0,0,0,0,0,0,0,0,0,0,0,0,0,0,0,strafe_right
0,0,0,0,0,0,0,0,0,0,0,0,0,0,0,0,0,0,0,0,0,0,0,0,0,11,33,0,0,0,0,0,10,0,0,0,3,88,90,4,0,0,0,0,86,24,0,0,0,114,230,63,0,0,0,0,68,11,0,0,0,0,26,0,0,0,0,0,0,0,0,0,0,0,12,0,0,0,0,0,0,0,0,0,0,0,0,0,0,0,0,0,0,0,0,0,strafe_right
0,0,0,0,0,0,0,0,0,0,0,0,0,0,0,0,0,0,0,0,0,0,0,0,0,36,50,0,0,0,0,0,5,0,0,0,22,91,86,0,0,0,0,0,43,0,0,0,0,202,322,83,0,0,0,0,59,0,0,0,0,0,31,0,0,0,0,0,0,0,0,0,0,0,8,0,0,0,0,0,0,0,0,0,0,0,0,0,0,0,0,0,0,0,0,0,strafe_right
0,0,0,0,0,0,0,0,0,0,0,0,0,0,0,0,0,0,0,0,0,0,0,0,0,64,70,0,0,0,0,0,0,0,0,0,52,130,122,0,0,0,0,0,10,0,0,0,0,171,292,76,0,0,0,8,70,4,0,0,0,0,30,0,0,0,0,0,0,0,0,0,0,0,8,0,0,0,0,0,0,0,0,0,0,0,0,0,0,0,0,0,0,0,0,0,strafe_right
0,0,0,0,0,0,0,0,0,0,0,0,0,0,0,0,0,0,0,0,0,14,0,0,0,30,47,56,0,0,0,0,36,0,0,0,0,28,54,0,0,0,0,0,125,22,0,0,0,0,40,0,0,73,0,19,31,0,0,0,20,38,31,0,0,0,4,20,9,0,0,0,0,0,5,0,0,0,0,0,0,0,0,0,0,0,0,0,0,0,0,0,0,0,0,0,strafe_right
0,0,0,0,0,0,0,0,0,0,0,0,0,0,0,0,0,0,0,0,0,24,0,0,0,14,31,37,0,0,0,0,37,0,0,0,0,0,38,0,0,0,0,0,148,35,0,0,0,0,14,0,0,99,12,26,62,0,0,0,12,4,5,0,0,0,7,25,10,0,0,0,0,0,0,0,0,0,0,0,0,0,0,0,0,0,0,0,0,0,0,0,0,0,0,0,strafe_right
0,0,0,0,0,0,0,0,0,0,0,0,0,0,0,0,0,0,0,0,0,19,0,0,0,16,33,41,0,0,0,0,29,0,0,0,0,25,47,0,0,0,0,0,127,29,0,0,0,0,30,0,0,88,8,25,54,0,0,0,7,10,8,0,0,0,5,20,0,0,0,0,0,0,0,0,0,0,0,0,0,0,0,0,0,0,0,0,0,0,0,0,0,0,0,0,strafe_right
0,0,0,0,0,0,0,0,0,0,0,0,0,0,0,0,0,0,0,0,0,0,0,0,0,4,25,12,0,0,0,0,24,0,0,0,0,24,43,0,0,0,0,0,182,46,0,0,0,0,35,0,0,95,12,43,86,0,0,0,5,0,12,0,0,0,6,22,0,0,0,0,0,0,0,0,0,0,0,0,0,0,0,0,0,0,0,0,0,0,0,0,0,0,0,0,strafe_right
0,0,0,0,0,0,0,0,0,0,0,0,0,0,0,0,0,0,0,0,0,0,0,0,0,18,37,11,0,0,0,0,0,0,0,0,0,67,59,0,0,0,0,0,139,20,0,0,0,0,42,0,0,97,8,27,45,0,0,0,5,10,17,0,0,0,7,23,0,0,0,0,0,0,0,0,0,0,0,0,0,0,0,0,0,0,0,0,0,0,0,0,0,0,0,0,strafe_right
0,0,0,0,0,0,0,0,0,0,0,0,0,0,0,0,0,0,0,0,0,0,0,0,0,27,44,7,0,0,0,0,0,0,0,0,0,94,72,0,0,0,0,0,110,0,0,0,0,0,81,0,0,72,0,29,62,0,0,0,0,17,34,0,0,0,0,11,0,0,0,0,0,0,0,0,0,0,0,0,0,0,0,0,0,0,0,0,0,0,0,0,0,0,0,0,strafe_right
0,0,0,0,0,0,0,0,0,0,0,0,0,0,0,0,0,0,0,0,0,0,0,0,0,22,44,12,0,0,0,0,0,0,0,0,0,71,67,0,0,0,0,0,147,16,0,0,0,0,58,0,0,115,15,37,91,0,0,0,0,3,18,0,0,0,3,21,0,0,0,0,0,0,0,0,0,0,0,0,0,0,0,0,0,0,0,0,0,0,0,0,0,0,0,0,strafe_right
0,0,0,0,0,0,0,0,0,0,0,0,0,0,0,0,0,0,0,0,0,0,0,0,0,6,32,12,0,0,0,0,14,0,0,0,0,24,50,0,0,0,0,0,184,45,0,0,0,0,7,0,0,97,16,47,127,0,0,0,0,0,0,0,0,0,9,31,12,0,0,0,0,0,0,0,0,0,0,0,0,0,0,0,0,0,0,0,0,0,0,0,0,0,0,0,strafe_right
0,0,0,0,0,0,0,0,0,0,0,0,0,0,0,0,0,0,0,0,0,7,0,0,0,0,10,0,0,0,0,0,19,0,0,0,0,0,19,0,0,0,0,0,195,53,0,0,0,0,0,0,0,86,11,44,131,6,0,0,0,0,0,0,0,0,12,37,23,0,0,0,0,0,0,0,0,0,0,0,0,0,0,0,0,0,0,0,0,0,0,0,0,0,0,0,strafe_right
0,0,0,0,0,0,0,0,0,0,0,0,0,0,0,0,0,0,0,0,0,0,0,0,0,0,23,8,0,0,0,0,20,0,0,0,0,25,44,0,0,0,0,0,178,41,0,0,0,0,0,0,0,86,11,44,133,8,0,0,0,0,0,0,0,0,11,32,18,0,0,0,0,0,0,0,0,0,0,0,0,0,0,0,0,0,0,0,0,0,0,0,0,0,0,0,strafe_right
0,0,0,0,0,0,0,0,0,0,0,0,0,0,0,0,0,0,0,0,0,0,0,0,0,28,46,13,0,0,0,0,0,0,0,0,0,75,60,0,0,0,0,0,136,13,0,0,0,0,30,0,0,102,13,46,115,0,0,0,0,0,4,0,0,0,4,22,0,0,0,0,0,0,0,0,0,0,0,0,0,0,0,0,0,0,0,0,0,0,0,0,0,0,0,0,strafe_right
0,0,0,0,0,0,0,0,0,0,0,0,0,0,0,0,0,0,0,0,0,0,0,0,0,30,53,10,0,0,0,0,0,0,0,0,0,108,75,0,0,0,0,0,126,0,0,0,0,0,51,0,0,111,22,49,101,0,0,0,0,0,7,0,0,0,0,18,0,0,0,0,0,0,0,0,0,0,0,0,0,0,0,0,0,0,0,0,0,0,0,0,0,0,0,0,strafe_right
0,0,0,0,0,0,0,0,0,0,0,0,0,0,0,0,0,0,0,0,0,0,0,0,0,27,46,0,0,0,0,0,0,0,0,0,0,121,81,0,0,0,0,0,143,8,0,0,0,0,47,0,0,114,19,45,100,0,0,0,0,0,11,0,0,0,3,22,0,0,0,0,0,0,0,0,0,0,0,0,0,0,0,0,0,0,0,0,0,0,0,0,0,0,0,0,strafe_right
0,0,0,0,0,0,0,0,0,0,0,0,0,0,0,0,0,0,0,0,0,0,0,0,0,7,35,11,0,0,0,0,16,0,0,0,0,42,59,0,0,0,0,0,188,43,0,0,0,0,31,0,0,121,26,53,110,0,0,0,0,0,4,0,0,0,3,24,3,0,0,0,0,0,0,0,0,0,0,0,0,0,0,0,0,0,0,0,0,0,0,0,0,0,0,0,strafe_right
0,0,0,0,0,0,0,0,0,0,0,0,0,0,0,0,0,0,0,0,0,0,0,0,0,3,27,3,0,0,0,0,13,0,0,0,0,29,52,0,0,0,0,0,195,45,0,0,0,0,17,0,0,105,16,46,114,0,0,0,0,0,0,0,0,0,9,31,12,0,0,0,0,0,0,0,0,0,0,0,0,0,0,0,0,0,0,0,0,0,0,0,0,0,0,0,strafe_right
0,0,0,0,0,0,0,0,0,0,0,0,0,0,0,0,0,0,0,0,0,0,0,0,0,19,42,12,0,0,0,0,14,0,0,0,0,78,67,0,0,0,0,0,162,29,0,0,0,0,48,0,0,124,24,51,112,0,0,0,0,0,4,0,0,0,0,21,0,0,0,0,0,0,0,0,0,0,0,0,0,0,0,0,0,0,0,0,0,0,0,0,0,0,0,0,strafe_right
0,0,0,0,0,0,0,0,0,0,0,0,0,0,0,0,0,0,0,0,0,0,0,0,0,42,57,15,0,0,0,0,5,0,0,0,0,127,82,0,0,0,0,0,145,15,0,0,0,0,70,0,0,113,17,42,91,0,0,0,0,6,24,0,0,0,0,14,0,0,0,0,0,0,0,0,0,0,0,0,0,0,0,0,0,0,0,0,0,0,0,0,0,0,0,0,strafe_right
0,0,0,0,0,0,0,48,58,0,0,0,0,0,0,0,0,0,0,7,38,58,0,0,0,3,21,45,0,0,0,0,43,0,0,0,0,0,29,0,0,0,0,0,47,0,0,0,0,0,73,0,0,0,0,40,56,62,0,0,17,16,5,0,0,0,0,0,16,0,0,0,0,0,19,4,0,0,0,0,21,0,0,0,0,0,0,0,0,0,0,0,3,0,0,0,none
0,0,0,0,0,0,0,46,57,0,0,0,0,0,3,0,0,0,0,14,46,65,0,0,0,7,28,49,0,0,0,0,46,0,0,0,0,0,26,0,0,0,0,0,40,0,0,0,0,0,67,0,0,0,0,31,48,55,0,0,14,15,5,0,0,0,0,0,20,0,0,0,0,0,20,5,0,0,0,0,22,0,0,0,0,0,0,0,0,0,0,0,3,0,0,0,none
0,0,0,0,0,0,0,40,56,0,0,0,0,0,0,0,0,0,0,16,49,71,0,0,0,7,27,50,0,0,0,0,46,0,0,0,0,0,29,0,0,0,0,0,43,0,0,0,0,0,66,0,0,0,0,36,53,63,0,0,16,14,5,0,0,0,0,0,20,0,0,0,0,0,20,5,0,0,0,0,23,0,0,0,0,0,0,0,0,0,0,0,0,0,0,0,none
0,0,0,0,0,0,0,35,39,0,0,0,0,21,33,0,0,0,0,7,31,30,0,0,0,30,64,76,0,0,0,0,42,0,0,0,0,29,56,0,0,0,0,0,10,0,0,0,0,0,90,0,0,0,0,34,57,82,0,0,11,10,6,0,0,0,0,0,21,0,0,0,0,0,24,0,0,0,0,0,23,0,0,0,0,0,0,0,0,0,0,0,0,0,0,0,none
0,0,0,0,0,0,0,39,40,0,0,0,0,21,33,0,0,0,0,3,27,16,0,0,0,38,70,68,0,0,0,0,29,0,0,0,0,36,61,0,0,0,0,0,3,0,0,0,0,0,95,0,0,0,0,32,53,77,0,0,11,12,8,0,0,0,0,0,25,0,0,0,0,0,25,0,0,0,0,0,19,0,0,0,0,0,0,0,0,0,0,0,0,0,0,0,none
0,0,0,0,0,0,0,35,52,0,0,0,0,21,33,0,0,0,0,7,38,41,0,0,0,27,55,73,0,0,0,0,41,0,0,0,0,10,50,0,0,0,0,0,0,0,0,0,0,0,68,0,0,0,0,25,39,60,0,0,8,3,3,0,0,0,0,0,21,0,0,0,0,0,25,8,0,0,0,0,33,8,0,0,0,0,0,0,0,0,0,0,13,0,0,0,none
0,0,0,0,0,0,0,0,0,0,0,0,0,0,0,0,0,0,0,0,0,0,0,0,0,0,0,0,0,0,0,0,0,0,0,0,0,0,0,0,0,0,0,0,0,0,0,0,0,0,0,0,0,0,0,0,0,0,0,0,0,0,0,0,0,0,0,0,0,0,0,0,0,0,0,0,0,0,0,0,0,0,0,0,0,0,0,0,0,0,0,0,0,0,0,0,none
0,0,0,0,0,0,0,0,0,0,0,0,0,0,0,0,0,0,0,0,0,0,0,0,0,0,0,0,0,0,0,0,0,0,0,0,0,0,0,0,0,0,0,0,0,0,0,0,0,0,0,0,0,0,0,0,0,0,0,0,0,0,0,0,0,0,0,0,0,0,0,0,0,0,0,0,0,0,0,0,0,0,0,0,0,0,0,0,0,0,0,0,0,0,0,0,none
0,0,0,0,0,0,0,18,36,0,0,0,3,0,4,0,0,0,0,0,7,0,0,0,0,0,6,0,0,0,0,0,18,0,0,0,0,0,0,0,0,0,0,0,30,0,0,0,0,0,0,0,0,0,9,26,0,0,0,0,0,0,0,0,0,0,0,19,0,0,0,0,0,16,3,0,0,0,0,0,22,0,0,0,0,0,0,0,0,0,0,4,0,0,0,0,none
0,0,0,0,0,0,0,10,24,0,0,0,0,0,4,0,0,0,0,0,5,0,0,0,0,0,10,0,0,0,0,0,16,0,0,0,0,0,0,0,0,0,0,0,27,0,0,0,0,0,0,0,0,0,6,25,0,0,0,0,0,0,0,0,0,0,0,19,0,0,0,0,0,44,25,0,0,0,0,0,34,0,0,0,0,0,0,0,0,0,0,3,0,0,0,0,none
0,0,0,0,0,0,0,20,33,0,0,0,4,0,8,0,0,0,0,0,8,0,0,0,0,0,11,0,0,0,0,0,19,0,0,0,0,0,0,0,0,0,0,0,27,0,0,0,0,0,0,0,0,0,6,20,0,0,0,0,0,12,0,0,0,0,0,19,0,0,0,0,0,71,37,0,0,0,0,4,36,0,0,0,0,0,0,0,0,0,0,0,0,0,0,0,none
0,0,0,0,0,0,0,52,137,0,0,0,0,0,0,0,0,0,0,21,75,105,0,0,0,0,0,0,0,0,0,0,93,6,0,0,0,0,0,0,0,0,0,0,57,5,0,0,0,0,0,0,0,0,0,55,28,0,0,0,0,0,0,0,0,0,0,39,42,0,0,0,0,0,0,0,0,0,0,31,180,0,3,0,0,0,0,0,0,0,0,7,14,0,0,0,forward
0,0,0,0,0,0,0,61,105,0,0,0,0,0,0,0,0,0,0,13,46,21,0,0,0,0,0,0,0,0,0,0,65,0,0,0,0,0,0,0,0,0,0,4,57,0,0,0,0,0,0,0,0,0,51,77,37,0,0,0,0,0,0,0,0,0,0,51,46,0,0,0,0,0,0,0,0,0,0,41,139,0,0,0,0,0,0,0,0,0,0,17,4,0,0,0,forward
0,0,0,0,0,0,0,37,134,0,0,0,0,0,0,0,0,0,0,7,73,107,0,0,0,0,0,0,0,0,0,0,83,11,0,0,0,0,0,0,0,0,0,0,53,6,0,0,0,0,0,0,0,0,0,47,28,0,0,0,0,0,0,0,0,0,0,37,42,0,0,0,0,0,0,0,0,0,0,14,159,0,3,0,0,0,0,0,0,0,0,0,14,0,0,0,forward
0,0,0,0,0,0,0,0,72,0,0,0,0,0,0,0,0,0,0,0,56,140,0,0,0,0,0,0,0,0,0,0,70,29,0,0,0,0,0,0,0,0,0,0,62,21,0,0,0,0,0,0,0,0,0,7,8,0,0,0,0,0,0,0,0,0,0,0,41,0,0,0,0,0,0,0,0,0,0,0,141,10,36,0,0,0,0,0,0,0,0,0,29,0,0,0,forward
0,0,0,0,0,0,0,0,31,0,0,0,0,0,0,0,0,0,0,0,35,135,0,0,0,0,0,0,0,0,0,0,48,31,0,0,0,0,0,0,0,0,0,0,82,41,0,0,0,0,0,0,0,0,0,0,0,0,0,0,0,0,0,0,0,0,0,0,36,0,0,0,0,0,0,0,0,0,0,0,107,18,47,0,0,0,0,0,0,0,0,0,27,0,0,0,forward
0,0,0,0,0,0,0,0,0,0,0,0,0,0,0,0,0,0,0,0,12,148,0,0,0,0,0,0,0,0,0,0,54,40,0,0,0,0,0,0,0,0,0,0,83,41,0,0,0,0,0,0,0,0,0,0,0,0,0,0,0,0,0,0,0,0,0,0,37,0,0,0,0,0,0,0,0,0,0,0,138,35,53,0,0,0,0,0,0,0,0,0,34,0,0,0,forward
0,0,0,0,0,0,0,0,184,40,0,0,0,0,0,0,0,0,0,0,85,220,0,0,0,0,0,0,0,0,0,0,42,12,0,0,0,0,0,0,0,0,0,0,20,0,0,0,0,0,0,0,0,0,0,0,0,0,0,0,0,0,0,0,0,0,0,0,0,0,0,0,0,0,0,0,0,0,0,0,111,28,39,0,0,0,0,0,0,0,0,0,74,0,0,0,forward
0,0,0,0,0,0,0,0,118,62,0,0,0,0,0,0,0,0,0,0,62,230,4,0,0,0,0,0,0,0,0,0,45,23,0,0,0,0,0,0,0,0,0,0,37,0,0,0,0,0,0,0,0,0,0,0,0,0,0,0,0,0,0,0,0,0,0,0,27,0,0,0,0,0,0,0,0,0,0,0,143,39,28,0,0,0,0,0,0,0,0,0,74,0,0,0,forward
0,0,0,0,0,0,0,0,4,0,0,0,0,0,0,0,0,0,0,0,13,112,0,0,0,0,0,0,0,0,0,0,53,50,0,0,0,0,0,0,0,0,0,0,128,54,0,0,0,0,0,0,0,0,0,0,0,0,0,0,0,0,0,0,0,0,0,0,22,0,0,0,0,0,0,0,0,0,0,0,103,29,39,0,0,0,0,0,0,0,0,0,38,0,0,0,forward
0,0,0,0,0,0,0,0,0,0,0,0,0,0,0,0,0,0,0,0,22,111,0,0,0,0,0,0,0,0,0,0,39,58,0,0,0,0,0,0,0,0,0,0,121,61,0,0,0,0,0,0,0,0,0,0,0,0,0,0,0,0,0,0,0,0,0,0,21,5,0,0,0,0,0,0,0,0,0,0,102,37,51,0,0,0,0,0,0,0,0,0,28,0,0,0,forward
0,0,0,0,0,0,0,0,0,0,0,0,0,0,0,0,0,0,0,0,33,114,0,0,0,0,0,0,0,0,0,0,84,59,0,0,0,0,0,0,0,0,0,0,130,44,0,0,0,0,0,0,0,0,0,0,0,0,0,0,0,0,0,0,0,0,0,0,47,0,0,0,0,0,0,0,0,0,0,0,259,56,12,0,0,0,0,0,0,0,0,0,64,0,0,0,forward
0,0,0,0,0,0,0,0,53,3,0,0,0,0,0,0,0,0,0,0,42,131,0,0,0,0,0,0,0,0,0,0,73,49,0,0,0,0,0,0,0,0,0,0,72,24,0,0,0,0,0,0,0,0,0,0,0,0,0,0,0,0,0,0,0,0,0,0,52,9,0,0,0,0,0,0,0,0,0,6,255,60,0,0,0,0,0,0,0,0,0,0,52,0,0,0,forward
0,0,0,0,0,0,0,0,47,8,0,0,0,0,0,0,0,0,0,0,19,155,0,0,0,0,0,0,0,0,0,0,64,50,0,0,0,0,0,0,0,0,0,0,43,25,0,0,0,0,0,0,0,0,0,35,42,35,0,0,0,0,0,0,0,0,0,32,92,32,0,0,0,0,0,0,0,0,0,8,190,37,0,0,0,0,0,0,0,0,0,0,8,0,0,0,forward
0,0,0,0,0,0,0,0,73,15,0,0,0,0,0,0,0,0,0,0,27,170,0,0,0,0,0,0,0,0,0,0,55,65,0,0,0,0,0,0,0,0,0,0,41,29,0,0,0,0,0,0,0,0,0,20,36,30,0,0,0,0,0,0,0,0,0,14,72,30,0,0,0,0,0,0,0,0,0,0,183,44,27,0,0,0,0,0,0,0,0,0,19,0,0,0,forward
0,0,0,0,0,0,0,0,0,0,0,0,0,0,0,0,0,0,0,0,15,65,0,0,0,0,0,0,0,0,0,0,14,54,0,0,0,0,0,0,0,0,0,0,97,95,17,0,0,0,0,0,0,0,0,0,17,0,0,0,0,0,0,0,0,0,0,0,45,20,0,0,0,0,0,0,0,0,0,0,138,44,41,0,0,0,0,0,0,0,0,0,29,0,0,0,forward
0,0,0,0,0,0,0,0,0,0,0,0,0,0,0,0,0,0,0,0,22,87,0,0,0,0,0,0,0,0,0,0,11,72,0,0,0,0,0,0,0,0,0,0,106,68,0,0,0,0,0,0,0,0,0,0,0,0,0,0,0,0,0,0,0,0,0,0,49,24,0,0,0,0,0,0,0,0,0,0,160,53,34,0,0,0,0,0,0,0,0,0,36,0,0,0,forward
0,0,0,0,0,0,0,0,63,0,0,0,0,0,0,0,0,0,0,0,51,100,0,0,0,0,0,0,0,0,0,0,73,21,0,0,0,0,0,0,0,0,0,0,58,8,0,0,0,0,0,0,0,0,0,0,27,39,0,0,0,0,0,0,0,0,0,13,72,17,0,0,0,0,0,0,0,0,0,5,248,53,0,0,0,0,0,0,0,0,0,0,37,0,0,0,forward
0,0,0,0,0,0,0,4,116,0,0,0,0,0,0,0,0,0,0,0,53,45,0,0,0,0,0,0,0,0,0,0,86,0,0,0,0,0,0,0,0,0,0,0,47,0,0,0,0,0,0,0,0,0,0,26,27,0,0,0,0,0,0,0,0,0,0,30,68,7,0,0,0,0,0,0,0,0,0,17,246,44,0,0,0,0,0,0,0,0,0,0,29,0,0,0,forward
0,0,0,0,0,0,0,16,107,0,0,0,0,0,0,0,0,0,0,8,54,27,0,0,0,0,0,0,0,0,0,0,95,0,0,0,0,0,0,0,0,0,0,0,49,0,0,0,0,0,0,0,0,0,0,43,28,0,0,0,0,0,0,0,0,0,0,48,70,7,0,0,0,0,0,0,0,0,0,23,224,36,0,0,0,0,0,0,0,0,0,0,23,0,0,0,forward
0,0,0,0,0,0,0,22,53,0,0,0,0,0,0,0,0,0,0,14,28,0,0,0,0,0,0,0,0,0,0,0,56,0,0,0,0,0,0,0,0,0,0,5,43,0,0,0,0,0,0,0,0,0,0,69,33,0,0,0,0,0,0,0,0,0,0,59,67,0,0,0,0,0,0,0,0,0,0,50,230,20,0,0,0,0,0,0,0,0,0,17,15,0,0,0,forward
0,0,0,0,0,0,0,29,60,0,0,0,0,0,0,0,0,0,0,38,205,81,0,0,0,0,0,0,0,0,0,0,136,14,0,0,0,0,0,0,0,0,0,0,13,0,0,0,0,0,0,0,0,0,0,34,22,0,0,0,0,0,0,0,0,0,0,142,97,0,0,0,0,0,0,0,0,0,0,30,78,19,0,0,0,0,0,0,0,0,0,65,50,0,0,0,forward
0,0,0,0,0,0,0,0,45,0,0,0,0,0,0,0,0,0,0,0,137,98,0,0,0,0,0,0,0,0,0,0,162,62,0,0,0,0,0,0,0,0,0,0,54,0,0,0,0,0,0,0,0,0,0,0,0,0,0,0,0,0,0,0,0,0,0,22,76,0,0,0,0,0,0,0,0,0,0,0,94,59,15,0,0,0,0,0,0,0,0,8,55,0,0,0,forward
0,0,0,0,0,0,0,0,0,0,0,0,0,0,0,0,0,0,0,0,71,78,0,0,0,0,0,0,0,0,0,0,151,72,0,0,0,0,0,0,0,0,0,0,70,0,0,0,0,0,0,0,0,0,0,0,0,0,4,0,0,0,0,0,0,0,0,0,47,0,0,0,0,0,0,0,0,0,0,0,79,61,30,0,0,0,0,0,0,0,0,0,57,0,0,0,forward
0,0,0,0,0,0,0,0,0,0,0,0,0,0,0,0,0,0,0,0,123,105,0,0,0,0,0,0,0,0,0,0,195,81,0,0,0,0,0,0,0,0,0,0,57,0,0,0,0,0,0,0,0,0,0,0,0,0,5,0,0,0,0,0,0,0,0,0,48,0,0,0,0,0,0,0,0,0,0,0,87,65,35,0,0,0,0,0,0,0,0,0,62,0,0,3,forward
0,0,0,0,0,0,0,0,42,31,0,0,0,0,0,0,0,0,0,0,214,107,0,0,0,0,0,0,0,0,0,0,56,11,0,0,0,0,0,0,0,0,0,0,0,0,0,0,0,0,0,0,0,0,0,0,0,0,0,0,0,0,0,0,0,0,0,0,74,0,0,0,0,0,0,0,0,0,0,0,112,86,23,0,0,0,0,0,0,0,0,0,50,0,0,0,forward
0,0,0,0,0,0,0,38,39,13,0,0,0,0,0,0,0,0,0,11,210,88,0,0,0,0,0,0,0,0,0,0,92,5,0,0,0,0,0,0,0,0,0,0,0,0,0,0,0,0,0,0,0,0,0,11,19,0,0,0,0,0,0,0,0,0,0,99,127,21,0,0,0,0,0,0,0,0,0,13,114,75,0,0,0,0,0,0,0,0,0,10,30,0,0,0,forward
0,0,0,0,0,0,0,38,5,0,0,0,0,0,0,0,0,0,0,26,174,72,0,0,0,0,0,0,0,0,0,0,97,7,0,0,0,0,0,0,0,0,0,0,11,0,0,0,0,0,0,0,0,0,0,24,26,0,0,0,0,0,0,0,0,0,0,145,98,0,0,0,0,0,0,0,0,0,0,32,71,0,0,0,0,0,0,0,0,0,0,31,25,0,0,0,forward
0,0,0,0,0,0,0,22,0,0,0,0,0,0,0,0,0,0,0,30,208,88,0,0,0,0,0,0,0,0,0,0,135,27,0,0,0,0,0,0,0,0,0,0,21,0,0,0,0,0,0,0,0,0,0,30,26,0,0,0,0,0,0,5,0,0,0,137,76,0,0,0,0,0,0,0,0,0,0,15,44,0,0,0,0,0,0,0,0,0,0,30,19,0,0,0,forward
0,0,0,0,0,0,0,16,0,0,0,0,0,0,0,0,0,0,0,0,85,23,0,0,0,0,15,0,0,0,0,0,55,0,0,0,0,0,0,0,0,0,0,8,15,0,0,0,0,0,0,0,0,0,0,18,10,0,0,0,0,0,0,32,0,0,0,133,72,0,0,0,0,0,0,0,0,0,0,13,38,0,0,0,0,0,8,0,0,0,0,28,14,0,0,0,forward
0,0,0,0,0,0,0,5,0,0,0,0,0,0,0,0,0,0,0,0,77,21,0,0,0,0,11,0,0,0,0,0,48,0,0,0,0,0,0,0,0,0,0,0,4,0,0,0,0,0,0,0,0,0,0,25,24,0,0,0,0,0,0,0,0,0,0,156,96,0,0,0,0,0,0,0,0,0,0,29,68,0,0,0,0,0,0,0,0,0,0,62,46,0,0,0,forward
0,0,0,0,0,0,31,29,0,0,0,0,0,0,0,0,0,0,17,83,55,0,0,0,0,0,0,0,0,0,0,181,120,0,0,0,0,0,0,0,0,0,0,64,0,0,0,0,0,0,0,0,0,0,0,27,0,0,0,0,0,0,0,0,0,0,0,120,101,0,0,0,0,0,0,0,0,0,0,73,56,0,4,0,0,0,0,0,0,0,0,176,22,0,0,0,forward
0,0,0,0,0,0,38,21,0,0,0,0,0,0,0,0,0,0,27,62,16,0,0,0,0,0,0,0,0,0,7,114,35,0,0,0,0,0,0,0,0,0,8,57,0,0,0,0,0,0,0,0,0,0,19,26,0,0,0,0,0,0,0,0,0,0,41,134,53,0,0,0,0,0,0,0,0,0,0,85,29,0,0,0,0,0,0,0,0,0,0,187,17,0,0,0,forward
0,0,0,0,0,0,41,38,33,0,0,0,0,0,0,0,0,0,20,80,47,0,0,0,0,0,0,0,0,0,0,138,89,0,0,0,0,0,0,0,0,0,0,54,0,0,0,0,0,0,0,0,0,0,0,28,0,0,0,0,0,0,0,0,0,0,0,101,103,0,0,0,0,0,0,0,0,0,0,49,50,0,65,0,0,0,0,0,0,0,0,131,17,0,0,0,forward
0,0,0,0,0,0,14,32,0,0,0,0,0,0,0,0,0,0,0,92,78,0,0,0,0,0,0,0,0,0,0,158,120,0,0,0,0,0,0,0,0,0,0,61,0,0,0,0,0,0,0,0,0,0,0,27,0,0,0,0,0,0,0,0,0,0,0,102,121,0,0,0,0,0,0,0,0,0,0,47,63,0,0,0,0,0,0,0,0,0,0,136,36,0,0,0,forward
0,0,0,0,0,0,21,28,0,0,0,0,0,0,0,0,0,0,16,93,52,0,0,0,0,0,0,0,0,0,0,177,100,0,0,0,0,0,0,0,0,0,0,79,0,0,0,0,0,0,0,0,0,0,0,39,0,0,0,0,0,0,0,0,0,0,0,123,124,0,0,0,0,0,0,0,0,0,0,57,61,0,0,0,0,0,0,0,0,0,0,127,24,0,0,0,forward
0,0,0,0,0,0,0,18,4,0,0,0,0,0,0,0,0,0,0,68,75,0,0,0,0,0,0,0,0,0,0,97,122,0,26,0,0,0,0,0,0,0,0,89,3,0,0,0,0,0,0,0,0,0,0,15,0,0,0,0,0,0,0,0,0,0,0,64,93,0,0,0,0,0,0,0,0,0,0,20,70,0,170,0,0,0,0,0,0,0,0,46,11,0,0,0,forward
0,0,0,0,0,0,0,0,4,0,0,0,0,0,0,0,0,0,0,37,53,0,20,0,0,0,0,0,0,0,0,69,136,0,109,0,0,0,0,0,0,0,0,133,32,0,0,0,0,0,0,0,0,0,0,0,0,0,23,0,0,0,0,0,0,0,0,17,81,0,10,0,0,0,0,0,0,0,0,0,87,0,322,0,0,0,0,0,0,0,0,10,18,0,0,0,forward
0,0,0,0,0,0,0,0,0,0,0,0,0,0,0,0,0,0,0,57,85,0,0,0,0,0,0,0,0,0,0,87,147,0,58,0,0,0,0,0,0,0,0,82,9,0,0,0,0,0,0,0,0,0,0,0,0,0,12,0,0,0,0,0,0,0,0,8,75,0,0,0,0,0,0,0,0,0,0,0,92,0,261,0,0,0,0,0,0,0,0,38,31,0,0,0,forward
0,0,0,0,0,0,0,23,0,0,0,0,0,0,0,0,0,0,0,90,105,0,0,0,0,0,5,0,0,0,0,173,177,0,0,0,0,0,0,0,0,0,0,70,0,0,0,0,0,0,0,0,0,0,0,19,0,0,0,0,0,0,0,0,0,0,0,92,124,0,0,0,0,0,0,0,0,0,0,32,71,0,45,0,0,0,0,0,0,0,0,78,13,0,0,0,forward
0,0,0,0,0,0,0,26,0,0,0,0,0,0,0,0,0,0,0,74,68,0,0,0,0,0,0,0,0,0,0,176,125,0,0,0,0,0,0,0,0,0,0,87,0,0,0,0,0,0,0,0,0,0,0,39,0,0,0,0,0,0,0,0,0,0,0,113,127,0,0,0,0,0,0,0,0,0,0,50,65,0,24,0,0,0,0,0,0,0,0,97,17,0,0,0,forward
0,0,0,0,0,0,0,15,0,0,0,0,0,0,0,0,0,0,7,86,97,0,0,0,0,0,4,0,0,0,0,181,153,0,0,0,0,0,0,0,0,0,0,63,0,0,0,0,0,0,0,0,0,0,0,30,0,0,0,0,0,0,0,0,0,0,0,113,120,0,0,0,0,0,0,0,0,0,0,48,67,0,20,0,0,0,0,0,0,0,0,89,7,0,0,0,forward
0,0,0,0,0,0,0,16,0,0,0,0,0,0,0,0,0,0,0,68,99,0,0,0,0,0,0,0,0,0,0,112,147,0,34,0,0,0,0,0,0,0,0,98,11,0,0,0,0,0,0,0,0,0,0,11,0,0,9,0,0,0,0,0,0,0,0,60,109,0,0,0,0,0,0,0,0,0,0,26,80,0,130,0,0,0,0,0,0,0,0,75,25,0,0,0,forward
0,0,0,0,0,0,0,0,0,0,0,0,0,0,0,0,0,0,0,64,95,0,9,0,0,0,0,0,0,0,0,107,160,0,59,0,0,0,0,0,0,0,0,102,14,0,0,0,0,0,0,0,0,0,0,0,0,0,8,0,0,0,0,0,0,0,0,31,61,0,7,0,0,0,0,0,0,0,0,0,92,0,175,0,0,0,0,0,0,0,0,28,24,0,0,0,forward
0,0,0,0,0,0,0,0,0,0,0,0,68,19,23,0,0,0,0,0,4,0,0,0,0,37,25,0,0,0,0,0,3,0,0,0,0,0,0,0,0,0,0,4,0,0,0,0,0,0,0,0,0,0,0,19,57,0,0,0,0,37,81,14,0,0,0,0,3,0,0,0,0,21,131,14,0,0,0,0,0,0,0,0,0,0,32,0,0,0,0,0,0,0,0,0,backward
0,0,0,0,0,0,0,0,0,0,0,0,262,54,6,0,0,0,0,0,5,0,0,0,35,73,19,0,0,0,0,0,0,0,0,0,0,0,0,0,0,0,0,0,0,0,0,0,0,0,0,0,0,0,0,0,0,0,0,0,0,70,95,0,0,0,0,0,0,0,0,0,0,55,158,0,0,0,0,0,0,0,0,0,0,0,10,0,0,0,0,0,0,0,0,0,backward
0,0,0,0,0,0,0,0,0,0,0,0,219,52,0,0,0,0,0,0,5,0,0,0,67,96,31,0,0,0,0,0,0,0,0,0,26,0,0,0,0,0,0,0,0,0,0,0,0,0,0,0,0,0,0,0,0,0,0,0,0,62,105,0,0,0,0,0,0,0,0,0,0,34,120,0,0,0,0,0,0,0,0,0,0,0,0,0,0,0,0,0,0,0,0,0,backward
0,0,0,0,0,0,0,0,0,0,0,0,158,50,0,0,0,0,0,0,0,0,0,0,37,86,37,0,0,0,0,0,0,0,0,0,24,17,8,0,0,0,0,0,0,0,0,0,0,0,0,0,0,0,0,0,0,0,0,0,0,73,124,0,0,0,0,0,0,0,0,0,0,37,118,0,0,0,0,0,0,0,0,0,0,0,0,0,0,0,0,0,0,0,0,0,backward
0,0,0,0,0,0,0,0,0,0,0,0,90,44,17,0,0,0,0,0,0,0,0,0,0,64,34,0,0,0,0,0,3,0,0,0,0,6,11,0,0,0,0,0,0,0,0,0,0,0,0,0,0,0,0,7,18,0,0,0,0,48,97,4,0,0,0,0,0,0,0,0,0,17,119,0,0,0,0,0,0,0,0,0,0,0,4,0,0,0,0,0,0,0,0,0,backward
0,0,0,0,0,0,0,0,0,0,0,0,52,18,14,0,0,0,0,0,0,0,0,0,0,50,32,0,0,0,6,3,6,0,0,0,0,6,24,0,0,0,0,19,3,0,0,0,0,0,0,0,0,0,0,29,82,0,0,0,7,9,36,0,0,0,0,0,7,0,0,0,0,0,82,0,0,0,0,0,7,0,0,0,0,0,19,0,0,0,0,0,0,0,0,0,backward
0,0,0,0,0,0,0,0,0,0,0,0,58,18,23,0,0,0,0,0,0,0,0,0,0,61,35,0,0,0,0,0,0,0,0,0,0,0,14,0,0,0,0,0,3,0,0,0,0,0,0,0,0,0,0,26,74,0,0,0,7,23,36,0,0,0,0,0,0,0,0,0,0,0,92,0,0,0,0,0,3,0,0,0,0,0,28,0,0,0,0,0,0,0,0,0,backward
0,0,0,0,0,0,0,0,0,0,0,0,101,36,33,0,0,0,0,0,7,0,0,0,0,63,33,0,0,0,0,0,0,0,0,0,0,0,0,0,0,0,0,8,0,0,0,0,0,0,0,0,0,0,0,7,29,0,0,0,0,28,53,0,0,0,0,0,0,0,0,0,0,14,132,6,0,0,0,0,0,0,0,0,0,0,38,0,0,0,0,0,0,0,0,0,backward
0,0,0,0,0,0,0,0,0,0,0,0,90,29,32,0,0,0,0,0,6,0,0,0,0,49,30,0,0,0,3,0,4,0,0,0,0,0,0,0,0,0,0,0,0,0,0,0,0,0,0,0,0,0,0,8,27,0,0,0,0,31,47,0,0,0,0,0,0,0,0,0,0,17,124,8,0,0,0,0,0,0,0,0,0,0,35,0,0,0,0,0,0,0,0,0,backward
0,9,16,42,37,62,40,0,0,0,0,0,0,0,0,0,0,0,50,89,29,0,0,0,0,0,0,0,0,0,0,0,0,0,0,0,0,0,0,0,0,0,0,0,0,0,0,0,0,0,0,0,0,0,0,0,15,0,0,0,0,22,4,0,0,0,0,0,12,0,0,0,0,0,97,0,0,0,0,0,46,0,0,0,0,0,0,0,0,0,0,0,17,0,0,0,strafe_left
0,0,0,32,49,85,59,5,0,0,0,0,0,0,0,0,0,0,77,121,39,0,0,0,0,0,0,0,0,0,0,0,0,0,0,0,0,0,0,0,0,0,0,0,0,0,0,0,0,0,0,0,0,0,0,0,30,0,0,0,0,0,0,0,0,0,0,0,13,0,0,0,0,0,68,0,0,0,0,0,44,0,0,0,0,0,0,0,0,0,0,0,27,0,0,0,strafe_left
0,0,4,37,59,102,74,15,0,0,0,0,0,0,0,0,0,0,80,120,39,0,0,0,0,0,0,0,0,0,0,0,0,0,0,0,0,0,0,0,0,0,0,0,0,0,0,0,0,0,0,0,0,0,0,0,18,0,0,0,0,0,0,0,0,0,0,0,14,0,0,0,0,0,78,0,0,0,0,0,44,0,0,0,0,0,0,0,0,0,0,0,26,0,0,0,strafe_left
0,0,3,0,28,5,0,90,0,0,0,0,0,0,0,0,0,0,28,73,33,0,0,0,0,0,0,0,0,0,0,0,0,0,0,0,0,0,0,0,0,0,0,0,0,0,0,0,0,0,0,0,0,0,0,0,0,0,0,0,0,0,107,0,0,0,0,0,4,31,0,0,0,22,24,0,0,0,0,0,34,0,0,0,0,0,0,0,0,0,0,0,14,0,0,0,strafe_left
0,0,0,0,0,0,0,133,7,0,0,0,0,0,0,0,0,0,49,115,73,0,0,0,0,0,0,0,0,0,0,0,0,0,0,0,0,0,0,0,0,0,0,0,0,0,0,0,0,0,0,0,0,0,0,0,0,0,0,0,0,0,61,0,0,0,0,0,8,34,0,0,0,5,17,0,0,0,0,0,34,0,22,0,0,0,0,0,0,0,0,3,13,0,0,0,strafe_left
0,0,0,0,49,22,0,129,21,0,0,0,0,0,0,0,0,0,29,77,38,0,0,0,0,0,0,0,0,0,0,0,0,0,0,0,0,0,0,0,0,0,0,0,0,0,0,0,0,0,0,0,0,0,0,0,0,0,0,0,0,0,89,0,0,0,0,0,0,18,0,0,0,20,24,0,0,0,0,0,30,0,0,0,0,0,0,0,0,0,0,0,21,0,0,0,strafe_left
4,0,8,9,101,34,4,113,0,0,0,0,0,0,0,0,0,0,23,70,0,0,0,0,0,0,0,0,0,0,0,0,0,0,0,0,0,0,0,0,0,0,0,0,0,0,0,0,0,0,0,0,0,0,0,0,0,0,0,0,0,0,117,0,0,0,0,0,0,5,0,0,0,29,27,0,0,0,0,0,16,0,0,0,0,0,0,0,0,0,0,0,11,0,0,0,strafe_left
28,35,20,11,85,16,0,95,0,0,0,0,0,0,3,0,0,0,11,42,0,0,0,0,0,0,0,0,0,0,0,0,0,0,0,0,0,0,0,0,0,0,0,0,0,0,0,0,0,0,0,0,0,0,0,0,0,0,0,0,0,3,133,0,0,0,0,0,0,0,0,0,0,31,33,0,0,0,0,0,15,0,0,0,0,4,8,0,0,0,0,0,10,0,0,0,strafe_left
0,0,0,0,63,28,0,84,0,0,0,0,0,0,0,0,0,0,42,90,10,0,0,0,0,0,0,0,0,0,0,0,0,0,0,0,0,0,0,0,0,0,0,0,0,0,0,0,0,0,0,0,0,0,0,0,0,0,0,0,0,0,52,0,0,0,0,0,0,8,0,0,0,3,20,0,0,0,0,0,34,0,0,0,0,0,0,0,0,0,0,0,32,0,0,0,strafe_left
0,0,8,7,96,36,6,169,0,0,0,0,0,0,0,0,0,0,21,60,0,0,0,0,0,0,0,0,0,0,0,0,0,0,0,0,0,0,0,0,0,0,0,0,0,0,0,0,0,0,0,0,0,0,0,0,0,0,0,0,0,0,51,0,0,0,0,0,0,11,0,0,0,0,12,0,0,0,0,0,36,0,0,0,0,0,0,0,0,0,0,0,24,0,0,0,strafe_left
0,0,0,0,74,34,4,202,0,0,0,0,0,0,0,0,0,0,38,100,5,0,0,0,0,0,0,0,0,0,0,0,0,0,0,0,0,0,0,0,0,0,0,0,0,0,0,0,0,0,0,0,0,0,0,0,0,0,0,0,0,0,25,0,0,0,0,0,0,21,0,0,0,0,10,0,0,0,0,0,43,0,16,0,0,0,0,0,0,0,0,3,30,0,0,0,strafe_left
4,0,9,8,111,32,6,147,0,0,0,0,0,0,0,0,0,0,20,61,0,0,0,0,0,0,0,0,0,0,0,0,0,0,0,0,0,0,0,0,0,0,0,0,0,0,0,0,0,0,0,0,0,0,0,0,0,0,0,0,0,0,91,0,0,0,0,0,0,0,0,0,0,14,17,0,0,0,0,0,11,0,0,0,0,0,0,0,0,0,0,0,12,0,0,0,strafe_left
14,0,7,4,84,33,0,135,0,0,0,0,0,0,0,0,0,0,31,58,0,0,0,0,0,0,0,0,0,0,0,0,0,0,0,0,0,0,0,0,0,0,0,0,0,0,0,0,0,0,0,0,0,0,0,0,0,0,0,0,0,0,87,0,0,0,0,0,0,9,0,0,0,16,20,0,0,0,0,0,17,0,0,0,0,0,0,0,0,0,0,0,25,0,0,0,strafe_left
0,0,3,0,93,39,0,176,0,0,0,0,0,0,0,0,0,0,31,80,4,0,0,0,0,0,0,0,0,0,0,0,0,0,0,0,0,0,0,0,0,0,0,0,0,0,0,0,0,0,0,0,0,0,0,0,0,0,0,0,0,0,98,0,0,0,0,0,0,7,0,0,0,21,25,0,0,0,0,0,19,0,0,0,0,0,6,0,0,0,0,0,30,0,0,0,strafe_left
0,0,49,32,31,29,16,377,54,0,0,0,0,9,25,0,0,0,0,0,0,0,0,0,0,0,0,0,0,0,0,0,0,0,0,0,0,0,0,0,0,0,0,0,0,0,0,0,0,0,0,0,0,0,0,0,0,0,0,0,0,0,45,0,0,0,0,0,0,6,0,0,0,0,13,0,0,0,0,0,36,0,13,0,0,0,0,0,0,0,0,4,46,0,0,0,strafe_left
0,0,0,0,4,26,21,446,83,0,0,0,0,0,0,0,0,0,0,0,0,0,0,0,0,0,0,0,0,0,0,0,10,0,0,0,0,0,0,0,0,0,0,0,0,0,0,0,0,0,0,0,0,0,0,0,0,0,0,0,0,0,68,0,0,0,0,0,0,0,0,0,0,0,19,0,0,0,0,0,17,0,4,0,0,0,9,0,0,0,0,0,58,0,0,0,strafe_left
0,0,38,23,21,22,16,326,18,0,0,0,0,0,17,0,0,0,0,0,0,0,0,0,0,0,0,0,0,0,0,0,0,0,0,0,0,0,0,0,0,0,0,0,0,0,0,0,0,0,0,0,0,0,0,0,0,0,0,0,0,0,97,0,0,0,0,0,0,0,0,0,0,22,30,0,0,0,0,0,10,0,0,0,0,10,19,0,0,0,0,0,27,0,0,0,strafe_left
0,42,62,23,0,0,0,274,0,0,0,0,0,28,38,0,0,0,0,0,0,0,0,0,0,0,0,0,0,0,0,0,0,0,0,0,0,0,0,0,0,0,0,0,0,0,0,0,0,0,0,0,0,0,0,0,0,0,0,0,0,0,104,0,0,0,0,0,0,0,0,0,0,33,37,0,0,0,0,0,0,0,0,0,0,14,18,0,0,0,0,0,22,0,0,0,strafe_left
0,40,60,23,4,3,0,282,0,0,0,0,0,26,37,0,0,0,0,0,0,0,0,0,0,0,0,0,0,0,0,0,0,0,0,0,0,0,0,0,0,0,0,0,0,0,0,0,0,0,0,0,0,0,0,0,0,0,0,0,0,0,107,0,0,0,0,0,0,0,0,0,0,27,32,0,0,0,0,0,0,0,0,0,0,7,18,0,0,0,0,0,25,0,0,0,strafe_left
0,14,53,25,16,17,6,304,0,0,0,0,0,0,21,0,0,0,0,0,0,0,0,0,0,0,0,0,0,0,0,0,5,0,0,0,0,0,0,0,0,0,0,0,0,0,0,0,0,0,0,0,0,0,0,0,0,0,0,0,0,0,96,0,0,0,0,0,0,0,0,0,0,12,25,0,0,0,0,0,14,0,0,0,0,0,19,0,0,0,0,0,45,0,0,0,strafe_left
0,0,35,20,22,24,8,324,0,0,0,0,0,0,12,0,0,0,0,0,0,0,0,0,0,0,0,0,0,0,0,0,9,0,0,0,0,0,0,0,0,0,0,0,0,0,0,0,0,0,0,0,0,0,0,0,0,0,0,0,0,0,97,0,0,0,0,0,0,0,0,0,0,13,23,0,0,0,0,0,12,0,0,0,0,0,15,0,0,0,0,0,39,0,0,0,strafe_left
0,46,67,29,3,4,0,264,0,0,0,0,0,35,40,0,0,0,0,0,0,0,0,0,0,0,0,0,0,0,0,0,0,0,0,0,0,0,0,0,0,0,0,0,0,0,0,0,0,0,0,0,0,0,0,0,0,0,0,0,0,0,105,0,0,0,0,0,0,0,0,0,0,25,30,0,0,0,0,0,3,0,0,0,0,10,22,0,0,0,0,0,27,0,0,0,strafe_left
0,45,59,28,18,18,0,223,0,0,0,0,0,8,14,0,0,0,0,0,0,0,0,0,0,0,0,0,0,0,0,0,11,0,0,0,0,0,0,0,0,0,0,0,0,0,0,0,0,0,0,0,0,0,0,0,0,0,0,0,0,0,131,0,0,0,0,0,0,0,0,0,0,23,28,0,0,0,0,0,13,0,0,0,0,0,0,0,0,0,0,0,17,0,0,0,strafe_left
0,0,0,0,0,0,0,0,0,0,0,0,0,0,0,0,0,0,0,0,0,0,0,0,0,0,10,0,0,0,0,0,29,0,0,0,0,0,0,0,0,0,0,72,410,6,0,0,0,0,0,0,0,8,40,163,199,0,0,0,0,0,7,0,0,0,0,30,0,0,0,0,0,0,0,0,0,0,0,0,0,0,0,0,0,0,0,0,0,0,0,0,0,0,0,0,strafe_right
0,0,0,0,0,0,0,0,0,0,0,0,0,0,0,0,0,0,0,0,10,0,0,0,0,0,0,0,0,0,0,0,50,0,0,0,0,0,0,0,0,0,0,78,363,5,0,0,0,0,0,0,0,0,31,165,209,0,0,0,0,0,3,0,0,0,0,41,6,0,0,0,0,0,0,0,0,0,0,0,0,0,0,0,0,0,0,0,0,0,0,0,0,0,0,0,strafe_right
0,18,0,0,0,0,0,0,0,0,0,0,0,147,65,0,0,0,0,0,0,0,0,0,0,66,48,0,0,0,0,0,16,0,0,0,0,0,0,0,0,0,0,23,84,0,0,0,0,113,49,22,8,0,25,113,83,0,0,0,0,56,92,0,0,0,0,11,0,0,0,0,0,0,8,0,0,0,0,0,0,0,0,0,0,0,0,0,0,0,0,0,0,0,0,0,strafe_right
0,0,0,0,0,0,0,0,0,0,0,0,0,32,21,0,0,0,0,0,6,0,0,0,0,0,17,0,0,0,0,0,33,0,0,0,0,0,0,0,0,0,0,67,270,0,0,0,0,0,0,0,0,7,36,142,156,0,0,0,0,0,34,0,0,0,0,33,0,0,0,0,0,0,18,0,0,0,0,0,0,0,0,0,0,0,0,0,0,0,0,0,0,0,0,0,strafe_right
0,0,0,0,0,0,0,0,0,0,0,0,0,3,7,0,0,0,0,0,5,0,0,0,0,0,14,0,0,0,0,7,43,0,0,0,0,0,0,0,0,0,0,71,295,0,0,0,0,0,0,0,0,6,37,159,187,0,0,0,0,0,14,0,0,0,0,38,0,0,0,0,0,0,3,0,0,0,0,0,0,0,0,0,0,0,0,0,0,0,0,0,0,0,0,0,strafe_right
0,0,0,0,0,0,0,0,0,0,0,0,0,36,20,0,0,0,0,0,7,0,0,0,0,0,19,0,0,0,0,6,41,0,0,0,0,0,0,0,0,0,0,73,256,0,0,0,0,0,0,0,0,8,39,159,193,0,0,0,0,0,18,0,0,0,0,34,0,0,0,0,0,0,0,0,0,0,0,0,0,0,0,0,0,0,0,0,0,0,0,0,0,0,0,0,strafe_right
0,0,0,0,0,0,0,0,0,0,0,0,0,0,0,0,0,0,0,0,15,0,0,0,0,0,3,0,0,0,0,13,52,0,0,0,0,0,0,0,0,0,0,83,293,0,0,0,0,0,0,0,0,6,30,145,186,0,0,0,0,0,19,0,0,0,0,38,10,0,0,0,0,0,8,0,0,0,0,0,0,0,0,0,0,0,0,0,0,0,0,0,0,0,0,0,strafe_right
0,0,0,0,0,0,0,0,0,0,0,0,0,0,0,0,0,0,0,0,17,0,0,0,0,0,0,0,0,0,0,15,57,0,0,0,0,0,0,0,0,0,0,82,299,0,0,0,0,0,0,0,0,0,34,167,218,0,0,0,0,0,8,0,0,0,0,52,24,0,0,0,0,0,0,0,0,0,0,0,0,0,0,0,0,0,0,0,0,0,0,0,0,0,0,0,strafe_right
0,0,0,0,0,0,0,0,0,0,0,0,0,51,27,0,0,0,0,0,7,0,0,0,0,6,19,0,0,0,0,0,34,0,0,0,0,0,0,0,0,0,0,68,234,0,0,0,0,55,23,7,0,0,22,101,105,0,0,0,0,56,95,7,0,0,0,37,0,0,0,0,0,0,11,0,0,0,0,0,0,0,0,0,0,0,0,0,0,0,0,0,0,0,0,0,strafe_right
0,0,0,0,0,0,0,0,0,0,0,0,0,12,8,0,0,0,0,0,15,0,0,0,0,0,16,0,0,0,0,9,51,0,0,0,0,0,0,0,0,0,0,78,297,0,0,0,0,12,8,0,4,8,34,131,157,0,0,0,0,16,58,0,0,0,0,41,0,0,0,0,0,0,9,0,0,0,0,0,0,0,0,0,0,0,0,0,0,0,0,0,0,0,0,0,strafe_right
0,0,0,0,0,0,0,0,0,0,0,0,0,24,16,0,0,0,0,0,21,0,0,0,0,0,13,0,0,0,0,10,51,0,0,0,0,0,0,0,0,0,0,74,279,0,0,0,0,0,0,0,0,11,37,148,187,0,0,0,0,0,23,0,0,0,0,42,11,0,0,0,0,0,5,0,0,0,0,0,0,0,0,0,0,0,0,0,0,0,0,0,0,0,0,0,strafe_right
0,0,0,0,0,0,0,0,0,0,0,0,0,0,4,0,0,0,0,0,24,0,0,0,0,0,0,0,0,0,0,18,58,0,0,0,0,0,0,0,0,0,0,72,201,0,0,0,0,0,0,0,0,8,39,164,209,0,0,0,0,0,18,0,0,0,0,49,21,0,0,0,0,0,0,0,0,0,0,0,0,0,0,0,0,0,0,0,0,0,0,0,0,0,0,0,strafe_right
0,0,0,0,0,0,0,13,0,0,0,0,0,0,0,0,0,0,0,8,42,0,0,0,0,0,0,0,0,0,0,20,73,0,0,0,0,0,0,0,0,0,0,62,248,0,0,0,0,0,0,0,0,0,27,142,205,0,0,0,0,0,8,0,0,0,0,57,37,0,0,0,0,0,0,0,0,0,0,0,0,0,0,0,0,0,0,0,0,0,0,0,0,0,0,0,strafe_right
0,0,0,0,0,0,0,0,0,0,0,0,0,93,41,0,0,0,0,0,0,0,0,0,0,22,32,0,0,0,0,0,29,0,0,0,0,0,0,0,0,0,0,49,190,0,0,0,0,0,0,0,0,0,22,120,160,0,0,0,0,20,65,16,0,20,0,62,31,0,0,0,0,0,0,0,0,0,0,0,0,0,0,0,0,0,0,0,0,0,0,0,0,0,0,0,strafe_right
0,0,0,0,0,0,0,0,0,0,0,0,0,91,43,0,0,0,0,0,4,0,0,0,0,28,32,0,0,0,0,0,33,0,0,0,0,0,0,0,0,0,0,47,179,0,0,0,0,0,5,0,0,0,23,113,155,0,0,0,0,31,75,17,0,17,0,56,23,0,0,0,0,0,0,0,0,0,0,0,0,0,0,0,0,0,0,0,0,0,0,0,0,0,0,0,strafe_right
0,61,48,0,5,7,28,109,35,0,0,0,0,10,4,0,0,0,0,11,4,0,0,0,0,0,0,0,0,0,0,0,0,0,0,0,0,0,0,0,0,0,0,0,14,0,0,0,0,0,0,0,0,0,0,0,0,0,0,0,0,12,43,0,0,0,0,17,0,0,0,0,0,13,32,0,0,0,0,0,18,0,0,0,0,0,0,0,0,0,0,49,32,0,38,0,strafe_left
0,0,6,0,0,3,30,137,45,0,0,0,0,0,0,0,0,0,0,23,22,0,0,0,0,0,0,0,0,0,0,0,0,0,0,0,0,0,0,0,0,0,0,0,8,0,0,0,0,0,0,0,0,0,0,0,0,0,0,0,0,0,13,0,0,0,0,11,0,0,0,0,0,0,16,0,0,0,0,0,30,0,0,0,0,0,0,0,0,0,0,66,38,0,3,0,strafe_left
0,85,69,0,5,5,25,103,27,0,0,0,0,35,16,0,0,0,0,10,0,0,0,0,0,0,0,0,0,0,0,0,0,0,0,0,0,0,0,0,0,0,0,0,0,0,0,0,0,0,0,0,0,0,0,0,0,0,0,0,0,3,32,0,0,0,0,17,0,0,0,0,0,5,23,0,0,0,0,0,25,0,0,0,0,0,0,0,0,0,0,50,27,0,0,0,strafe_left
0,56,60,0,12,16,39,126,37,0,0,0,0,15,5,0,0,0,0,19,0,0,0,0,0,0,0,0,0,0,0,0,0,0,0,0,0,0,0,0,0,0,0,0,0,0,0,0,0,0,0,0,0,0,0,0,0,0,0,0,0,3,33,0,0,0,0,20,3,0,0,0,0,0,20,0,0,0,0,0,24,0,0,0,0,0,0,0,0,0,0,55,33,0,0,0,strafe_left
0,0,3,0,0,0,25,138,48,0,0,0,0,0,0,0,0,0,0,26,26,0,0,0,0,0,0,0,0,0,0,0,6,0,0,0,0,0,0,0,0,0,0,0,5,0,0,0,0,0,0,0,0,0,0,0,0,0,0,0,0,0,13,0,0,0,0,19,10,9,0,0,0,0,10,0,0,0,0,4,37,0,0,0,0,0,0,0,0,0,0,61,38,0,0,0,strafe_left
0,70,62,5,13,11,36,119,35,0,0,0,0,18,11,0,0,0,0,8,0,0,0,0,0,0,0,0,0,0,0,0,0,0,0,0,0,0,0,0,0,0,0,0,0,0,0,0,0,0,0,0,0,0,0,0,0,0,0,0,0,7,40,0,0,0,0,14,0,0,0,0,0,12,28,0,0,0,0,0,17,0,0,0,3,0,0,0,0,0,0,37,26,0,0,0,strafe_left
0,0,0,0,0,0,0,8,0,0,0,0,5,101,53,0,0,0,0,25,33,0,0,0,0,25,31,0,0,0,0,6,35,0,0,0,0,0,0,0,0,0,0,29,105,0,0,0,0,0,14,0,0,0,0,58,43,0,0,0,0,16,0,0,0,0,0,29,22,0,0,0,0,0,18,0,0,0,0,6,21,0,0,0,0,0,0,0,0,0,0,36,0,0,0,0,none
0,0,0,0,0,0,0,0,6,0,0,0,0,0,35,0,0,0,0,10,0,0,0,0,0,0,26,0,0,0,0,0,45,0,0,0,0,0,0,0,0,0,0,41,21,0,0,0,0,0,4,0,0,0,0,44,37,0,0,0,0,8,0,0,0,0,0,29,23,0,0,0,0,0,8,0,0,0,0,10,23,0,0,0,0,0,0,0,0,0,0,41,5,0,0,0,none
0,0,0,0,0,0,0,11,12,0,0,0,0,0,35,0,0,0,0,7,0,0,0,0,0,0,12,0,0,0,0,0,22,0,0,0,0,0,0,0,0,0,0,20,0,0,0,0,0,0,0,0,0,0,0,50,42,0,0,0,4,10,0,0,0,0,0,26,17,0,0,0,0,0,6,0,0,0,0,7,15,0,0,0,0,0,0,0,0,0,0,39,0,0,0,0,none
0,0,0,0,0,0,0,0,0,0,0,0,0,8,51,0,0,0,0,6,0,0,0,0,0,13,29,0,0,0,0,0,33,0,0,0,0,0,0,0,0,0,0,29,0,0,0,0,0,0,27,0,0,0,0,53,40,0,0,0,12,19,0,0,0,0,0,20,10,0,0,0,0,0,15,0,0,0,0,3,11,0,0,0,0,0,0,0,0,0,0,34,0,0,0,0,none
0,0,0,0,0,0,0,0,0,0,0,0,0,3,48,0,0,0,0,6,0,0,0,0,0,12,29,0,0,0,0,0,31,0,0,0,0,0,0,0,0,0,0,31,0,0,0,0,0,0,0,0,0,0,0,52,47,0,0,0,5,7,0,0,0,0,0,29,22,0,0,0,0,0,0,0,0,0,0,8,21,0,0,0,0,0,0,0,0,0,0,53,6,0,0,0,none
0,0,0,0,0,0,0,4,0,0,0,0,0,10,56,0,0,0,0,10,0,0,0,0,0,14,32,0,0,0,0,0,29,0,0,0,0,0,0,0,0,0,0,33,3,0,0,0,0,0,0,0,0,0,0,46,37,0,0,0,0,5,0,0,0,0,0,28,22,0,0,0,0,0,0,0,0,0,0,11,24,0,0,0,0,0,0,0,0,0,0,56,11,0,0,0,none
0,0,0,0,0,0,0,0,0,0,0,0,0,11,57,0,0,0,0,8,0,0,0,0,0,17,34,0,0,0,0,0,33,0,0,0,0,0,0,0,0,0,0,33,0,0,0,0,0,0,20,0,0,0,0,49,36,0,0,0,0,10,0,0,0,0,0,22,15,0,0,0,0,0,12,0,0,0,0,5,17,0,0,0,0,0,0,0,0,0,0,40,0,0,0,0,none
6,0,0,0,0,0,0,5,4,0,0,0,5,24,70,0,0,0,0,10,0,0,0,0,0,28,41,0,0,0,0,0,33,0,0,0,0,0,0,0,0,0,0,31,4,0,0,0,0,0,38,0,0,0,0,47,28,0,0,0,4,17,0,0,0,0,0,13,0,0,0,0,0,0,17,0,0,0,0,0,7,0,0,0,0,0,0,0,0,0,0,31,0,0,0,0,none
20,24,4,0,0,0,0,11,11,0,0,0,16,31,77,0,0,0,0,10,0,0,0,0,0,42,53,0,0,0,0,0,33,0,0,0,0,0,0,0,0,0,0,36,11,0,0,0,0,0,35,0,0,0,0,50,34,0,0,0,4,23,0,0,0,0,0,20,5,0,0,0,0,0,17,0,0,0,0,0,6,0,0,0,0,0,0,0,0,0,0,27,0,0,0,0,none
21,33,10,0,0,4,0,12,15,0,0,0,14,37,78,0,0,0,0,10,0,0,0,0,0,45,55,0,0,0,0,0,44,0,0,0,0,0,0,0,0,0,0,35,17,0,0,0,0,0,37,0,0,0,0,55,44,0,0,0,8,19,0,0,0,0,0,21,13,0,0,0,0,0,15,0,0,0,0,0,9,0,0,0,0,0,0,0,0,0,0,39,0,0,0,0,none
0,168,246,91,0,0,0,10,54,10,0,0,0,417,290,155,47,0,0,0,69,44,0,0,0,133,161,69,0,0,0,0,55,6,0,0,0,0,0,0,0,0,0,0,76,0,0,0,156,540,465,152,0,0,0,71,66,0,0,0,3,532,336,156,0,0,3,52,99,112,0,0,0,226,201,65,0,0,0,30,54,0,0,0,0,0,0,0,0,0,0,0,29,0,0,0,backward
0,198,291,118,0,0,0,18,64,18,0,0,0,462,311,166,58,0,0,0,64,38,0,0,0,151,171,75,0,0,0,0,62,12,0,0,0,0,0,0,0,0,0,0,72,0,0,0,147,540,460,159,0,0,4,79,75,0,0,0,3,529,336,164,0,0,10,57,108,122,0,0,0,217,200,69,0,0,0,32,58,0,0,0,0,0,0,0,0,0,0,0,32,0,0,0,backward
0,198,286,122,0,11,0,28,69,38,0,0,0,410,286,164,58,0,0,0,71,47,0,0,0,90,145,66,0,0,0,0,61,12,0,0,0,0,0,0,0,0,0,0,71,0,0,0,118,500,427,116,0,0,3,66,58,0,0,0,3,525,325,141,0,0,6,54,103,125,0,0,0,228,196,67,0,0,0,32,53,0,0,0,0,0,0,0,0,0,0,0,73,0,0,0,backward
0,178,269,121,0,0,0,17,56,29,0,0,0,381,281,166,80,0,0,5,96,73,0,0,0,74,139,67,0,0,0,0,58,8,0,0,0,0,0,0,0,0,0,0,73,0,0,0,88,496,429,66,0,0,0,50,41,0,0,0,6,537,326,130,0,0,0,43,89,100,0,0,0,266,220,85,0,0,0,34,63,5,0,0,0,0,3,0,0,0,0,5,107,0,0,0,backward
0,193,268,125,0,6,0,17,48,21,0,0,0,369,273,159,74,0,0,0,94,63,0,0,0,59,131,66,0,0,0,0,77,17,0,0,0,0,0,0,0,0,0,0,82,0,0,0,119,513,445,70,0,0,6,64,55,0,0,0,22,551,337,137,0,0,0,45,86,86,0,0,0,279,221,74,0,0,0,25,48,0,0,0,0,0,0,0,0,0,0,0,74,0,0,0,backward
0,267,322,175,24,23,0,34,106,65,0,0,0,448,304,177,95,0,0,0,104,79,0,0,0,69,144,71,0,0,0,0,83,19,0,0,0,0,0,0,0,0,0,0,67,0,0,0,124,457,399,49,0,0,10,58,48,0,0,0,30,514,296,111,0,0,0,39,67,35,0,0,0,274,204,57,0,0,0,19,32,0,0,0,0,0,0,0,0,0,0,0,35,0,0,0,backward
0,308,356,201,52,32,0,47,119,73,0,0,0,478,326,199,101,0,0,15,114,68,0,0,0,18,111,31,0,0,0,0,59,0,0,0,0,0,0,0,0,0,0,0,26,0,0,0,163,505,424,30,0,0,13,56,43,0,0,0,41,532,309,107,0,0,0,33,57,4,0,0,0,299,228,67,0,0,0,22,33,0,0,0,0,0,0,0,0,0,0,0,25,0,0,0,backward
0,417,424,283,122,84,37,95,172,114,0,0,0,474,360,224,119,0,0,10,112,47,0,0,0,0,83,0,0,0,0,0,38,0,0,0,0,0,0,0,0,0,0,0,0,0,0,0,14,243,215,0,0,0,0,10,0,0,0,0,39,378,221,37,0,0,0,9,33,0,0,0,0,282,199,35,0,0,0,10,23,0,0,0,0,0,0,0,0,0,0,0,75,0,0,0,backward
0,465,477,266,51,26,0,43,126,58,0,0,0,572,437,271,140,0,0,25,138,95,0,0,0,108,202,113,0,0,0,0,82,16,0,0,0,0,0,0,0,0,0,0,62,0,0,0,34,309,271,0,0,0,0,27,10,0,0,0,20,346,199,40,0,0,0,7,34,0,0,0,0,194,154,14,0,0,0,13,26,0,0,0,0,0,0,0,0,0,0,0,34,0,0,0,backward
0,460,490,248,54,39,0,58,104,61,0,0,0,578,432,262,123,0,0,16,126,88,0,0,0,142,222,125,0,0,0,0,112,33,0,0,0,0,0,0,0,0,0,0,155,0,0,0,62,299,267,0,0,0,3,40,22,0,0,0,22,336,195,50,0,0,0,18,41,0,0,0,0,151,123,0,0,0,0,6,16,0,0,0,0,0,0,0,0,0,0,0,0,0,0,0,backward
0,457,486,239,34,32,0,43,98,44,0,0,0,590,426,263,121,0,0,12,116,84,0,0,0,183,232,120,0,0,0,0,86,25,0,0,0,0,0,0,0,0,0,0,89,0,0,0,96,318,297,6,0,0,8,48,30,0,0,0,21,361,214,60,0,0,0,20,41,6,0,0,0,200,156,3,0,0,0,8,20,0,0,0,0,0,0,0,0,0,0,0,3,0,0,0,backward
0,503,515,258,36,28,0,48,102,53,0,0,0,611,444,272,131,0,0,24,122,88,0,0,0,197,249,130,0,0,0,0,83,18,0,0,0,0,0,0,0,0,0,0,60,0,0,0,84,300,285,0,0,0,0,31,15,0,0,0,22,356,209,53,0,0,0,17,42,9,0,0,0,212,164,16,0,0,0,11,24,0,0,0,0,0,0,0,0,0,0,0,4,0,0,0,backward
0,529,536,263,36,29,0,50,101,48,0,0,0,635,459,293,137,0,0,34,125,84,0,0,0,217,259,128,0,0,0,0,79,7,0,0,0,0,0,0,0,0,0,0,59,0,0,0,99,324,299,11,0,0,0,47,30,0,0,0,20,359,206,59,0,0,0,19,44,7,0,0,0,173,143,0,0,0,0,6,21,0,0,0,0,0,0,0,0,0,0,0,0,0,0,0,backward
0,512,507,219,10,13,0,36,74,17,0,0,0,673,470,290,118,0,0,16,106,73,0,0,0,260,293,150,0,0,0,0,85,23,0,0,0,0,0,0,0,0,0,0,68,0,0,0,186,374,333,77,0,0,0,52,32,0,0,0,16,397,240,70,0,0,0,17,36,0,0,0,0,185,154,0,0,0,0,0,10,0,0,0,0,0,0,0,0,0,0,0,0,0,0,0,backward
0,493,488,193,0,0,0,33,72,12,0,0,0,692,479,285,116,0,0,22,113,73,0,0,0,272,292,146,0,0,0,0,76,8,0,0,0,0,0,0,0,0,0,0,84,0,0,0,198,399,361,118,0,0,0,67,45,0,0,0,8,389,236,67,0,0,0,17,38,0,0,0,0,116,115,0,0,0,0,0,0,0,0,0,0,0,0,0,0,0,0,0,0,0,0,0,backward
0,517,512,202,0,17,0,40,76,15,0,0,0,691,478,276,96,0,0,0,94,52,0,0,0,269,292,147,0,0,0,0,77,12,0,0,0,0,0,0,0,0,0,0,73,0,0,0,200,409,376,135,0,0,0,70,53,0,0,0,12,385,235,71,0,0,0,17,35,0,0,0,0,113,116,0,0,0,0,0,0,0,0,0,0,0,0,0,0,0,0,0,0,0,0,0,backward
0,531,526,210,0,0,0,28,62,0,0,0,0,719,494,290,108,0,0,9,95,53,0,0,0,300,319,161,0,0,0,0,76,10,0,0,0,0,0,0,0,0,0,0,48,0,0,0,191,402,374,136,0,0,0,75,53,0,0,0,11,363,215,63,0,0,0,13,31,0,0,0,0,112,118,0,0,0,0,0,0,0,0,0,0,0,0,0,0,0,0,0,0,0,0,0,backward
0,504,519,184,0,0,0,26,64,4,0,0,0,726,500,283,97,0,0,8,91,61,0,0,0,350,353,180,3,0,0,0,81,22,0,0,0,0,0,0,0,0,0,0,71,0,0,0,149,363,346,78,0,0,0,55,31,0,0,0,20,381,229,68,0,0,0,15,37,0,0,0,0,186,156,0,0,0,0,0,9,0,0,0,0,0,0,0,0,0,0,0,0,0,0,0,backward
0,333,397,117,0,0,0,12,56,0,0,0,0,729,477,228,44,0,0,0,68,43,0,0,0,460,405,192,22,0,0,0,107,47,0,0,0,0,30,8,0,0,0,0,239,13,0,0,152,385,362,107,0,0,0,57,43,0,0,0,3,375,224,78,0,0,0,38,62,43,0,0,0,171,155,8,0,0,0,18,28,0,0,0,0,0,0,0,0,0,0,0,0,0,0,0,backward
100,0,0,0,0,0,38,173,5,0,0,0,620,279,235,34,0,0,43,58,49,0,0,0,677,392,289,0,0,0,0,38,43,0,0,0,615,262,16,0,0,0,0,30,0,0,0,0,562,202,22,0,0,0,63,42,0,0,0,0,515,496,47,0,0,0,94,148,28,0,0,0,0,0,0,0,0,0,59,49,0,0,0,0,0,0,0,0,0,0,0,0,0,0,0,0,backward
92,0,0,0,0,0,45,201,9,0,0,0,592,269,220,30,0,0,57,75,50,0,0,0,670,420,296,0,0,0,21,68,54,0,0,0,665,293,35,0,0,0,6,65,0,0,0,0,530,140,0,0,0,0,41,28,0,0,0,0,498,203,85,0,0,0,17,147,53,0,0,0,223,512,117,0,0,0,0,87,34,0,0,0,0,0,0,0,0,0,23,85,0,0,0,0,backward
220,30,0,0,0,0,43,139,0,0,0,0,821,369,283,29,0,0,45,46,33,0,0,0,796,492,323,0,0,0,0,42,41,0,0,0,725,284,22,0,0,0,0,0,0,0,0,0,554,125,0,0,0,0,26,8,0,0,0,0,532,224,84,0,0,0,7,119,34,0,0,0,288,588,134,0,0,0,0,81,32,0,0,0,0,0,0,0,0,0,15,56,0,0,0,0,backward
147,0,0,0,0,0,34,95,0,0,0,0,770,366,218,0,0,0,38,22,21,0,0,0,864,545,323,0,0,0,0,40,42,0,0,0,857,370,53,0,0,0,0,16,0,0,0,0,631,168,6,0,0,0,28,8,0,0,0,0,599,231,88,0,0,0,8,96,19,0,0,0,257,563,113,0,0,0,0,55,13,0,0,0,0,0,0,0,0,0,0,28,0,0,0,0,backward
29,0,0,0,0,0,25,108,0,0,0,0,538,242,142,0,0,0,20,23,27,0,0,0,758,467,309,0,0,0,0,56,63,0,0,0,831,414,94,0,0,0,12,63,0,0,0,0,651,176,5,0,0,0,30,15,0,0,0,0,611,244,96,0,0,0,22,145,51,0,0,0,274,601,139,0,0,0,0,91,34,0,0,0,0,0,0,0,0,0,31,73,0,0,0,0,backward
28,0,0,0,0,0,28,130,0,0,0,0,466,193,138,0,0,0,20,36,34,0,0,0,598,382,276,0,0,0,10,64,75,0,0,0,628,333,82,0,0,0,20,81,0,0,0,0,662,190,23,0,0,0,46,29,0,0,0,0,617,275,112,0,0,0,39,218,85,0,0,0,316,639,162,0,0,0,23,130,54,0,0,0,0,0,0,0,0,0,41,108,0,0,0,0,backward
73,0,0,0,0,0,58,260,39,0,0,0,473,249,221,48,0,0,48,88,62,0,0,0,600,408,332,37,0,0,32,101,111,0,0,0,584,303,93,0,0,0,6,79,0,0,0,0,514,151,18,0,0,0,47,35,0,0,0,0,361,169,80,0,0,0,33,231,92,0,0,0,113,455,116,0,0,0,13,131,48,0,0,0,0,0,0,0,0,0,45,110,0,0,0,0,backward
3,0,92,77,0,0,0,37,40,33,0,0,0,0,295,266,197,0,0,0,19,74,112,0,0,0,492,334,75,0,0,0,0,91,0,0,0,0,331,244,30,0,0,0,0,0,0,0,0,0,0,0,0,0,0,0,31,57,0,0,0,0,315,630,221,33,43,0,48,67,171,0,0,0,251,167,144,0,0,0,0,28,0,0,0,0,215,249,59,0,0,0,0,0,0,0,backward
0,0,113,92,0,0,0,28,29,28,0,0,0,0,327,308,242,21,0,0,38,99,124,0,0,0,556,396,105,0,0,0,22,116,0,0,0,3,374,284,42,0,0,0,0,0,0,0,0,0,0,8,0,0,5,0,42,66,0,0,0,0,280,565,235,60,60,0,41,60,77,0,0,0,221,126,118,0,0,0,0,16,0,0,0,0,140,141,0,0,0,0,0,0,0,0,backward
0,0,70,35,0,0,0,33,24,22,0,0,0,0,288,249,155,0,0,0,37,79,82,0,0,0,521,339,70,0,0,0,14,97,0,0,0,17,359,264,33,0,0,0,0,0,0,0,0,0,20,78,4,0,36,13,56,89,0,0,0,0,376,686,313,94,121,9,57,75,97,0,0,0,240,137,132,0,0,0,0,18,0,0,0,0,118,132,0,0,0,0,0,0,0,0,backward
0,0,121,92,0,0,0,34,31,25,0,0,0,0,371,329,239,0,0,0,41,94,81,0,0,0,631,437,110,0,0,0,23,104,0,0,0,21,420,295,41,0,0,0,0,0,0,0,0,0,34,66,0,0,5,0,36,59,0,0,0,0,428,718,248,33,31,0,32,38,0,0,0,0,286,170,131,0,0,0,0,0,0,0,0,0,178,177,0,0,0,0,0,0,0,0,backward
0,0,108,91,0,0,0,45,49,42,0,0,0,0,393,362,283,27,0,0,41,98,120,0,0,0,680,464,126,0,0,0,0,89,0,0,0,38,481,346,59,0,0,0,0,0,0,0,0,0,0,0,0,0,0,0,14,43,0,0,0,0,343,623,204,21,20,0,38,55,52,0,0,0,281,170,144,0,0,0,0,21,0,0,0,0,205,228,25,0,0,0,0,0,0,0,backward
0,0,74,84,0,0,0,53,52,58,13,0,0,0,336,328,296,39,0,0,40,123,223,0,0,0,515,395,133,0,0,0,12,117,0,0,0,0,350,314,80,0,0,0,0,0,0,0,0,0,0,0,0,0,0,0,33,68,0,0,0,0,196,466,186,41,53,0,55,67,122,0,0,0,186,109,113,0,0,0,0,29,0,0,0,0,137,154,18,0,0,0,0,0,0,0,backward
0,0,43,17,0,0,0,45,77,87,39,0,0,0,117,83,12,66,28,0,95,254,164,0,0,0,80,80,13,0,0,0,72,229,0,0,0,0,0,0,0,0,0,0,46,346,0,0,0,0,0,0,0,0,0,0,38,107,81,0,0,0,0,61,0,0,0,5,26,107,127,0,0,0,130,268,112,4,0,0,26,372,207,15,0,0,79,93,42,0,0,0,0,61,19,0,forward
0,0,4,0,0,0,0,50,89,106,63,0,0,0,52,37,0,49,21,4,105,288,199,23,0,0,34,44,0,0,0,0,82,263,0,0,0,0,0,0,0,0,0,0,58,379,0,20,0,0,0,0,0,0,0,0,39,122,99,0,0,0,0,18,0,0,0,13,34,126,155,0,0,0,87,176,58,0,0,0,19,383,213,14,0,0,38,41,0,0,0,0,0,51,14,0,forward
0,0,0,0,0,0,0,17,36,47,17,0,0,0,71,40,0,18,0,0,73,202,142,0,0,0,58,56,0,0,0,13,84,246,8,15,0,0,0,0,0,0,0,0,78,583,28,88,0,0,0,0,0,0,0,0,71,172,151,17,0,0,0,22,0,0,0,22,47,153,179,0,0,0,73,151,46,0,0,0,17,369,211,0,0,0,7,21,0,0,0,0,0,33,0,0,forward
0,0,6,0,0,0,0,31,52,61,31,0,0,0,82,51,0,26,3,0,80,206,137,0,0,0,54,46,0,0,0,0,64,213,0,0,0,0,0,0,0,0,0,0,69,546,34,67,0,0,0,0,0,0,0,0,80,180,155,26,0,0,0,38,0,0,4,28,52,157,181,0,0,0,83,164,57,0,0,0,12,372,206,0,0,0,16,31,0,0,0,0,0,35,0,0,forward
0,0,32,3,0,0,0,17,36,45,0,0,0,0,113,71,3,33,0,0,68,168,99,0,0,0,81,67,6,0,0,3,66,161,0,0,0,0,0,0,0,0,0,0,60,410,9,0,0,0,0,0,0,0,0,0,81,191,152,17,0,0,0,67,0,0,7,31,51,151,171,0,0,0,124,220,104,16,0,0,23,365,202,0,0,0,44,58,11,0,0,0,0,30,0,0,forward
0,0,36,10,0,0,0,39,58,63,23,0,0,0,95,62,0,39,6,0,67,175,108,0,0,0,70,61,0,0,0,4,72,209,0,0,0,0,0,0,0,0,0,0,70,512,25,32,0,0,0,0,0,0,0,0,93,203,165,32,0,0,0,79,6,0,11,32,51,146,164,0,0,0,127,232,105,15,0,0,15,354,195,0,0,0,54,65,14,0,0,0,0,28,0,0,forward
0,0,9,0,0,0,0,59,94,96,49,0,0,0,55,31,0,31,5,0,85,248,158,0,0,0,30,36,0,0,0,0,70,230,0,0,0,0,0,0,0,0,0,0,42,273,0,6,0,0,0,0,0,0,0,0,91,200,170,35,0,0,0,63,0,0,7,28,49,149,178,0,0,0,114,227,92,12,0,0,20,380,212,0,0,0,42,55,10,0,0,0,0,36,0,0,forward
0,0,0,0,0,0,0,36,88,99,53,0,0,0,7,0,0,0,0,0,103,276,195,58,0,0,0,7,0,0,0,0,75,254,0,53,0,0,0,0,0,0,0,0,22,259,0,41,0,0,0,0,0,0,0,0,90,207,158,27,0,0,0,52,0,0,13,39,56,157,187,0,0,0,98,202,82,13,0,0,23,385,224,3,0,0,27,39,0,0,0,0,0,37,0,0,forward
0,0,0,0,0,0,0,16,60,99,49,0,0,0,0,0,0,0,0,3,80,245,203,274,0,0,0,0,0,0,0,0,7,128,0,193,0,0,0,0,0,0,0,0,0,85,0,0,0,0,0,0,0,0,0,0,59,265,259,77,0,0,0,0,0,0,0,0,41,279,371,0,0,0,0,0,0,0,0,0,0,427,300,67,0,0,0,0,0,0,0,0,0,21,0,0,forward
0,0,0,0,0,0,0,0,0,45,6,0,0,0,0,0,0,0,0,0,45,210,197,277,0,0,0,0,0,0,0,0,9,255,65,241,0,0,0,0,0,0,0,0,14,417,35,47,0,0,0,0,0,0,0,0,38,204,211,84,0,0,0,0,0,0,0,0,40,269,351,12,0,0,0,0,0,0,0,0,0,461,319,99,0,0,0,0,0,0,0,0,0,55,20,0,forward
0,0,0,0,0,0,0,0,25,80,30,0,0,0,0,0,0,0,0,0,40,296,266,304,0,0,0,0,0,0,0,0,7,269,73,221,0,0,0,0,0,0,0,0,11,297,11,41,0,0,0,0,0,0,0,0,85,427,334,87,0,0,0,0,0,0,0,0,39,300,358,0,0,0,0,0,0,0,0,0,0,319,228,0,0,0,0,0,0,0,0,0,0,0,0,0,forward
0,0,0,0,0,0,0,0,0,42,12,0,0,0,0,0,0,0,0,0,0,156,204,308,0,0,0,0,0,0,0,0,0,209,99,263,0,0,0,0,0,0,0,0,0,488,105,167,0,0,0,0,0,0,0,0,23,183,245,108,0,0,0,0,0,0,0,0,4,266,401,7,0,0,0,0,0,0,0,0,0,365,349,164,0,0,0,0,0,0,0,0,0,30,16,0,forward
0,0,0,0,0,0,0,0,0,13,5,0,0,0,0,0,0,0,0,0,0,140,187,253,0,0,0,0,0,0,0,0,0,222,90,156,0,0,0,0,0,0,0,0,0,476,113,128,0,0,0,0,0,0,0,0,0,48,125,80,0,0,0,0,0,0,0,0,0,120,347,66,0,0,0,0,0,0,0,0,0,311,450,165,0,0,0,0,0,0,0,0,0,62,186,49,forward
0,0,0,0,0,0,0,0,0,120,40,0,0,0,0,0,0,0,0,0,0,273,284,296,0,0,0,0,0,0,0,0,0,265,85,174,0,0,0,0,0,0,0,0,0,233,14,17,0,0,0,0,0,0,0,0,0,62,148,92,0,0,0,0,0,0,0,0,0,165,411,77,0,0,0,0,0,0,0,0,0,336,486,105,0,0,0,0,0,0,0,0,0,48,137,35,forward
0,0,0,0,0,0,0,0,0,64,19,0,0,0,0,0,0,0,0,0,0,227,289,297,0,0,0,0,0,0,0,0,0,297,133,191,0,0,0,0,0,0,0,0,0,498,82,91,0,0,0,0,0,0,0,0,0,23,113,80,0,0,0,0,0,0,0,0,0,126,400,74,0,0,0,0,0,0,0,0,0,254,507,133,0,0,0,0,0,0,0,0,0,31,183,42,forward
0,0,0,0,0,0,0,0,0,11,0,0,0,0,0,0,0,0,0,0,0,105,161,220,0,0,0,0,0,0,0,0,0,225,161,245,0,0,0,0,0,0,0,0,25,747,187,338,0,0,0,0,0,0,0,0,0,0,118,95,0,0,0,0,0,0,0,0,0,80,384,65,0,0,0,0,0,0,0,0,0,194,550,149,0,0,0,0,0,0,0,0,0,11,189,63,forward
0,0,0,0,0,0,0,0,0,76,26,0,0,0,0,0,0,0,0,0,4,260,291,192,0,0,0,0,0,0,0,0,0,236,77,126,0,0,0,0,0,0,0,0,0,354,48,135,0,0,0,0,0,0,0,0,0,81,158,103,0,0,0,0,0,0,0,0,0,210,509,74,0,0,0,0,0,0,0,0,0,422,582,190,0,0,0,0,0,0,0,0,0,104,211,77,forward
0,0,0,0,0,0,0,0,0,69,23,0,0,0,0,0,0,0,0,0,18,282,299,193,0,0,0,0,0,0,0,0,0,268,86,132,0,0,0,0,0,0,0,0,0,284,31,82,0,0,0,0,0,0,0,0,0,201,265,113,0,0,0,0,0,0,0,0,0,319,517,5,0,0,0,0,0,0,0,0,0,329,327,59,0,0,0,0,0,0,0,0,0,23,36,11,forward
0,0,0,0,0,0,0,0,29,87,38,0,0,0,0,0,0,0,0,0,63,309,278,131,0,0,0,0,0,0,0,0,33,286,68,82,0,0,0,0,0,0,0,0,14,240,12,23,0,0,0,0,0,0,0,0,129,415,389,107,0,0,0,0,0,0,0,0,47,368,435,0,0,0,0,0,0,0,0,0,0,354,250,0,0,0,0,0,0,0,0,0,0,7,0,0,forward
0,0,0,0,0,0,0,9,29,58,16,0,0,0,0,0,0,0,0,8,72,235,182,104,0,0,0,0,0,0,0,0,42,232,46,59,0,0,0,0,0,0,0,0,16,233,0,0,0,0,0,0,0,0,0,0,133,447,368,109,0,0,0,0,0,0,0,19,85,382,475,0,0,0,0,0,0,0,0,0,0,456,352,0,0,0,0,0,0,0,0,0,0,31,10,0,forward
0,0,0,0,0,0,0,57,67,77,26,0,0,0,0,0,0,0,0,0,72,210,135,104,0,0,0,0,0,0,0,0,49,202,24,42,0,0,0,0,0,0,0,0,24,276,7,0,0,0,0,0,0,0,0,0,148,491,341,86,0,0,0,0,0,0,14,50,90,365,398,0,0,0,0,0,0,0,0,0,0,442,284,0,0,0,0,0,0,0,0,0,0,33,0,0,forward
0,0,0,0,0,0,0,38,54,64,9,0,0,0,0,0,0,0,0,0,78,197,143,156,0,0,11,9,0,0,0,0,56,231,42,91,0,0,0,0,0,0,0,0,45,430,42,38,0,0,0,0,0,0,0,0,144,419,266,67,0,0,0,0,0,0,33,80,98,331,317,0,0,0,0,41,0,0,0,0,0,330,208,0,0,0,0,0,0,0,0,0,0,17,0,0,forward
0,0,0,0,0,0,0,39,78,91,24,0,0,0,0,0,0,0,0,0,94,244,173,132,0,0,0,0,0,0,0,0,53,208,33,65,0,0,0,0,0,0,0,0,18,216,0,0,0,0,0,0,0,0,0,3,156,445,287,75,0,0,0,0,0,0,40,91,103,330,322,0,0,0,0,59,9,0,0,0,0,332,220,0,0,0,0,0,0,0,0,0,0,15,0,0,forward
0,0,0,0,0,0,0,42,79,93,33,0,0,0,0,0,0,0,0,0,86,228,170,121,0,0,0,0,0,0,0,0,57,216,38,83,0,0,0,0,0,0,0,0,30,333,20,23,0,0,0,0,0,0,0,0,146,430,288,78,0,0,0,0,0,0,41,90,106,343,368,0,0,0,0,59,3,0,0,0,0,350,250,19,0,0,0,0,0,0,0,0,0,28,0,0,forward
0,0,0,0,0,0,0,38,73,87,33,0,0,0,0,0,0,0,0,0,79,188,155,83,0,0,5,4,0,0,0,0,47,137,23,60,0,0,0,0,0,0,0,0,36,304,17,83,0,0,0,0,0,0,0,0,136,411,291,97,0,0,0,0,0,0,36,90,108,367,393,23,0,0,0,46,0,0,0,0,0,414,286,69,0,0,0,0,0,0,0,0,0,28,0,0,forward
0,0,0,0,0,0,0,35,77,82,30,0,0,0,0,0,0,0,3,8,98,250,201,89,0,0,9,14,0,0,0,0,61,214,52,66,0,0,0,0,0,0,0,0,39,353,25,22,0,0,0,0,0,0,0,0,123,340,246,81,0,0,0,0,0,0,36,93,102,318,358,0,0,0,0,63,7,0,0,0,0,385,290,79,0,0,0,0,0,0,0,0,0,30,3,0,forward
0,0,0,0,0,0,0,52,93,102,49,0,0,0,0,0,0,0,7,11,104,273,231,91,0,0,4,21,0,0,0,3,72,257,76,80,0,0,0,0,0,0,0,0,39,354,22,25,0,0,0,0,0,0,0,0,76,206,168,66,0,0,0,0,0,0,7,56,82,259,312,0,0,0,0,55,0,0,0,0,0,389,302,80,0,0,0,4,0,0,0,0,0,58,34,16,forward
0,0,0,0,0,0,0,51,91,107,58,0,0,0,0,0,0,0,6,11,105,271,239,98,0,0,0,5,0,0,0,0,63,265,76,88,0,0,0,0,0,0,0,0,52,425,37,61,0,0,0,0,0,0,0,0,67,182,156,49,0,0,0,0,0,0,0,53,78,270,303,0,0,0,4,64,0,0,0,0,0,428,318,54,0,0,0,16,0,0,0,0,0,74,58,16,forward
0,0,0,0,0,0,0,41,71,83,36,0,0,0,0,0,0,0,0,0,83,214,208,95,0,0,11,16,0,0,0,0,66,238,66,82,0,0,0,0,0,0,0,0,62,469,44,70,0,0,0,0,0,0,0,0,85,225,185,54,0,0,0,0,0,0,19,66,86,300,338,0,0,0,10,78,5,0,0,0,0,437,323,29,0,0,0,20,0,0,0,0,0,67,51,10,forward
0,0,0,0,0,0,0,34,57,67,29,0,0,0,14,5,0,0,0,11,92,214,171,29,0,0,24,15,0,0,0,0,69,256,60,23,0,0,0,0,0,0,0,0,78,544,49,0,0,0,0,0,0,0,0,0,91,240,202,47,0,0,0,0,0,0,12,71,90,310,371,0,0,0,11,61,0,0,0,0,0,468,341,53,0,0,0,10,0,0,0,0,0,76,67,17,forward
0,0,0,0,0,0,0,17,43,58,24,0,0,0,0,0,0,0,0,6,90,220,210,109,0,0,0,0,0,0,0,0,73,267,75,97,0,0,0,0,0,0,0,0,74,502,62,129,0,0,0,0,0,0,0,0,56,188,174,47,0,0,0,0,0,0,0,32,64,257,312,0,0,0,0,17,0,0,0,0,0,467,352,225,0,0,0,0,0,0,0,0,0,73,76,95,forward
0,0,0,0,0,0,0,12,48,74,24,0,0,0,0,0,0,0,0,12,103,284,262,166,0,0,0,0,0,0,0,0,63,308,87,137,0,0,0,0,0,0,0,0,54,442,53,131,0,0,0,0,0,0,0,0,51,194,187,70,0,0,0,0,0,0,0,20,64,280,358,0,0,0,0,0,0,0,0,0,0,498,383,154,0,0,0,0,0,0,0,0,0,62,70,63,forward
0,0,0,0,0,0,0,41,72,91,48,0,0,0,0,0,0,0,0,14,104,290,242,40,0,0,0,0,0,0,0,8,95,417,101,16,0,0,0,0,0,0,0,0,86,623,50,0,0,0,0,0,0,0,0,0,55,176,177,59,0,0,0,0,0,0,0,26,68,282,366,0,0,0,0,0,0,0,0,0,0,518,398,121,0,0,0,0,0,0,0,0,0,103,108,120,forward
0,0,0,0,0,0,0,37,65,91,62,0,0,0,0,0,0,0,0,14,98,260,242,30,0,0,0,0,0,0,0,0,74,315,119,18,0,0,0,0,0,0,0,0,84,625,121,49,0,0,0,0,0,0,0,0,55,169,152,22,0,0,0,0,0,0,0,37,71,299,342,0,0,0,0,24,0,0,0,0,0,537,371,67,0,0,0,0,0,0,0,0,0,107,108,106,forward
0,0,0,0,0,0,0,45,70,83,54,0,0,0,0,0,0,0,0,0,77,220,199,12,0,0,9,9,0,0,0,3,66,245,95,16,0,0,0,0,0,0,0,0,83,572,119,71,0,0,0,0,0,0,0,0,76,229,191,32,0,0,0,0,0,0,0,67,95,318,354,0,0,0,0,56,0,0,0,0,0,493,330,23,0,0,0,12,0,0,0,0,0,62,55,30,forward
0,0,0,0,0,0,0,35,59,70,34,0,0,0,29,19,0,4,6,8,83,201,181,10,0,0,39,20,0,0,0,0,57,213,72,0,0,0,0,0,0,0,0,0,82,613,130,58,0,0,0,0,0,0,0,0,105,260,210,28,0,0,0,0,0,0,18,84,92,316,312,0,0,0,18,86,12,0,0,0,0,450,283,0,0,0,0,20,0,0,0,0,0,42,35,0,forward
0,0,0,0,0,0,0,23,50,58,24,0,0,0,29,12,0,5,0,0,74,190,172,3,0,0,54,35,0,0,0,10,61,210,79,6,0,0,0,11,10,0,0,0,73,533,117,49,0,0,0,0,0,0,0,0,112,275,213,23,0,0,0,0,0,0,24,87,99,294,271,0,0,0,36,93,28,0,0,0,0,393,242,0,0,0,16,20,0,0,0,0,0,23,15,0,forward
0,0,150,193,145,205,231,302,400,225,33,0,0,0,192,141,89,155,95,14,50,65,0,0,0,0,81,75,0,0,0,0,0,0,0,0,0,0,0,0,0,0,0,0,0,0,0,0,0,0,0,0,0,0,0,0,0,0,0,0,0,0,42,76,0,0,0,0,0,31,0,0,0,0,236,416,105,0,0,0,18,233,93,0,0,0,240,260,122,0,0,0,0,208,149,86,strafe_left
0,0,170,207,161,240,265,333,449,248,44,0,0,0,181,140,96,167,109,20,51,60,0,0,0,0,68,66,0,0,0,0,0,0,0,0,0,0,0,0,0,0,0,0,0,0,0,0,0,0,0,0,0,0,0,0,0,0,0,0,0,0,6,48,0,0,0,0,0,32,0,0,0,0,169,350,85,0,0,0,10,242,100,0,0,0,181,178,88,0,0,0,0,200,151,96,strafe_left
0,0,139,203,147,211,208,300,401,247,35,0,0,0,267,217,142,225,154,38,92,126,0,0,0,0,124,112,3,0,0,0,0,0,0,0,0,0,0,0,0,0,0,0,0,0,0,0,0,0,0,0,0,0,0,0,0,0,0,0,0,0,0,29,0,0,0,0,0,28,0,0,0,0,138,278,50,0,0,0,5,175,58,0,0,0,121,106,37,0,0,0,0,81,57,18,strafe_left
0,0,163,216,166,251,240,336,415,272,61,0,0,0,280,233,163,258,185,57,115,160,25,0,0,0,122,110,4,0,0,0,0,0,0,0,0,0,0,0,0,0,0,0,0,0,0,0,0,0,0,0,0,0,0,0,0,0,0,0,0,0,0,9,0,0,0,0,0,13,0,0,0,0,110,242,22,0,0,0,0,131,38,0,0,0,120,100,20,0,0,0,0,83,53,14,strafe_left
0,0,183,245,184,224,204,314,387,256,70,0,0,0,339,257,174,261,178,48,106,147,12,0,0,0,166,146,26,0,0,0,0,8,0,0,0,0,0,0,0,0,0,0,0,0,0,0,0,0,0,0,0,0,0,0,0,0,0,0,0,0,0,24,0,0,0,0,0,17,0,0,0,0,142,291,34,0,0,0,0,163,48,0,0,0,142,129,43,0,0,0,0,92,55,21,strafe_left
0,0,65,149,88,99,98,220,250,201,63,0,0,0,306,247,164,270,175,62,136,201,76,0,0,0,196,167,76,0,0,0,12,36,0,0,0,0,0,19,0,0,0,0,0,7,0,0,0,0,0,0,0,0,0,0,0,0,0,0,0,0,0,39,0,0,0,0,0,28,0,0,0,0,140,303,49,0,0,0,0,169,54,0,0,0,141,130,45,0,0,0,0,75,45,18,strafe_left
0,0,54,105,63,91,99,221,255,219,69,0,0,0,229,188,122,247,167,51,132,230,98,0,0,0,136,123,59,0,0,0,13,47,0,0,0,0,0,30,0,0,0,0,0,30,0,0,0,0,0,0,0,0,0,0,0,6,0,0,0,0,6,49,0,0,0,0,0,34,0,0,0,0,151,321,69,0,0,0,11,192,71,0,0,0,129,121,42,0,0,0,0,56,30,13,strafe_left
0,0,270,358,198,182,155,275,308,220,62,0,0,3,577,422,252,344,196,69,147,212,68,0,0,0,335,269,93,0,0,0,16,40,0,0,0,0,13,54,0,0,0,0,0,0,0,0,0,0,0,0,0,0,0,0,0,0,0,0,0,0,0,16,0,0,0,0,0,27,0,0,0,0,73,68,0,0,0,0,0,91,15,0,0,0,55,34,0,0,0,0,0,23,0,0,strafe_left
0,0,181,234,192,331,355,405,507,325,94,0,0,0,216,205,148,268,231,69,129,158,18,0,0,0,73,84,0,0,0,0,0,7,0,0,0,0,0,0,0,0,0,0,0,0,0,0,0,0,0,0,0,0,0,0,0,0,0,0,0,0,0,16,0,0,0,0,0,25,0,0,0,0,74,72,0,0,0,0,0,107,21,0,0,0,59,40,0,0,0,0,0,44,12,0,strafe_left
0,0,253,307,256,386,409,432,552,281,50,0,0,0,273,242,162,246,188,59,112,93,0,0,0,0,91,94,0,0,0,0,0,0,0,0,0,0,0,0,0,0,0,0,0,0,0,0,0,0,0,0,0,0,0,0,0,0,0,0,0,0,0,4,0,0,0,0,0,0,0,0,0,0,83,77,0,0,0,0,0,86,12,0,0,0,92,72,3,0,0,0,0,90,50,8,strafe_left
0,0,392,398,288,409,408,433,544,246,35,0,0,0,348,286,185,241,162,52,90,70,0,0,0,0,113,109,0,0,0,0,0,0,0,0,0,0,0,0,0,0,0,0,0,0,0,0,0,0,0,0,0,0,0,0,0,0,0,0,0,0,0,5,0,0,0,0,0,0,0,0,0,0,85,78,0,0,0,0,0,82,4,0,0,0,96,75,0,0,0,0,0,85,48,9,strafe_left
0,0,518,470,333,477,493,441,545,220,17,0,0,0,354,289,168,183,108,34,39,34,0,0,0,0,77,70,0,0,0,0,0,0,0,0,0,0,0,0,0,0,0,0,0,0,0,0,0,0,0,0,0,0,0,0,0,0,0,0,0,0,0,0,0,0,0,0,0,0,0,0,0,0,92,81,0,0,0,0,0,78,0,0,0,0,104,81,0,0,0,0,0,103,56,0,strafe_left
0,0,545,488,346,465,487,463,584,234,19,0,0,0,366,291,173,205,124,36,46,40,0,0,0,0,83,75,0,0,0,0,0,0,0,0,0,0,0,0,0,0,0,0,0,0,0,0,0,0,0,0,0,0,0,0,0,0,0,0,0,0,0,0,0,0,0,0,0,0,0,0,0,0,92,81,0,0,0,0,0,72,0,0,0,0,110,86,0,0,0,0,0,108,64,10,strafe_left
0,0,142,166,91,96,100,193,217,115,0,0,0,0,230,169,93,129,62,17,41,46,0,0,0,0,126,100,0,0,0,0,0,0,0,0,0,0,0,0,0,0,0,0,0,0,0,0,0,0,0,0,0,0,0,0,0,0,0,0,0,0,87,154,0,0,0,0,0,36,4,0,0,0,302,303,95,0,0,0,24,268,97,0,0,0,280,292,145,0,0,0,9,232,176,132,strafe_left
0,0,100,144,59,57,56,131,147,99,0,0,0,0,293,212,108,124,58,3,54,64,0,0,0,0,207,156,13,0,0,0,0,0,0,0,0,0,6,11,0,0,0,0,0,0,0,0,0,0,0,0,0,0,0,0,0,23,0,0,0,0,137,238,0,0,0,0,12,54,25,0,0,0,367,335,131,0,0,0,29,262,91,0,0,0,286,293,137,0,0,0,0,108,77,57,strafe_left
0,0,145,175,91,91,92,168,196,122,0,0,0,0,255,192,116,153,71,8,61,67,0,0,0,0,144,118,0,0,0,0,0,0,0,0,0,0,0,0,0,0,0,0,0,0,0,0,0,0,0,0,0,0,0,0,0,0,0,0,0,0,75,165,0,0,0,0,0,34,7,0,0,0,309,322,103,0,0,0,32,278,96,0,0,0,318,350,191,0,0,0,14,276,221,154,strafe_left
0,0,219,225,136,140,139,221,266,132,0,0,0,0,277,208,116,143,61,0,36,40,0,0,0,0,112,96,0,0,0,0,0,0,0,0,0,0,0,0,0,0,0,0,0,0,0,0,0,0,0,0,0,0,0,0,0,0,0,0,0,0,18,114,0,0,0,0,0,35,13,0,0,0,209,241,66,0,0,0,23,287,102,0,0,0,231,240,133,0,0,0,7,315,247,174,strafe_left
0,0,239,231,138,124,127,190,231,103,0,0,0,0,307,214,110,112,32,10,0,18,0,0,0,0,128,99,0,0,0,0,0,0,0,0,0,0,0,0,0,0,0,0,0,0,0,0,0,0,0,0,0,0,0,0,0,24,0,0,0,0,72,172,0,0,0,0,5,52,40,0,0,0,293,304,115,0,0,0,27,342,127,6,0,0,276,286,163,0,0,0,0,262,215,152,strafe_left
0,0,250,232,120,103,96,151,231,103,0,0,0,0,328,223,102,98,30,14,0,17,0,0,0,0,142,97,0,0,0,0,0,0,0,0,0,0,0,0,0,0,0,0,0,0,0,0,0,0,0,0,0,0,0,0,0,19,0,0,0,0,91,191,0,0,0,0,11,56,43,0,0,0,339,338,133,0,0,0,36,350,134,13,0,0,307,334,185,0,0,0,0,276,224,149,strafe_left
0,0,321,283,157,138,139,181,267,103,0,0,0,0,367,247,115,108,26,9,0,10,0,0,0,0,150,111,0,0,0,0,0,0,0,0,0,0,0,0,0,0,0,0,0,0,0,0,0,0,0,0,0,0,0,0,0,0,0,0,0,0,14,104,0,0,0,0,0,30,4,0,0,0,212,245,56,0,0,0,25,262,99,0,0,0,274,289,161,0,0,0,14,390,304,184,strafe_left
0,0,188,237,99,66,56,108,162,104,0,0,0,18,472,324,149,131,46,14,43,71,0,0,0,27,335,224,14,0,0,0,0,0,0,0,0,0,0,20,0,0,0,0,0,0,0,0,0,0,0,0,0,0,0,0,0,0,0,0,0,0,0,73,0,0,0,0,0,30,4,0,0,0,207,232,23,0,0,0,33,262,105,0,0,0,244,247,122,0,0,0,4,355,277,164,strafe_left
0,0,139,186,69,51,42,107,140,86,0,0,0,0,373,276,132,135,55,12,51,68,0,0,0,8,279,207,37,0,0,0,11,0,0,0,0,0,14,36,0,0,0,0,0,0,0,0,0,0,0,0,0,0,0,0,0,3,0,0,0,0,23,118,0,0,0,0,0,37,15,0,0,0,254,266,65,0,0,0,28,307,115,7,0,0,260,264,137,0,0,0,3,296,230,149,strafe_left
0,0,139,213,152,219,243,313,406,261,41,0,0,0,251,220,155,226,149,46,94,112,0,0,0,0,132,116,0,0,0,0,0,0,0,0,0,0,0,0,0,0,0,0,0,0,0,0,0,0,0,0,0,0,0,0,0,0,0,0,0,0,0,72,0,0,0,0,0,29,0,0,0,0,165,168,5,0,0,0,19,184,64,0,0,0,162,148,54,0,0,0,0,149,102,72,strafe_left
0,0,94,127,116,249,290,348,456,305,48,0,0,0,121,119,96,204,159,40,91,126,0,0,0,0,58,66,0,0,0,0,0,0,0,0,0,0,0,0,0,0,0,0,0,0,0,0,0,0,0,0,0,0,0,0,0,0,0,0,0,0,0,21,0,0,0,0,0,26,0,0,0,0,93,116,0,0,0,0,11,180,61,0,0,0,104,89,18,0,0,0,0,168,129,103,strafe_left
0,0,41,69,76,227,313,389,575,387,92,0,0,0,65,72,56,195,172,52,121,159,23,0,0,0,18,28,0,0,0,0,0,4,0,0,0,0,0,0,0,0,0,0,0,0,0,0,0,0,0,0,0,0,0,0,0,0,0,0,0,0,0,0,0,0,0,0,0,21,0,0,0,0,62,85,0,0,0,0,15,163,60,0,0,0,70,62,5,0,0,0,0,160,127,104,strafe_left
0,0,42,66,76,241,339,411,628,430,106,0,0,0,51,42,36,179,162,41,121,155,15,0,0,0,0,19,0,0,0,0,3,10,0,0,0,0,0,0,0,0,0,0,0,0,0,0,0,0,0,0,0,0,0,0,0,0,0,0,0,0,0,0,0,0,0,0,0,29,3,0,0,0,59,78,0,0,0,0,12,166,58,0,0,0,54,48,0,0,0,0,0,149,123,103,strafe_left
0,0,94,126,119,290,383,421,597,380,80,0,0,0,101,95,78,214,185,48,115,130,3,0,0,0,40,44,0,0,0,0,0,0,0,0,0,0,0,0,0,0,0,0,0,0,0,0,0,0,0,0,0,0,0,0,0,0,0,0,0,0,0,7,0,0,0,0,0,26,0,0,0,0,69,86,0,0,0,0,4,124,35,0,0,0,71,61,0,0,0,0,0,88,69,50,strafe_left
0,0,204,242,190,322,360,391,487,278,35,0,0,0,249,213,150,247,175,48,99,101,0,0,0,0,94,97,0,0,0,0,4,0,0,0,0,0,0,0,0,0,0,0,0,0,0,0,0,0,0,0,0,0,0,0,0,0,0,0,0,0,0,39,0,0,0,0,0,21,0,0,0,0,118,120,0,0,0,0,3,110,24,0,0,0,103,82,13,0,0,0,0,57,36,8,strafe_left
0,0,351,365,265,413,413,410,511,228,13,0,0,0,312,260,170,209,128,31,64,62,0,0,0,0,107,101,0,0,0,0,0,0,0,0,0,0,0,0,0,0,0,0,0,0,0,0,0,0,0,0,0,0,0,0,0,0,0,0,0,0,0,37,0,0,0,0,0,12,0,0,0,0,119,130,0,0,0,0,8,115,25,0,0,0,114,93,18,0,0,0,0,76,46,11,strafe_left
0,0,822,566,304,346,302,328,415,137,0,0,0,0,642,389,212,175,66,22,36,22,0,0,0,0,199,155,0,0,0,0,0,0,0,0,0,0,0,0,0,0,0,0,0,0,0,0,0,0,0,0,0,0,0,0,0,0,0,0,0,0,0,26,0,0,0,0,0,13,0,0,0,0,103,119,0,0,0,0,10,130,32,0,0,0,94,79,14,0,0,0,0,83,54,23,strafe_left
0,0,436,407,301,431,425,427,558,226,0,0,0,0,333,280,182,197,118,37,80,67,0,0,0,0,105,103,0,0,0,0,0,0,0,0,0,0,0,0,0,0,0,0,0,0,0,0,0,0,0,0,0,0,0,0,0,0,0,0,0,0,0,8,0,0,0,0,0,24,0,0,0,0,82,105,0,0,0,0,12,163,52,0,0,0,73,65,11,0,0,0,0,92,67,60,strafe_left
0,0,370,377,262,312,288,365,439,245,0,0,0,0,426,321,207,242,137,43,92,100,0,0,0,0,174,145,0,0,0,0,0,0,0,0,0,0,0,0,0,0,0,0,0,0,0,0,0,0,0,0,0,0,0,0,0,0,0,0,0,0,0,35,0,0,0,0,0,27,0,0,0,0,120,132,0,0,0,0,18,182,59,0,0,0,103,88,21,0,0,0,0,87,61,46,strafe_left
0,0,263,310,200,199,187,286,331,204,0,0,0,0,440,323,199,233,129,33,84,102,0,0,0,0,198,159,0,0,0,0,0,0,0,0,0,0,0,0,0,0,0,0,0,0,0,0,0,0,0,0,0,0,0,0,0,0,0,0,0,0,0,76,0,0,0,0,0,36,9,0,0,0,159,160,10,0,0,0,11,188,57,0,0,0,143,126,42,0,0,0,0,86,60,47,strafe_left
0,0,167,203,177,280,312,368,435,262,21,0,0,0,209,188,133,211,139,36,74,91,0,0,0,0,87,83,0,0,0,0,0,0,0,0,0,0,0,0,0,0,0,0,0,0,0,0,0,0,0,0,0,0,0,0,0,0,0,0,0,0,4,89,0,0,0,0,0,21,0,0,0,0,186,187,17,0,0,0,20,168,46,0,0,0,175,168,62,0,0,0,0,118,80,61,strafe_left
0,0,86,112,114,284,336,384,509,333,40,0,0,0,105,100,81,186,137,31,72,101,0,0,0,0,51,58,0,0,0,0,0,0,0,0,0,0,0,0,0,0,0,0,0,0,0,0,0,0,0,0,0,0,0,0,0,0,0,0,0,0,0,45,0,0,0,0,0,20,0,0,0,0,121,141,0,0,0,0,17,180,53,0,0,0,124,119,41,0,0,0,0,134,94,75,strafe_left
0,0,53,81,79,244,333,401,577,390,71,0,6,0,79,76,62,169,151,39,88,133,0,0,0,0,20,30,0,0,0,0,0,0,0,0,0,0,0,0,0,0,0,0,0,0,0,0,0,0,0,0,0,0,0,0,0,0,0,0,0,0,0,37,0,0,0,0,0,41,21,0,0,0,97,118,5,0,0,0,20,239,85,0,0,0,76,71,21,0,0,0,0,119,92,73,strafe_left
0,0,40,65,57,180,269,371,535,388,73,0,0,0,91,77,63,183,161,41,103,172,19,0,0,0,41,48,0,0,0,0,13,15,0,0,0,0,0,0,0,0,0,0,0,0,0,0,0,0,0,0,0,0,0,0,0,5,0,0,0,0,0,55,0,0,0,0,0,40,15,0,0,0,134,145,11,0,0,0,17,241,81,0,0,0,107,104,37,0,0,0,0,133,100,76,strafe_left
0,0,0,14,44,184,328,458,731,548,146,5,0,0,47,41,31,165,178,60,161,230,69,25,0,0,0,0,0,0,0,0,3,9,0,0,0,0,0,0,0,0,0,0,0,0,0,0,0,0,0,0,0,0,0,0,0,0,0,0,0,0,0,0,0,0,0,0,0,14,0,0,0,0,33,41,0,0,0,0,8,125,38,0,0,0,30,23,0,0,0,0,0,80,63,46,strafe_left
0,0,5,25,49,201,354,453,743,528,117,0,0,0,44,34,34,171,184,57,151,207,45,7,0,0,0,13,0,0,0,0,7,11,0,0,0,0,0,0,0,0,0,0,0,0,0,0,0,0,0,0,0,0,0,0,0,0,0,0,0,0,0,3,0,0,0,0,0,15,0,0,0,0,68,73,0,0,0,0,0,88,18,0,0,0,58,44,0,0,0,0,0,67,45,22,strafe_left
0,0,71,120,111,291,429,465,619,413,76,0,0,0,127,109,96,220,209,62,134,145,19,0,0,0,54,66,0,0,0,0,0,0,0,0,0,0,0,0,0,0,0,0,0,0,0,0,0,0,0,0,0,0,0,0,0,0,0,0,0,0,0,19,0,0,0,0,0,16,0,0,0,0,88,94,0,0,0,0,0,92,16,0,0,0,61,45,0,0,0,0,0,22,4,0,strafe_left
0,0,0,0,0,0,0,8,5,16,0,0,32,0,102,68,0,0,0,0,29,76,17,0,0,0,151,98,13,0,0,0,29,38,0,0,0,37,52,63,4,0,0,0,0,165,0,0,0,0,70,237,184,175,181,137,210,342,98,0,0,0,251,428,242,118,66,56,32,73,0,0,0,0,234,217,70,0,0,0,0,42,0,0,0,0,58,48,0,0,0,0,0,0,0,0,strafe_right
0,0,0,0,0,0,0,9,9,17,0,0,21,0,136,91,5,0,0,0,33,78,17,0,0,9,187,123,25,0,0,0,32,42,0,0,0,76,65,75,8,0,0,0,0,125,0,0,0,0,203,496,291,238,227,142,183,181,5,0,0,0,341,492,248,61,35,18,10,6,0,0,0,0,293,243,0,0,0,0,0,0,0,0,0,0,31,0,0,0,0,0,0,0,0,0,strafe_right
0,0,0,0,0,0,0,7,0,4,0,0,0,0,208,130,7,0,0,0,4,47,0,0,0,47,244,163,28,0,0,0,26,22,0,0,0,222,146,133,24,0,0,0,0,86,0,0,0,0,290,663,310,176,168,104,148,133,0,0,0,0,430,552,243,25,32,33,18,0,0,0,0,0,355,283,6,0,0,0,0,0,0,0,0,0,33,0,0,0,0,0,0,0,0,0,strafe_right
0,0,0,0,0,0,0,0,0,0,0,0,0,0,214,131,0,0,0,0,0,48,0,0,0,54,260,173,26,0,0,0,25,22,0,0,0,238,173,150,31,0,0,0,0,112,0,0,0,0,287,675,332,196,194,115,157,131,0,0,0,0,438,569,247,24,18,27,11,0,0,0,0,0,361,281,0,0,0,0,0,0,0,0,0,0,31,0,0,0,0,0,0,0,0,0,strafe_right
0,0,0,0,0,0,0,8,0,18,0,0,35,0,85,54,0,0,0,0,15,62,9,0,0,0,139,87,7,0,0,0,29,59,0,0,0,85,92,110,53,0,0,0,37,427,59,0,0,0,22,140,104,158,186,154,248,440,115,0,0,0,180,343,196,113,77,79,53,99,3,0,0,0,157,151,59,0,0,0,0,53,0,0,0,0,16,12,0,0,0,0,0,0,0,0,strafe_right
0,0,0,0,0,0,0,4,0,9,0,0,22,0,55,32,0,0,0,0,13,67,18,0,0,0,142,93,16,0,0,0,43,90,0,0,0,25,76,105,63,0,0,0,52,531,95,0,0,0,0,50,40,105,161,161,290,601,173,0,0,0,38,171,76,52,53,72,57,111,20,0,0,0,74,66,15,0,0,0,0,67,0,17,0,0,0,0,0,0,0,0,0,0,0,6,strafe_right
0,0,0,0,0,0,0,7,0,16,0,0,20,0,44,24,0,0,0,0,21,80,33,0,0,0,107,71,12,0,0,0,49,101,0,0,0,0,38,70,30,0,0,0,35,479,84,0,0,0,0,112,95,162,218,184,302,537,137,0,0,0,103,268,141,88,71,79,60,101,6,0,0,0,121,110,33,0,0,0,0,48,0,0,0,0,0,0,0,0,0,0,0,0,0,0,strafe_right
0,0,0,0,0,0,0,15,0,22,0,0,28,0,70,41,0,0,0,0,14,67,16,0,0,0,110,67,0,0,0,0,29,70,0,0,0,28,60,100,47,0,0,0,39,499,91,0,0,0,40,167,129,191,252,205,293,458,109,0,0,0,171,330,190,104,78,75,56,87,0,0,0,0,152,144,40,0,0,0,0,28,0,0,0,0,5,0,0,0,0,0,0,0,0,0,strafe_right
0,0,0,0,0,0,0,0,0,4,0,0,23,0,58,30,0,0,0,0,5,55,0,0,0,0,117,79,12,0,0,0,41,77,0,0,0,35,69,104,52,0,0,0,45,513,90,0,0,0,93,264,187,231,271,203,277,383,80,0,0,0,220,390,225,98,70,60,39,53,0,0,0,0,181,165,22,0,0,0,0,8,0,0,0,0,8,0,0,0,0,0,0,0,0,0,strafe_right
0,0,0,0,0,0,0,9,0,17,0,0,23,0,30,13,0,0,0,0,0,46,0,0,0,0,98,63,0,0,0,0,33,80,0,0,0,0,45,94,49,0,0,0,55,563,116,12,0,0,115,326,206,251,303,219,294,389,74,0,0,0,242,408,229,98,66,55,32,47,0,0,0,0,176,135,0,0,0,0,0,0,0,0,0,0,4,0,0,0,0,0,0,0,0,0,strafe_right
0,0,0,0,0,0,0,4,0,4,0,0,14,0,78,42,0,0,0,0,0,43,0,0,0,0,146,98,13,0,0,0,30,54,0,0,0,89,94,125,54,0,0,0,50,408,74,0,0,0,162,442,267,256,293,192,258,291,36,0,0,0,291,444,234,85,47,33,17,21,0,0,0,0,203,160,0,0,0,0,0,0,0,0,0,0,6,0,0,0,0,0,0,0,0,0,strafe_right
0,0,0,0,0,0,0,4,0,8,0,0,12,0,121,75,0,0,0,0,0,51,0,0,0,20,180,122,24,0,0,0,30,40,0,0,0,123,101,120,32,0,0,0,25,287,26,0,0,0,186,484,277,244,253,167,223,251,12,0,0,0,314,476,254,83,46,28,12,24,0,0,0,0,241,193,0,0,0,0,0,0,0,0,0,0,14,0,0,0,0,0,0,0,0,0,strafe_right
0,0,0,0,0,0,0,4,0,9,0,0,11,0,101,61,0,0,0,0,0,34,0,0,0,5,178,116,18,0,0,0,31,37,0,0,0,111,100,134,50,0,0,0,48,367,57,0,0,0,210,519,311,264,272,171,217,238,13,0,0,0,335,492,254,76,44,26,0,6,0,0,0,0,248,195,0,0,0,0,0,0,0,0,0,0,10,0,0,0,0,0,0,0,0,0,strafe_right
0,0,0,0,0,0,0,0,0,0,0,0,0,0,113,73,0,0,0,0,0,39,0,0,0,13,204,134,25,0,0,0,33,45,0,0,0,182,176,185,81,0,0,0,55,472,73,0,0,0,174,467,285,245,229,146,196,224,0,0,0,0,320,495,255,87,46,35,6,18,0,0,0,0,267,211,10,0,0,0,0,0,0,0,0,0,23,4,0,0,0,0,0,0,0,0,strafe_right
0,0,0,0,0,0,0,0,0,21,0,0,25,0,11,0,0,0,0,0,11,61,9,0,0,0,43,14,0,0,0,0,22,84,0,0,0,0,9,47,15,0,0,0,58,593,112,37,0,0,24,138,108,176,210,182,275,493,130,0,0,0,159,319,184,111,85,96,65,114,10,0,0,0,146,131,46,0,0,0,0,48,0,0,0,0,0,5,0,0,0,0,0,0,0,0,strafe_right
0,0,0,0,0,0,0,11,3,19,0,0,27,0,88,65,0,0,0,0,28,79,25,0,0,0,161,114,31,0,0,0,33,82,0,0,0,70,88,121,58,0,0,0,41,488,88,0,0,0,54,182,132,152,158,130,203,312,76,0,0,0,229,411,223,110,75,86,64,103,7,0,0,0,195,179,54,0,0,0,0,33,0,0,0,0,32,16,0,0,0,0,0,0,0,0,strafe_right
0,0,0,0,0,0,0,10,0,17,0,0,27,0,100,68,0,0,0,0,22,72,21,0,0,3,181,132,42,0,0,9,44,92,0,0,0,95,113,129,61,0,0,0,37,474,81,0,0,0,73,220,144,155,153,119,175,260,55,0,0,0,265,442,254,116,69,75,62,93,0,0,0,0,224,210,69,0,0,0,0,31,0,0,0,0,40,24,0,0,0,0,0,0,0,0,strafe_right
0,0,0,0,0,0,0,9,0,16,0,0,23,0,110,75,0,0,0,0,26,72,20,0,0,5,194,138,43,0,0,9,42,79,0,0,0,113,113,122,59,0,0,0,30,409,66,0,0,0,93,253,166,166,152,111,172,230,43,0,0,0,284,458,258,115,69,66,50,76,0,0,0,0,237,222,61,0,0,0,0,15,0,0,0,0,46,26,0,0,0,0,0,0,0,0,strafe_right
0,0,0,0,0,0,0,11,3,17,0,0,23,0,148,100,0,0,0,0,21,63,6,0,0,8,210,151,38,0,0,0,28,52,0,0,0,160,152,140,58,0,0,0,28,302,35,0,0,0,138,364,198,150,124,82,136,155,14,0,0,0,341,493,260,88,46,35,26,46,0,0,0,0,297,272,62,0,0,0,0,7,0,0,0,0,69,49,0,0,0,0,0,0,0,0,strafe_right
0,0,0,0,0,0,0,6,0,7,0,0,7,0,130,86,0,0,0,0,5,49,0,0,0,19,222,160,42,0,0,6,38,57,0,0,0,179,155,146,65,0,0,0,39,315,45,0,0,0,155,418,200,127,98,61,116,131,0,0,0,0,370,525,271,87,44,35,32,49,0,0,0,0,341,310,74,0,0,0,0,5,0,0,0,0,88,64,0,0,0,0,0,0,0,0,strafe_right
0,0,0,0,0,0,0,6,0,12,0,0,7,0,149,98,0,0,0,0,0,37,0,0,0,33,254,176,45,0,0,4,35,48,0,0,0,221,179,161,66,0,0,0,42,347,48,0,0,0,211,517,237,137,113,59,115,112,0,0,0,0,413,537,245,58,30,16,4,10,0,0,0,0,335,284,32,0,0,0,0,0,0,0,0,0,66,24,0,0,0,0,0,0,0,0,strafe_right
0,0,0,0,0,0,0,0,0,9,0,0,0,0,214,141,0,0,0,0,0,54,0,0,0,91,310,218,53,0,0,0,27,30,0,0,0,329,224,202,64,0,0,0,35,322,27,0,0,0,339,671,274,121,93,53,99,76,0,0,0,17,471,569,209,3,25,31,7,0,0,0,0,0,371,277,0,0,0,0,0,0,0,0,0,0,48,0,0,0,0,0,0,0,0,0,strafe_right
0,0,0,0,0,0,0,0,0,0,0,0,0,0,195,121,0,0,0,0,0,39,0,0,0,78,301,211,47,0,0,3,32,38,0,0,0,336,243,220,87,0,0,0,54,374,53,0,0,0,315,662,266,107,71,40,95,86,0,0,0,17,480,575,229,17,25,31,8,0,0,0,0,0,420,318,30,0,0,0,0,0,0,0,0,0,63,24,0,0,0,0,0,0,0,0,strafe_right
0,0,0,0,0,0,0,0,0,14,0,0,5,0,157,94,0,0,0,0,0,25,0,0,0,52,277,184,33,0,0,0,30,34,0,0,0,280,223,214,89,0,0,0,46,411,62,0,0,0,91,281,194,181,207,151,199,273,40,0,0,0,250,411,242,106,60,51,26,56,0,0,0,0,214,188,43,0,0,0,0,7,0,0,0,0,39,11,0,0,0,0,0,0,0,0,strafe_right
0,0,0,0,0,0,0,0,0,17,0,0,19,0,111,66,0,0,0,0,0,31,0,0,0,14,197,136,12,0,0,0,22,25,0,0,0,154,137,156,63,0,0,0,41,370,48,0,0,0,76,283,199,251,322,235,326,480,95,0,0,0,190,347,200,100,64,51,20,63,0,0,0,0,158,133,10,0,0,0,0,8,0,0,0,0,9,0,0,0,0,0,0,0,0,0,strafe_right
0,0,0,0,0,0,0,0,0,9,0,0,17,0,89,54,0,0,0,0,0,35,0,0,0,15,197,136,19,0,0,0,27,27,0,0,0,119,121,149,59,0,0,0,36,412,56,0,0,0,67,247,179,241,298,227,326,483,96,0,0,0,186,347,201,103,69,53,24,71,0,0,0,0,165,140,21,0,0,0,0,20,0,0,0,0,11,0,0,0,0,0,0,0,0,0,strafe_right
0,0,0,0,0,0,0,0,0,4,0,0,21,0,44,19,0,0,0,0,0,30,0,0,0,0,129,93,5,0,0,0,31,44,0,0,0,43,94,131,64,0,0,0,49,524,85,0,0,0,59,220,165,269,376,269,385,564,117,0,0,0,117,272,140,68,52,39,15,51,0,0,0,0,105,76,0,0,0,0,0,0,0,0,0,0,0,0,0,0,0,0,0,0,0,0,strafe_right
0,0,0,0,0,0,0,0,0,15,0,0,26,0,35,10,0,0,0,0,0,34,0,0,0,0,89,57,0,0,0,0,12,27,0,4,0,4,55,97,44,0,0,0,50,516,95,12,0,0,57,223,162,205,230,193,287,505,126,0,0,0,208,380,225,123,86,85,52,110,0,0,0,0,189,166,63,0,0,0,0,61,0,0,0,0,11,8,0,0,0,0,0,0,0,0,strafe_right
0,0,0,0,0,0,0,0,0,23,0,0,33,0,31,7,0,0,0,0,0,38,0,0,0,0,83,48,0,0,0,0,17,40,0,10,0,0,26,73,28,0,0,0,32,391,60,0,0,0,55,202,145,199,228,180,264,476,132,0,0,0,213,392,240,132,78,93,70,131,17,0,0,0,195,184,86,0,0,0,0,57,0,0,0,0,14,16,0,0,0,0,0,0,0,0,strafe_right
0,0,0,0,0,0,0,39,77,72,28,0,0,0,176,127,45,65,35,6,64,148,96,0,0,0,204,162,80,0,0,12,45,93,4,13,0,0,56,116,53,0,0,0,0,128,0,0,0,0,0,0,0,0,0,0,60,104,28,0,0,0,110,220,57,0,0,27,56,131,112,0,0,0,241,238,131,0,0,0,35,268,96,0,0,0,180,184,85,0,0,0,0,41,0,0,none
0,0,0,0,0,0,0,48,87,80,36,0,9,0,179,134,52,77,46,16,73,157,105,0,0,0,207,162,73,0,0,0,34,84,0,0,0,0,45,110,48,0,0,0,0,134,0,0,0,0,0,0,0,0,0,0,62,103,23,0,0,0,96,212,51,0,0,21,52,130,109,0,0,0,233,234,131,0,0,0,40,273,102,0,0,0,173,180,84,0,0,0,0,47,0,0,none
0,0,0,0,0,0,0,44,84,71,26,0,0,0,164,122,39,61,31,0,58,145,101,0,0,0,191,154,71,0,0,6,40,89,6,20,0,0,50,111,53,0,0,0,0,134,0,0,0,0,0,0,0,0,0,0,63,105,27,0,0,0,126,243,65,0,0,28,59,137,118,0,0,0,274,262,150,9,0,0,43,276,101,0,0,0,193,200,90,0,0,0,0,39,0,0,none
0,0,0,0,0,0,0,43,84,79,34,0,4,0,187,136,50,66,41,14,70,152,106,0,0,0,218,171,80,0,0,3,38,82,0,11,0,0,48,108,39,0,0,0,0,112,0,0,0,0,0,0,0,0,0,0,68,109,31,0,0,0,131,247,65,0,0,23,50,125,102,0,0,0,267,257,141,0,0,0,40,266,98,0,0,0,198,207,94,0,0,0,0,46,0,0,none
0,0,0,3,0,0,0,53,92,87,41,0,0,0,174,125,40,56,29,0,52,139,98,0,0,0,200,159,71,0,0,0,37,81,0,32,0,0,58,116,46,0,0,0,0,127,0,0,0,0,0,0,0,0,0,0,62,104,26,0,0,0,120,242,64,0,0,28,58,135,118,0,0,0,268,262,147,11,0,0,47,282,106,8,0,0,189,193,85,0,0,0,0,39,0,0,none
0,0,0,0,0,0,0,46,86,82,35,0,0,0,152,109,32,46,23,0,51,135,95,0,0,0,185,152,66,0,0,0,36,81,0,23,0,0,51,115,46,0,0,0,0,128,0,0,0,0,0,0,0,0,0,0,64,105,28,0,0,0,112,236,64,3,0,29,62,140,114,0,0,0,258,256,147,14,0,0,44,274,102,0,0,0,190,199,92,0,0,0,0,45,0,0,none
0,0,5,29,0,0,0,55,96,95,52,0,0,0,247,185,80,94,56,20,75,168,109,0,0,0,241,187,91,0,0,9,40,93,0,0,0,11,66,144,53,0,0,0,0,152,0,0,0,0,0,0,0,0,0,0,57,92,17,0,0,0,118,225,56,0,0,11,42,103,84,0,0,0,267,248,141,0,0,0,22,214,68,0,0,0,224,220,104,0,0,0,0,29,0,0,none
0,0,23,41,0,0,6,58,98,97,50,0,0,0,244,173,68,77,38,6,60,147,86,0,0,0,243,191,91,0,0,17,45,88,0,0,0,16,63,141,51,0,0,0,0,131,0,0,0,0,0,0,0,0,0,0,60,95,21,0,0,0,132,238,65,0,0,12,44,109,91,0,0,0,282,258,146,0,0,0,21,209,71,0,0,0,244,230,111,0,0,0,0,27,0,0,none
0,0,15,33,0,0,0,57,95,91,44,0,0,0,209,151,58,77,39,6,65,149,99,0,0,0,214,171,83,0,0,22,49,95,10,0,0,0,40,123,46,0,0,0,0,146,0,0,0,0,0,0,0,0,0,0,71,112,30,0,0,0,139,243,93,18,0,9,39,102,83,0,0,0,274,249,143,0,0,0,19,193,66,0,0,0,193,199,74,0,0,0,0,8,0,0,none
0,0,213,182,0,0,0,25,27,25,0,0,0,40,574,336,93,14,0,9,34,59,0,0,0,185,534,335,57,0,0,0,0,0,0,0,0,131,83,106,0,0,0,0,0,0,0,0,0,0,50,133,0,0,0,0,35,21,0,0,0,0,433,465,158,0,0,0,3,0,0,0,0,0,538,415,144,0,0,0,0,0,0,0,0,0,371,264,0,0,0,0,0,0,0,0,backward
0,0,195,154,0,0,0,24,24,25,0,0,0,46,600,352,95,8,0,16,29,59,0,0,0,251,585,367,67,0,0,0,0,0,0,0,0,249,139,157,0,0,0,0,0,0,0,0,0,0,50,126,0,0,0,0,24,4,0,0,0,0,438,469,162,0,0,3,0,0,0,0,0,0,531,407,120,0,0,0,0,0,0,0,0,0,355,250,0,0,0,0,0,0,0,0,backward
0,0,165,132,0,0,0,21,22,32,0,0,0,43,592,347,90,8,0,9,17,57,0,0,0,262,600,377,71,0,0,0,0,0,0,0,0,280,175,182,0,0,0,0,0,0,0,0,0,0,47,127,0,0,0,0,29,16,0,0,0,0,431,462,162,0,0,0,10,0,0,0,0,0,531,415,135,0,0,0,0,0,0,0,0,0,366,266,0,0,0,0,0,0,0,0,backward
0,0,152,122,0,0,0,9,16,18,0,0,0,12,560,332,84,5,0,0,14,54,0,0,0,243,575,371,80,0,0,0,0,15,0,0,0,253,172,185,5,0,0,0,0,0,0,0,0,0,49,133,0,0,0,0,40,33,0,0,0,4,422,461,171,4,0,4,15,0,0,0,0,0,533,414,139,0,0,0,0,0,0,0,0,0,367,264,0,0,0,0,0,0,0,0,backward
0,0,119,118,0,0,0,25,25,31,0,0,0,18,526,332,101,22,0,11,20,57,0,0,0,200,542,358,79,0,0,0,0,9,0,0,0,257,172,190,0,0,0,0,0,12,0,0,0,0,44,127,0,0,0,0,36,27,0,0,0,0,414,458,178,15,0,6,24,10,0,0,0,0,540,425,164,0,0,0,0,0,0,0,0,0,377,274,0,0,0,0,0,0,0,0,backward
0,0,3,0,0,0,0,0,6,0,0,0,0,0,58,0,0,0,0,0,19,17,0,0,0,0,63,25,0,0,0,0,0,5,0,0,0,0,33,6,0,0,0,0,12,0,0,0,6,15,0,0,0,0,0,29,0,0,0,0,0,0,0,0,0,0,0,18,6,0,0,0,0,0,0,0,0,0,0,16,35,0,0,0,0,0,0,0,0,0,0,80,0,0,0,0,none
0,0,0,0,0,0,0,0,20,0,0,0,7,0,54,5,3,0,0,0,27,26,0,0,0,0,60,22,0,0,0,0,3,7,0,0,0,0,18,0,0,0,0,0,9,0,0,0,0,0,0,0,0,0,0,21,0,0,0,0,0,0,0,0,0,0,0,24,12,0,0,0,0,0,0,0,0,0,0,19,42,0,0,0,0,0,0,0,0,0,0,72,0,0,0,0,none
0,0,0,0,0,0,0,0,21,0,0,0,5,0,36,0,0,0,0,0,31,39,0,0,0,0,47,12,0,0,0,0,16,25,0,0,0,0,0,0,0,0,0,0,5,0,0,0,0,0,0,0,0,0,0,18,0,0,0,0,0,7,0,0,0,0,0,16,8,0,0,0,0,0,13,0,0,0,0,10,34,0,0,0,0,0,0,0,0,0,0,83,9,0,0,0,none
0,0,0,0,0,0,0,0,14,0,0,0,7,0,48,0,6,0,0,0,26,24,0,0,0,0,59,22,0,0,0,0,10,15,0,0,0,0,5,0,0,0,0,0,8,0,0,0,0,0,0,0,0,0,0,23,0,0,0,0,0,3,0,0,0,0,0,18,11,0,0,0,0,0,4,0,0,0,0,10,32,0,0,0,0,0,0,0,0,0,0,68,0,0,0,0,none
0,0,0,0,0,0,0,0,63,72,0,0,24,0,32,0,0,0,0,0,24,34,0,0,9,0,53,23,0,0,0,0,32,58,0,0,0,0,12,6,0,0,0,0,77,75,0,0,23,16,0,0,0,0,17,59,24,0,0,0,23,14,16,0,0,0,0,40,39,0,0,0,0,0,24,0,0,0,0,21,44,0,0,0,0,0,0,0,0,0,0,90,10,0,0,0,none
0,0,0,0,0,0,0,0,70,85,0,0,27,0,30,0,0,0,0,0,26,37,0,0,8,0,52,20,0,0,0,0,30,57,0,0,0,0,4,0,0,0,0,0,66,65,0,0,22,12,0,0,0,0,16,57,26,0,0,0,22,14,16,0,0,0,0,40,42,0,0,0,0,0,27,0,0,0,0,21,46,0,0,0,0,0,0,0,0,0,0,104,18,0,0,0,none
0,0,29,0,0,0,0,0,45,64,0,0,24,0,53,17,12,0,0,0,30,36,0,0,10,0,62,36,0,0,0,0,17,12,0,0,0,0,0,0,0,0,0,0,59,21,0,0,22,28,0,0,0,0,25,78,34,0,0,0,19,14,21,0,0,0,0,47,46,0,0,0,0,0,24,0,0,0,0,26,49,0,0,0,0,0,0,0,0,0,0,87,0,0,0,0,none
0,0,5,0,0,0,0,0,44,78,0,0,21,0,40,7,7,0,0,0,38,51,0,0,22,0,52,22,0,0,0,0,22,22,0,0,0,0,0,0,0,0,0,0,65,26,0,0,13,10,0,0,0,0,0,42,13,0,0,0,25,17,16,0,0,0,0,38,47,0,0,0,0,5,32,0,0,0,0,32,59,0,0,0,0,0,5,0,0,0,0,132,36,0,0,0,none
0,0,20,0,0,0,0,0,28,40,0,0,20,3,65,28,10,0,0,0,33,39,0,0,19,6,80,49,0,0,0,0,21,23,0,0,0,0,23,10,0,0,0,0,84,39,0,0,16,10,0,0,0,0,13,54,21,0,0,0,21,17,18,0,0,0,0,38,47,0,0,0,0,0,30,0,0,0,0,31,62,0,0,0,0,0,0,0,0,0,0,117,28,0,0,0,none
0,0,18,0,0,0,0,0,41,62,0,0,29,0,59,23,14,0,0,0,36,47,0,0,15,0,62,34,0,0,0,0,12,18,0,0,0,0,13,0,0,0,0,0,87,40,0,0,9,10,0,0,0,0,5,44,15,0,0,0,25,23,21,0,0,0,0,40,46,0,0,0,0,8,35,0,0,0,0,28,58,0,0,0,0,0,5,0,0,0,0,124,30,0,0,0,none
0,0,27,0,4,33,65,42,101,146,0,0,24,0,38,13,21,0,0,0,45,46,0,0,0,0,45,6,0,0,0,0,12,0,0,0,0,0,0,0,0,0,0,0,15,0,0,0,0,0,0,0,0,0,0,14,0,0,0,0,7,15,11,0,0,0,0,19,26,0,0,0,9,22,42,0,0,0,0,21,55,0,0,0,0,0,61,0,0,0,0,167,66,0,21,0,strafe_left
0,0,56,39,35,61,99,64,123,174,0,0,17,0,46,20,33,6,0,0,43,54,0,0,0,0,54,13,0,0,0,0,9,0,0,0,0,0,0,0,0,0,0,0,21,0,0,0,0,0,0,0,0,0,0,0,0,0,0,0,0,26,20,0,0,0,0,4,0,0,0,0,18,52,61,0,0,0,0,7,54,0,0,0,0,6,102,0,0,0,0,149,74,0,20,0,strafe_left
0,0,56,38,33,58,106,65,126,166,0,0,23,0,50,27,36,12,0,0,46,48,0,0,0,0,54,12,0,0,0,0,3,0,0,0,0,0,0,0,0,0,0,0,11,0,0,0,0,0,0,0,0,0,0,0,0,0,0,0,0,31,23,0,0,0,0,3,0,0,0,0,22,55,59,0,0,0,0,0,42,0,0,0,0,15,101,0,0,0,0,139,70,0,9,0,strafe_left
0,0,55,36,35,57,108,66,127,176,5,0,24,0,59,34,46,17,0,0,53,60,0,0,0,0,51,10,0,0,0,0,0,0,0,0,0,0,0,0,0,0,0,0,16,0,0,0,0,0,0,0,0,0,0,0,0,0,0,0,0,40,28,0,0,0,0,5,0,0,0,0,25,51,60,0,0,0,0,0,42,0,0,0,0,16,101,0,0,0,0,135,67,0,5,0,strafe_left
0,0,59,38,39,57,95,54,119,166,0,0,17,0,46,22,33,9,0,0,47,56,0,0,0,0,53,13,0,0,0,0,8,0,0,0,0,0,0,0,0,0,0,0,21,0,0,0,0,0,0,0,0,0,0,0,0,0,0,0,0,35,27,0,0,0,0,0,0,0,0,0,33,49,61,0,0,0,0,4,48,0,0,0,0,23,105,0,0,0,0,126,63,0,0,0,strafe_left
0,0,63,46,40,66,104,67,133,186,17,0,29,0,56,31,41,13,0,0,43,51,0,0,0,0,50,11,0,0,0,0,0,0,0,0,0,0,0,0,0,0,0,0,20,0,0,0,0,0,0,0,0,0,0,0,0,0,0,0,0,39,28,0,0,0,0,0,0,0,0,0,23,41,54,0,0,0,0,0,39,0,0,0,0,8,74,0,0,0,0,89,40,0,0,0,strafe_left
0,0,59,38,26,48,81,53,114,165,3,0,26,0,61,35,41,14,0,0,51,59,0,0,0,0,59,19,0,0,0,0,0,0,0,0,0,0,0,0,0,0,0,0,20,0,0,0,0,0,0,0,0,0,0,0,0,0,0,0,9,42,31,0,0,0,0,7,4,0,0,0,32,47,56,0,0,0,0,3,37,0,0,0,0,0,54,0,0,0,0,80,31,0,0,0,strafe_left
0,0,64,37,23,34,51,26,78,112,0,0,17,0,53,28,30,0,0,0,35,32,0,0,0,0,65,26,0,0,0,0,8,0,0,0,0,0,0,0,0,0,0,0,20,0,0,0,0,0,0,0,0,0,0,0,0,0,0,0,0,29,22,0,0,0,0,3,0,0,0,0,40,55,62,0,0,0,0,4,36,0,0,0,0,6,71,0,0,0,0,88,35,0,0,0,strafe_left
0,0,70,40,23,42,56,32,83,100,0,0,29,14,72,47,44,8,0,0,43,32,0,0,0,0,64,19,0,0,0,0,0,0,0,0,0,0,0,0,0,0,0,0,14,0,0,0,0,0,0,0,0,0,0,0,0,0,0,0,0,36,31,0,0,0,0,8,0,0,0,0,43,59,62,0,0,0,0,0,31,0,0,0,0,0,64,0,0,0,0,89,30,0,0,0,strafe_left
0,0,78,43,19,33,36,21,65,72,0,0,19,28,77,47,38,0,0,0,36,22,0,0,0,0,80,36,0,0,0,0,7,0,0,0,0,0,0,0,0,0,0,0,5,0,0,0,0,0,0,0,0,0,0,0,0,0,0,0,0,29,28,0,0,0,0,6,3,0,0,0,39,56,65,0,0,0,0,11,41,0,0,0,0,0,62,0,0,0,0,93,32,0,0,0,strafe_left
4,0,72,46,29,47,62,39,89,125,0,0,20,0,53,25,33,0,0,0,29,25,0,0,0,0,64,24,0,0,0,0,6,0,0,0,0,0,0,0,0,0,0,0,16,0,0,0,0,0,0,0,0,0,0,0,0,0,0,0,0,16,14,0,0,0,0,0,0,0,0,0,8,32,50,0,0,0,0,9,43,0,0,0,0,0,40,0,0,0,0,98,36,0,0,0,strafe_left
0,0,14,0,0,35,73,51,118,171,0,0,10,0,24,0,8,0,0,0,49,72,0,0,0,0,24,0,0,0,0,0,15,6,0,0,0,0,0,0,0,0,0,0,25,0,0,0,0,0,0,0,0,0,0,15,0,0,0,0,0,0,0,0,0,0,0,9,15,0,0,0,0,0,9,0,0,0,0,13,50,0,0,0,0,0,6,0,0,0,0,115,46,0,0,0,strafe_left
0,0,0,0,0,0,0,0,4,7,0,0,6,0,32,0,0,0,0,0,10,18,0,0,27,0,63,33,0,0,0,0,18,39,0,0,0,0,51,57,8,0,0,0,211,178,0,0,12,0,0,0,0,16,48,105,39,0,0,0,15,0,0,0,0,0,0,5,0,0,0,0,0,0,0,0,0,0,0,0,0,0,0,0,0,0,0,0,0,0,0,0,0,0,0,0,strafe_right
0,0,0,0,0,0,0,0,72,80,0,0,0,0,0,0,0,0,0,0,42,76,20,0,0,0,0,0,0,0,0,0,35,72,0,0,0,0,0,0,0,0,0,0,149,114,0,0,0,0,0,0,0,0,21,105,65,0,0,0,0,0,0,0,0,0,0,53,48,0,0,0,0,0,0,0,0,0,0,12,47,0,0,0,0,0,0,0,0,0,0,37,0,0,0,0,forward
0,0,0,0,0,0,0,0,80,88,0,0,0,0,0,0,0,0,0,0,39,84,29,0,0,0,0,0,0,0,0,0,32,70,0,0,0,0,0,0,0,0,0,0,156,116,0,0,0,0,0,0,0,0,17,103,72,0,0,0,0,0,0,0,0,0,0,55,55,0,0,0,0,0,0,0,0,0,0,13,55,0,0,0,0,0,0,0,0,0,0,49,0,0,0,0,forward
0,0,0,0,0,0,0,0,85,100,0,0,0,0,0,0,0,0,0,0,47,98,40,0,0,0,0,0,0,0,0,0,22,63,0,0,0,0,0,0,0,0,0,0,132,106,0,0,0,0,0,0,0,0,7,92,69,0,0,0,0,0,0,0,0,0,0,58,61,0,0,0,0,0,0,0,0,0,0,15,60,0,0,0,0,0,0,0,0,0,0,45,0,0,0,0,forward
0,0,0,0,0,0,0,0,79,97,0,0,0,0,0,0,0,0,0,0,44,95,45,0,0,0,0,0,0,0,0,0,21,67,0,11,0,0,0,0,0,0,0,0,115,99,0,0,0,0,0,0,0,0,0,67,66,0,0,0,0,0,0,0,0,0,0,47,60,0,0,0,0,0,0,0,0,0,0,0,56,0,0,0,0,0,0,0,0,0,0,35,0,0,0,0,forward
0,0,0,0,0,0,0,0,81,97,0,0,0,0,0,0,0,0,0,0,43,91,44,0,0,0,0,0,0,0,0,0,18,64,0,3,0,0,0,0,0,0,0,0,115,91,0,0,0,0,0,0,0,0,0,41,47,0,0,0,0,0,0,0,0,0,0,22,59,4,11,0,0,0,0,0,0,0,0,0,68,0,33,0,0,0,0,0,0,0,0,9,0,0,0,0,forward
0,0,0,0,0,0,0,0,88,103,0,0,0,0,0,0,0,0,0,0,39,91,42,0,0,0,0,0,0,0,0,0,19,65,0,14,0,0,0,0,0,0,0,0,111,93,0,0,0,0,0,0,0,0,0,50,57,0,0,0,0,0,0,0,0,0,0,36,75,13,17,0,0,0,0,0,0,0,0,0,65,0,12,0,0,0,0,0,0,0,0,16,7,0,0,0,forward
0,0,0,0,0,0,0,0,29,74,0,0,0,0,0,0,0,0,0,0,36,94,49,0,0,0,0,0,0,0,0,0,24,74,0,31,0,0,0,0,0,0,0,0,101,88,0,0,0,0,0,0,0,0,0,39,54,0,0,0,0,0,0,0,0,0,0,16,68,10,13,0,0,0,0,0,0,0,0,0,75,0,13,0,0,0,0,0,0,0,0,20,12,0,0,0,forward
0,0,0,0,0,0,0,0,33,86,0,0,0,0,0,0,0,0,0,0,35,103,61,0,0,0,0,0,0,0,0,0,14,65,0,20,0,0,0,0,0,0,0,0,66,57,0,0,0,0,0,0,0,0,0,30,44,0,0,0,0,0,0,0,0,0,0,21,73,14,9,0,0,0,0,0,0,0,0,0,74,0,0,0,0,0,0,0,0,0,0,21,9,0,0,0,forward
0,0,0,0,0,0,0,0,91,111,3,0,0,0,0,0,0,0,0,0,36,96,47,0,0,0,0,0,0,0,0,0,17,65,0,0,0,0,0,0,0,0,0,0,93,78,0,0,0,0,0,0,0,0,0,74,72,0,0,0,0,0,0,0,0,0,0,45,67,4,0,0,0,0,0,0,0,0,0,0,53,0,0,0,0,0,0,0,0,0,0,6,0,0,0,0,forward
0,0,0,0,0,0,0,0,93,111,0,0,0,0,0,0,0,0,0,0,42,100,46,0,0,0,0,0,0,0,0,0,20,63,0,4,0,0,0,0,0,0,0,0,103,84,0,0,0,0,0,0,0,0,0,74,72,0,0,0,0,0,0,0,0,0,0,51,70,8,0,0,0,0,0,0,0,0,0,0,50,0,0,0,0,0,0,0,0,0,0,10,0,0,0,0,forward
0,0,0,0,0,0,0,0,91,104,0,0,0,0,0,0,0,0,0,0,50,95,32,0,0,0,0,0,0,0,0,0,39,68,0,0,0,0,0,0,0,0,0,0,118,86,0,0,0,0,0,0,0,0,0,73,52,0,0,0,0,0,0,0,0,0,0,54,64,0,0,0,0,0,0,0,0,0,0,7,57,0,0,0,0,0,0,0,0,0,0,29,0,0,0,0,forward
0,0,0,0,0,0,0,0,99,109,0,0,0,0,0,0,0,0,0,0,44,85,18,0,0,0,0,0,0,0,0,0,34,61,0,0,0,0,0,0,0,0,0,0,124,91,0,0,0,0,0,0,0,0,8,88,56,0,0,0,0,0,0,0,0,0,0,58,64,0,0,0,0,0,0,0,0,0,0,6,51,0,0,0,0,0,0,0,0,0,0,34,0,0,0,0,forward
0,0,0,0,0,0,0,0,84,93,0,0,0,0,0,0,0,0,0,0,53,92,31,0,0,0,0,0,0,0,0,0,40,67,0,0,0,0,0,0,0,0,0,0,118,85,0,0,0,0,0,0,0,0,5,80,46,0,0,0,0,0,0,0,0,0,0,56,59,0,0,0,0,0,0,0,0,0,0,12,53,0,0,0,0,0,0,0,0,0,0,40,0,0,0,0,forward
0,0,0,0,0,0,0,0,87,98,0,0,0,0,0,0,0,0,0,0,54,95,29,0,0,0,0,0,0,0,0,0,40,69,0,0,0,0,0,0,0,0,0,0,114,78,0,0,0,0,0,0,0,0,7,81,45,0,0,0,0,0,0,0,0,0,0,53,50,0,0,0,0,0,0,0,0,0,0,13,51,0,0,0,0,0,0,0,0,0,0,28,0,0,0,0,forward
0,0,0,0,0,0,0,0,96,104,0,0,0,0,0,0,0,0,0,0,43,84,13,0,0,0,0,0,0,0,0,0,34,61,0,0,0,0,0,0,0,0,0,0,125,90,0,0,0,0,0,0,0,0,20,97,56,0,0,0,0,0,0,0,0,0,0,46,44,0,0,0,0,0,0,0,0,0,0,11,49,0,0,0,0,0,0,0,0,0,0,33,0,0,0,0,forward
0,0,0,0,0,0,0,0,98,99,0,0,0,0,0,0,0,0,0,0,40,73,0,0,0,0,0,0,0,0,0,0,33,53,0,0,0,0,0,0,0,0,0,0,129,89,0,0,0,0,0,0,0,0,25,94,48,0,0,0,0,0,0,0,0,0,0,36,24,0,0,0,0,0,0,0,0,0,0,10,38,0,0,0,0,0,0,0,0,0,0,31,0,0,0,0,forward
0,0,0,0,0,0,0,0,93,84,0,0,5,0,0,0,0,0,0,0,43,68,0,0,9,0,31,0,0,0,0,0,28,44,0,0,0,0,0,0,0,0,0,0,115,72,0,0,0,0,0,0,0,0,18,85,44,0,0,0,0,0,0,0,0,0,0,38,31,0,0,0,0,0,0,0,0,0,0,13,40,0,0,0,0,0,0,0,0,0,0,30,0,0,0,0,forward
0,0,0,0,0,0,0,0,91,74,0,0,15,0,24,0,0,0,0,0,44,60,0,0,12,0,32,0,0,0,0,0,15,29,0,0,0,0,0,0,0,0,0,0,117,76,0,0,0,0,0,0,0,0,16,96,63,0,0,0,0,0,0,0,0,0,0,56,53,0,0,0,0,0,0,0,0,0,0,14,51,0,0,0,0,0,0,0,0,0,0,27,0,0,0,0,forward
0,0,0,0,0,0,0,0,81,97,0,0,0,0,0,0,0,0,0,0,46,84,15,0,0,0,0,0,0,0,0,0,35,65,0,0,0,0,0,0,0,0,0,0,125,94,0,0,0,0,0,0,0,0,9,85,60,0,0,0,0,0,0,0,0,0,0,55,54,0,0,0,0,0,0,0,0,0,0,11,53,0,0,0,0,0,0,0,0,0,0,37,0,0,0,0,forward
0,0,0,0,0,0,0,0,84,98,0,0,0,0,0,0,0,0,0,0,45,102,48,0,0,0,0,0,0,0,0,0,28,66,0,0,0,0,0,0,0,0,0,0,121,96,0,0,0,0,0,0,0,0,5,84,62,0,0,0,0,0,0,0,0,0,0,51,54,0,0,0,0,0,0,0,0,0,0,9,57,0,0,0,0,0,0,0,0,0,0,39,0,0,0,0,forward
0,0,0,0,0,0,0,0,87,109,0,0,0,0,0,0,0,0,0,0,50,109,54,0,0,0,0,0,0,0,0,0,22,63,0,0,0,0,0,0,0,0,0,0,109,92,0,0,0,0,0,0,0,0,0,71,60,0,0,0,0,0,0,0,0,0,0,53,63,0,0,0,0,0,0,0,0,0,0,5,59,0,0,0,0,0,0,0,0,0,0,33,0,0,0,0,forward
0,0,0,0,0,0,0,0,75,104,0,0,0,0,0,0,0,0,0,0,41,106,61,0,0,0,0,0,0,0,0,0,32,79,0,21,0,0,0,0,0,0,0,0,96,84,0,0,0,0,0,0,0,0,0,54,46,0,0,0,0,0,0,0,0,0,0,43,56,0,0,0,0,0,0,0,0,0,0,0,67,0,0,0,0,0,0,0,0,0,0,36,0,0,0,0,forward
0,0,0,0,0,0,0,0,48,98,5,0,0,0,0,0,0,0,0,0,37,102,61,0,0,0,0,0,0,0,0,0,10,72,0,26,0,0,0,0,0,0,0,0,89,86,0,0,0,0,0,0,0,0,0,46,42,0,0,0,0,0,0,0,0,0,0,32,57,3,0,0,0,0,0,0,0,0,0,0,61,0,0,0,0,0,0,0,0,0,0,33,4,0,0,0,forward
0,0,0,0,0,0,0,0,46,96,0,0,0,0,0,0,0,0,0,0,46,112,67,0,0,0,0,0,0,0,0,0,14,66,0,4,0,0,0,0,0,0,0,0,95,85,0,0,0,0,0,0,0,0,0,65,58,0,0,0,0,0,0,0,0,0,0,56,67,5,0,0,0,0,0,0,0,0,0,0,59,0,0,0,0,0,0,0,0,0,0,35,0,0,0,0,forward
0,0,0,0,0,0,0,0,86,114,0,0,0,0,0,0,0,0,0,0,42,100,58,0,0,0,0,0,0,0,0,0,26,77,0,5,0,0,0,0,0,0,0,0,115,96,0,0,0,0,0,0,0,0,0,65,43,0,0,0,0,0,0,0,0,0,0,49,56,0,0,0,0,0,0,0,0,0,0,12,62,0,0,0,0,0,0,0,0,0,0,61,6,0,0,0,forward
0,0,0,0,0,0,0,0,94,96,0,0,0,0,0,0,0,0,0,0,49,87,20,0,0,0,23,0,0,0,0,0,32,58,0,0,0,0,0,0,0,0,0,0,130,99,0,0,0,0,0,0,0,0,14,84,50,0,0,0,0,0,0,0,0,0,0,41,41,0,0,0,0,0,0,0,0,0,0,19,49,0,0,0,0,0,0,0,0,0,0,38,0,0,0,0,forward
0,0,0,0,0,0,0,0,87,89,0,0,0,0,0,0,0,0,0,0,44,83,14,0,0,0,20,0,0,0,0,0,37,64,0,0,0,0,0,0,0,0,0,0,135,101,0,0,0,0,0,0,0,0,12,82,47,0,0,0,0,0,0,0,0,0,0,42,41,0,0,0,0,0,0,0,0,0,0,19,53,0,0,0,0,0,0,0,0,0,0,40,0,0,0,0,forward
0,0,0,0,0,0,0,0,92,97,0,0,0,0,0,0,0,0,0,0,46,86,19,0,0,0,19,0,0,0,0,0,40,66,0,0,0,0,0,0,0,0,0,0,130,95,0,0,0,0,0,0,0,0,10,80,45,0,0,0,0,0,0,0,0,0,0,42,40,0,0,0,0,0,0,0,0,0,0,18,55,0,0,0,0,0,0,0,0,0,0,36,0,0,0,0,forward
0,0,0,0,0,0,0,0,82,86,0,0,0,0,0,0,0,0,0,0,45,81,13,0,0,0,19,0,0,0,0,0,36,64,0,0,0,0,0,0,0,0,0,0,139,104,0,0,0,0,0,0,0,0,5,74,47,0,0,0,0,0,0,0,0,0,0,44,47,0,0,0,0,0,0,0,0,0,0,6,55,0,0,0,0,0,0,0,0,0,0,35,0,0,0,0,forward
0,0,0,0,0,0,0,48,51,34,0,0,0,0,0,0,0,0,0,0,97,65,0,0,0,0,0,0,0,0,0,0,88,34,0,0,0,0,0,0,0,0,0,0,12,0,0,0,0,0,0,0,0,0,0,54,33,0,0,0,0,0,0,0,0,0,0,60,136,12,0,0,0,0,0,0,0,0,0,42,79,0,0,0,0,0,0,0,0,0,0,128,15,0,0,0,forward
0,0,0,0,0,0,0,54,58,38,0,0,19,0,14,0,0,0,0,0,74,48,0,0,0,0,0,0,0,0,0,0,73,19,0,0,0,0,0,0,0,0,0,0,22,0,0,0,0,0,0,0,0,0,0,40,18,0,0,0,0,31,0,0,0,0,0,46,106,8,0,0,0,0,0,0,0,0,0,36,59,0,0,0,0,0,0,0,0,0,0,109,11,0,0,0,forward
0,129,107,5,0,0,0,48,41,0,0,0,35,207,129,23,0,0,0,0,33,0,0,0,25,0,61,0,0,0,0,0,28,0,0,0,0,0,0,0,0,0,0,0,0,0,0,0,0,171,77,0,0,0,0,24,0,0,0,0,0,167,83,0,0,0,0,34,42,0,0,0,0,117,52,0,0,0,0,6,22,0,0,0,0,0,0,0,0,0,0,41,0,0,0,0,backward
0,118,92,0,0,0,0,20,15,0,0,0,29,212,132,24,0,0,0,0,39,0,0,0,34,12,69,0,0,0,0,0,37,0,0,0,0,0,0,0,0,0,0,0,0,0,0,0,0,205,91,0,0,0,0,27,0,0,0,0,0,168,80,0,0,0,0,23,21,0,0,0,0,119,55,0,0,0,0,3,19,0,0,0,0,0,0,0,0,0,0,42,0,0,0,0,backward
0,129,109,5,0,0,0,49,37,0,0,0,33,207,134,28,0,0,0,0,49,0,0,0,26,6,63,0,0,0,0,0,18,0,0,0,0,0,0,0,0,0,0,0,0,0,0,0,0,206,69,0,0,0,0,11,0,0,0,0,0,222,104,0,0,0,0,26,27,0,0,0,25,208,99,0,0,0,0,7,29,0,0,0,0,0,0,0,0,0,0,53,0,0,0,0,backward
4,133,110,0,0,0,0,28,21,0,0,0,23,212,130,16,0,0,0,0,40,0,0,0,28,10,69,0,0,0,0,0,29,0,0,0,0,0,0,0,0,0,0,0,4,0,0,0,0,227,90,0,0,0,0,29,0,0,0,0,0,221,105,0,0,0,0,27,26,0,0,0,9,188,86,0,0,0,0,0,16,0,0,0,0,0,0,0,0,0,0,32,0,0,0,0,backward
0,139,110,0,0,0,0,22,20,0,0,0,36,243,151,29,0,0,0,0,39,0,0,0,46,35,91,0,0,0,0,0,21,0,0,0,0,0,0,0,0,0,0,0,0,0,0,0,0,266,114,0,0,0,0,20,0,0,0,0,0,233,110,0,0,0,0,6,0,0,0,0,8,207,95,0,0,0,0,0,0,0,0,0,0,0,0,0,0,0,0,0,0,0,0,0,backward
0,65,78,0,0,0,0,3,0,0,0,0,24,274,166,26,0,0,0,0,31,0,0,0,69,39,103,7,0,0,0,0,33,0,0,0,0,0,0,0,0,0,0,0,0,0,0,0,4,265,120,0,0,0,0,34,0,0,0,0,0,236,108,0,0,0,0,21,3,0,0,0,0,184,87,0,0,0,0,0,0,0,0,0,0,0,0,0,0,0,0,0,0,0,0,0,backward
0,89,89,0,0,0,0,22,14,0,0,0,30,239,154,25,0,0,0,0,35,0,0,0,48,37,93,0,0,0,0,0,29,0,0,0,0,0,0,0,0,0,0,0,0,0,0,0,0,199,85,0,0,0,0,22,0,0,0,0,0,200,93,0,0,0,0,28,34,0,0,0,0,167,76,0,0,0,0,8,16,0,0,0,0,0,0,0,0,0,0,40,0,0,0,0,backward
0,85,88,0,0,0,0,30,22,0,0,0,31,213,141,21,0,0,0,0,38,0,0,0,45,28,85,0,0,0,0,0,30,0,0,0,0,0,0,0,0,0,0,0,0,0,0,0,0,171,65,0,0,0,0,23,0,0,0,0,0,178,85,0,0,0,0,29,44,0,0,0,0,146,72,0,0,0,0,16,24,0,0,0,0,0,0,0,0,0,0,64,0,0,0,0,backward
0,95,96,0,0,0,0,30,25,0,0,0,34,236,150,28,0,0,0,0,41,0,0,0,54,33,90,0,0,0,0,0,21,0,0,0,0,0,0,0,0,0,0,0,0,0,0,0,0,233,91,0,0,0,0,27,0,0,0,0,0,208,99,0,0,0,0,32,46,0,0,0,0,181,85,0,0,0,0,19,27,0,0,0,0,0,0,0,0,0,0,45,0,0,0,0,backward
0,101,86,0,0,0,0,20,14,0,0,0,29,258,155,25,0,0,0,0,36,0,0,0,61,38,95,0,0,0,0,0,31,0,0,0,0,0,0,0,0,0,0,0,0,0,0,0,0,233,95,0,0,0,0,28,0,0,0,0,0,209,96,0,0,0,0,34,50,0,0,0,0,171,78,0,0,0,0,16,26,0,0,0,0,0,0,0,0,0,0,54,0,0,0,0,backward
6,108,93,0,0,0,0,19,13,0,0,0,25,253,152,23,0,0,0,0,36,0,0,0,62,35,92,0,0,0,0,0,26,0,0,0,0,0,0,0,0,0,0,0,0,0,0,0,0,218,93,0,0,0,0,33,0,0,0,0,0,190,84,0,0,0,0,28,47,0,0,0,0,149,71,0,0,0,0,16,26,0,0,0,0,0,0,0,0,0,0,63,0,0,0,0,backward
0,60,73,0,0,0,0,22,14,0,0,0,28,191,130,16,0,0,0,0,38,0,0,0,56,19,79,0,0,0,0,0,28,0,0,0,0,0,0,0,0,0,0,0,0,0,0,0,0,167,67,0,0,0,0,31,0,0,0,0,0,172,77,0,0,0,0,28,54,0,0,0,0,124,63,0,0,0,0,17,29,0,0,0,0,0,0,0,0,0,0,87,0,0,0,0,backward
9,78,81,0,0,0,0,41,39,0,0,0,44,184,124,19,0,0,0,0,40,0,0,0,25,0,56,0,0,0,0,0,23,0,0,0,0,0,0,0,0,0,0,0,3,0,0,0,0,132,54,0,0,0,0,35,0,0,0,0,0,155,66,0,0,0,0,31,61,0,0,0,0,119,57,0,0,0,0,16,33,0,0,0,0,0,0,0,0,0,0,112,0,0,0,0,backward
0,89,85,0,0,0,0,25,21,0,0,0,34,203,135,24,0,0,0,0,35,0,0,0,43,20,81,0,0,0,0,0,25,0,0,0,0,0,0,0,0,0,0,0,0,0,0,0,0,167,63,0,0,0,0,22,0,0,0,0,0,184,85,0,0,0,0,32,59,0,0,0,0,150,70,0,0,0,0,19,33,0,0,0,0,0,0,0,0,0,0,88,0,0,0,0,backward
0,129,105,4,0,0,0,40,34,0,0,0,27,224,146,33,0,0,0,0,36,0,0,0,23,17,84,0,0,0,0,0,20,0,0,0,0,0,0,0,0,0,0,0,0,0,0,0,0,185,58,0,0,0,0,14,0,0,0,0,0,208,96,0,0,0,0,31,55,0,0,0,7,170,86,0,0,0,0,18,32,0,0,0,0,0,0,0,0,0,0,82,0,0,0,0,backward
5,138,108,9,0,0,0,38,31,0,0,0,28,225,147,33,0,0,0,0,40,0,0,0,15,13,80,0,0,0,0,0,22,0,0,0,0,0,0,0,0,0,0,0,0,0,0,0,0,179,53,0,0,0,0,13,0,0,0,0,0,201,90,0,0,0,0,28,53,0,0,0,0,169,84,0,0,0,0,14,31,0,0,0,0,0,0,0,0,0,0,79,0,0,0,0,backward
0,0,0,0,0,0,0,0,17,0,0,0,12,129,85,0,0,0,0,0,16,0,0,0,46,222,139,19,0,0,0,0,47,9,0,0,9,30,57,0,0,0,0,0,20,0,0,0,0,0,0,0,0,0,0,0,0,0,0,0,36,236,73,0,0,0,0,29,89,0,0,0,15,21,47,0,0,0,0,0,30,0,0,0,0,0,16,0,0,0,0,70,4,0,0,0,backward
0,0,7,0,0,0,0,0,13,0,0,0,0,186,115,0,0,0,0,0,13,0,0,0,42,272,163,25,0,0,0,0,40,0,0,0,12,43,66,0,0,0,0,0,22,0,0,0,0,0,0,0,0,0,0,0,0,0,0,0,48,249,77,0,0,0,0,27,86,0,0,0,19,26,51,0,0,0,0,0,28,0,0,0,0,0,17,0,0,0,0,62,0,0,0,0,backward
0,0,0,0,0,0,0,0,7,0,0,0,7,197,124,0,0,0,0,0,26,0,0,0,45,284,173,35,0,0,0,0,44,5,0,0,10,45,63,0,0,0,0,0,12,0,0,0,7,0,0,0,0,0,0,6,0,0,0,0,50,250,78,0,0,0,0,25,83,0,0,0,16,20,45,0,0,0,0,0,25,0,0,0,0,0,18,0,0,0,0,66,3,0,0,0,backward
0,0,7,0,0,0,0,0,19,0,0,0,12,202,126,0,0,0,0,0,13,0,0,0,32,273,161,19,0,0,0,0,38,0,0,0,8,54,70,0,0,0,0,0,18,0,0,0,22,0,0,0,0,0,0,0,0,0,0,0,31,248,81,0,0,0,0,31,87,0,0,0,9,20,49,0,0,0,0,0,29,0,0,0,0,0,0,0,0,0,0,60,0,0,0,0,backward
0,0,0,0,0,0,0,0,14,0,0,0,22,130,92,0,0,0,0,0,32,0,0,0,62,239,147,27,0,0,0,0,46,7,0,0,0,18,48,0,0,0,0,0,14,0,0,0,24,0,0,0,0,0,0,16,0,0,0,0,24,229,75,0,0,0,0,35,103,0,0,0,0,0,38,0,0,0,0,0,28,0,0,0,0,0,3,0,0,0,0,65,0,0,0,0,backward
0,0,0,0,0,0,0,0,4,0,0,0,15,149,98,0,0,0,0,0,30,0,0,0,49,199,134,17,0,0,0,0,47,12,0,0,0,0,38,0,0,0,0,0,19,0,0,0,0,0,0,0,0,0,0,0,0,0,0,0,14,215,63,0,0,0,0,30,100,0,0,0,16,15,44,0,0,0,0,0,37,0,0,0,0,0,20,0,0,0,0,93,19,0,0,0,backward
0,0,0,0,0,0,0,0,18,0,0,0,24,166,108,0,0,0,0,0,34,0,0,0,40,201,130,8,0,0,0,0,36,0,0,0,0,0,31,0,0,0,0,0,21,0,0,0,0,0,0,0,0,0,0,8,0,0,0,0,10,219,63,0,0,0,0,30,103,0,0,0,13,12,40,0,0,0,0,0,36,0,0,0,0,0,19,0,0,0,0,88,19,0,0,0,backward
3,6,8,0,0,0,0,0,16,0,0,0,11,154,97,0,0,0,0,0,24,0,0,0,43,211,137,17,0,0,0,0,43,7,0,0,0,0,37,0,0,0,0,0,28,0,0,0,0,0,0,0,0,0,0,4,0,0,0,0,33,239,76,0,0,0,0,31,98,0,0,0,18,18,47,0,0,0,0,0,31,0,0,0,0,0,5,0,0,0,0,53,0,0,0,0,backward
0,3,10,0,0,0,0,0,21,0,0,0,19,163,104,0,0,0,0,0,24,0,0,0,39,212,135,12,0,0,0,0,43,0,0,0,0,3,38,0,0,0,0,0,24,0,0,0,0,0,0,0,0,0,0,3,0,0,0,0,32,240,75,0,0,0,0,31,98,0,0,0,13,15,44,0,0,0,0,0,30,0,0,0,0,0,5,0,0,0,0,58,0,0,0,0,backward
0,0,0,0,0,0,0,0,0,0,0,0,12,165,104,0,0,0,0,0,31,0,0,0,45,216,141,20,0,0,0,0,52,11,0,0,0,8,41,0,0,0,0,0,23,0,0,0,0,0,0,0,0,0,0,10,0,0,0,0,36,244,79,0,0,0,0,35,103,0,0,0,13,15,43,0,0,0,0,0,25,0,0,0,0,0,4,0,0,0,0,62,0,0,0,0,backward
0,0,0,0,0,0,0,0,18,0,0,0,24,172,110,0,0,0,0,0,35,0,0,0,40,212,134,11,0,0,0,0,38,0,0,0,0,3,35,0,0,0,0,0,23,0,0,0,0,0,0,0,0,0,0,4,0,0,0,0,32,240,74,0,0,0,0,31,99,0,0,0,13,14,44,0,0,0,0,0,29,0,0,0,0,0,11,0,0,0,0,69,4,0,0,0,backward
0,0,0,0,0,0,0,0,31,5,0,0,22,0,9,0,0,0,0,0,76,26,0,0,0,0,33,0,0,0,0,0,84,78,19,0,0,0,0,0,0,0,0,0,39,0,0,0,0,0,0,0,0,0,0,34,14,0,0,0,0,11,0,0,0,0,0,45,152,19,0,0,0,0,0,0,0,0,0,15,61,0,0,0,0,0,0,0,0,0,0,107,30,0,0,0,forward
0,0,0,0,0,0,0,0,0,0,0,0,0,0,0,0,0,0,0,0,17,0,0,0,0,17,61,8,0,0,0,0,112,139,87,0,0,0,35,7,0,0,0,0,210,0,0,0,33,0,0,0,0,0,30,73,10,0,0,0,0,46,0,0,0,0,0,23,26,0,0,0,0,0,0,0,0,0,0,0,0,0,0,0,0,0,0,0,0,0,0,0,0,0,0,0,strafe_right
0,0,0,0,0,0,0,0,0,0,0,0,0,0,0,0,0,0,0,0,0,0,0,0,0,0,44,0,0,0,0,0,105,133,89,0,0,0,40,21,0,0,0,0,275,40,0,0,0,0,0,0,0,0,31,323,70,0,0,0,3,63,0,0,0,0,0,19,0,0,0,0,0,0,0,0,0,0,0,0,0,0,0,0,0,0,0,0,0,0,0,0,0,0,0,0,strafe_right
0,0,0,0,0,0,0,0,0,0,0,0,0,0,0,0,0,0,0,0,0,0,0,0,0,0,34,0,0,0,0,0,74,78,35,0,0,0,41,19,0,0,0,0,265,37,0,0,0,0,0,11,0,0,51,365,93,0,0,0,0,56,0,0,0,0,0,18,0,0,0,0,0,0,0,0,0,0,0,0,0,0,0,0,0,0,0,0,0,0,0,0,0,0,0,0,strafe_right
0,0,0,0,0,0,0,0,0,0,0,0,11,0,8,0,0,0,0,0,21,0,0,0,0,0,39,0,0,0,0,0,91,111,50,0,0,0,26,7,0,0,0,0,165,0,0,0,0,0,0,0,0,0,43,363,91,0,0,0,0,33,0,0,0,0,0,35,22,0,0,0,0,0,0,0,0,0,0,14,0,0,0,0,0,0,0,0,0,0,0,0,0,0,0,0,strafe_right
0,0,0,0,0,0,0,45,99,25,0,0,19,0,11,0,0,0,0,0,45,0,0,0,0,0,0,0,0,0,0,0,21,0,0,0,0,0,0,0,0,0,0,0,6,0,0,0,0,0,0,0,0,0,0,0,0,0,0,0,0,54,0,0,0,0,0,0,0,0,0,0,0,0,18,0,0,0,0,0,0,0,0,0,0,0,32,0,0,0,0,69,54,0,0,0,strafe_left
31,0,17,0,6,32,12,37,52,0,0,0,14,0,14,0,0,0,0,0,0,0,0,0,0,0,21,0,0,0,0,0,0,0,0,0,0,0,0,0,0,0,0,0,0,0,0,0,0,0,0,0,0,0,0,0,0,0,0,0,0,41,0,0,0,0,0,0,0,0,0,0,0,0,11,0,0,0,0,13,11,0,0,0,0,0,0,0,0,0,0,87,62,0,0,0,strafe_left
16,11,15,0,0,0,0,0,5,0,0,0,65,92,73,0,0,0,0,0,56,0,0,0,85,83,81,9,0,0,0,0,60,13,0,0,50,0,0,0,0,0,0,0,100,0,0,0,71,93,22,0,0,0,21,142,40,0,0,0,34,63,29,0,0,0,0,9,18,0,0,0,0,0,27,0,0,0,0,41,110,0,0,0,0,0,0,0,0,0,0,8,6,0,0,0,none
13,21,30,0,0,0,0,0,0,0,0,0,4,24,39,12,0,0,0,0,11,0,0,0,0,0,21,0,0,0,0,0,20,0,0,0,0,0,0,0,0,0,0,0,36,0,0,0,0,0,34,0,0,0,0,0,20,27,0,0,0,0,65,28,0,0,0,0,18,20,0,0,0,0,22,0,0,0,0,0,75,28,0,0,0,0,0,0,0,0,0,0,0,0,0,0,none
0,0,14,0,0,0,0,0,0,0,0,0,22,10,29,18,0,0,0,0,29,3,0,0,3,0,18,0,0,0,0,0,30,0,0,0,0,0,0,0,0,0,0,0,55,0,0,0,0,0,0,0,0,0,0,0,15,30,0,0,0,0,18,0,0,0,0,0,16,22,0,0,0,0,0,0,0,0,0,0,98,45,0,0,0,0,0,0,0,0,0,0,0,0,0,0,none
0,0,0,0,0,0,0,0,4,0,0,0,27,0,18,6,0,0,0,0,26,0,0,0,0,0,0,0,0,0,0,0,46,9,0,0,0,0,0,0,0,0,0,0,60,0,0,0,0,0,0,0,0,0,0,0,24,39,0,0,0,0,3,0,0,0,0,0,20,28,0,0,0,0,0,0,0,0,0,0,96,46,0,0,0,0,0,0,0,0,0,0,0,0,0,0,none
11,8,24,0,0,0,0,0,0,0,0,0,7,32,52,39,0,0,0,0,33,0,0,0,0,0,27,0,0,0,0,0,32,0,0,0,0,0,0,0,0,0,0,0,49,0,0,0,0,0,35,0,0,0,0,0,9,14,0,0,0,0,72,30,0,0,0,0,6,11,0,0,0,0,44,5,0,0,0,0,61,27,0,0,0,0,0,0,0,0,0,0,0,0,0,0,none
43,33,41,0,0,0,0,0,0,0,0,0,4,32,50,17,0,0,0,0,0,0,0,0,0,15,36,0,0,0,0,0,17,0,0,0,0,0,0,0,0,0,0,0,45,0,0,0,0,0,27,0,0,0,0,0,17,23,0,0,0,0,67,26,0,0,0,0,7,10,0,0,0,0,35,0,0,0,0,0,71,32,0,0,0,0,0,0,0,0,0,0,0,0,0,0,none
29,20,30,0,0,0,0,0,0,0,0,0,10,38,53,14,0,0,0,0,7,0,0,0,0,20,38,0,0,0,0,0,20,0,0,0,0,0,0,0,0,0,0,0,25,0,0,0,0,0,43,0,0,0,0,0,4,6,0,0,0,0,90,41,0,0,0,0,0,8,0,0,0,0,51,5,0,0,0,0,48,21,0,0,0,0,0,0,0,0,0,0,0,0,0,0,none
13,58,72,0,0,0,0,0,36,0,0,0,0,68,83,158,0,0,0,19,177,54,0,0,0,0,29,0,0,0,0,6,45,0,0,0,0,0,0,0,0,0,0,0,47,0,0,0,0,34,234,86,4,0,0,0,24,11,0,0,0,6,66,55,0,0,0,0,21,25,0,0,0,0,73,54,0,0,0,0,31,21,0,0,0,0,0,0,0,0,0,0,0,0,0,0,none
22,73,85,0,0,0,0,0,37,0,0,0,0,60,78,164,0,0,0,17,188,56,0,0,0,0,25,0,0,0,0,3,45,0,0,0,0,0,0,0,0,0,0,12,57,0,0,0,0,35,230,84,3,0,0,0,23,10,0,0,0,4,63,53,0,0,0,0,18,24,0,0,0,0,75,58,0,0,0,0,35,25,0,0,0,0,0,0,0,0,0,0,0,0,0,0,none
16,60,80,0,0,0,0,0,38,0,0,0,0,68,86,174,0,0,0,24,185,62,0,0,3,0,31,0,0,0,0,3,40,0,0,0,0,0,0,0,0,0,0,0,49,0,0,0,0,43,235,90,8,0,0,0,26,13,0,0,0,0,60,49,0,0,0,0,12,18,0,0,0,0,74,57,0,0,0,0,35,24,0,0,0,0,0,0,0,0,0,0,0,0,0,0,none
19,25,43,0,0,0,0,0,0,0,0,0,0,34,60,148,0,0,0,17,177,55,0,0,0,0,19,0,0,0,0,16,60,0,0,0,0,0,0,0,0,0,0,13,66,0,0,0,0,14,210,71,0,0,0,0,28,16,0,0,0,0,57,46,0,0,0,0,16,24,0,0,0,0,67,52,0,0,0,0,36,27,0,0,0,0,0,0,0,0,0,0,0,0,0,0,none
35,45,60,0,0,0,0,0,11,0,0,0,0,27,49,105,0,0,0,0,116,0,0,0,0,0,24,0,0,0,0,0,6,0,0,0,0,0,0,0,0,0,0,0,41,0,0,0,0,0,74,0,0,0,0,0,0,0,0,0,0,0,24,16,0,0,0,0,0,21,0,0,0,0,43,30,0,0,0,0,38,32,0,0,0,0,0,0,0,0,0,0,0,0,0,0,none
0,0,14,0,0,0,0,0,0,0,0,0,0,26,47,96,0,0,0,0,105,0,0,0,17,29,44,0,0,0,0,0,28,0,0,0,0,0,0,0,0,0,0,3,124,0,0,0,0,0,109,11,0,0,0,0,3,0,0,0,0,0,31,27,0,0,0,0,3,13,0,0,0,0,26,9,0,0,0,0,11,8,0,0,0,0,0,0,0,0,0,0,0,0,0,0,none
0,0,9,0,0,0,0,0,0,0,0,0,0,25,46,97,0,0,0,0,111,0,0,0,19,28,46,0,0,0,0,0,27,0,0,0,0,0,0,0,0,0,0,4,127,0,0,0,0,0,81,7,0,0,0,0,3,0,0,0,0,0,29,25,0,0,0,0,4,21,0,0,0,0,11,21,0,0,0,0,5,8,0,0,0,0,0,0,0,0,0,0,0,0,0,0,none
0,0,0,0,0,0,0,0,0,0,0,0,0,24,41,81,0,0,0,0,107,0,0,0,5,4,29,0,0,0,0,0,21,0,0,0,0,0,0,0,0,0,0,13,175,8,0,0,0,0,76,14,0,0,0,0,0,0,0,0,0,0,29,19,0,0,0,0,8,38,0,0,0,0,7,37,0,0,0,0,20,20,0,0,0,0,0,0,0,0,0,0,0,0,0,0,none
0,0,0,0,0,0,0,0,0,0,0,0,0,15,31,70,0,0,0,0,110,0,0,0,0,0,25,0,0,0,0,0,28,0,0,0,0,0,0,0,0,0,0,14,188,13,0,0,0,0,59,3,0,0,0,0,0,0,0,0,0,0,29,20,0,0,0,0,10,41,0,0,0,0,3,39,0,0,0,0,23,25,0,0,0,0,0,0,0,0,0,0,0,0,0,0,none
0,13,33,0,0,0,0,0,0,0,0,0,0,35,58,75,0,0,0,0,38,0,0,0,5,36,47,0,0,0,0,0,4,0,0,0,0,0,0,0,0,0,0,0,52,0,0,0,0,0,69,12,0,0,0,0,6,0,0,0,0,0,30,19,0,0,0,0,13,51,0,0,0,0,0,30,0,0,0,0,28,25,0,0,0,0,0,0,0,0,0,0,0,0,0,0,none
0,0,0,0,0,0,0,0,0,0,0,0,0,8,27,58,0,0,0,10,135,23,0,0,9,0,20,0,0,0,0,0,27,0,0,0,0,0,0,0,0,0,0,7,140,0,0,0,0,0,0,0,0,0,0,0,10,12,0,0,0,0,0,0,0,0,0,0,24,83,7,0,0,0,0,4,0,0,0,0,39,38,0,0,0,0,0,0,0,0,0,0,0,0,0,0,none
0,0,0,0,0,0,0,0,0,0,0,0,0,0,15,46,0,0,0,9,145,26,0,0,0,0,0,0,0,0,0,0,33,0,0,0,0,0,0,0,0,0,0,8,145,0,0,0,0,0,0,0,0,0,0,0,12,16,0,0,0,0,0,0,0,0,0,0,34,105,17,0,0,0,0,0,0,0,0,0,28,35,0,0,0,0,0,0,0,0,0,0,0,0,0,0,none
0,0,0,0,0,0,0,0,0,0,0,0,0,0,0,32,0,0,0,0,135,14,0,0,0,0,3,0,0,0,0,0,43,0,0,0,0,0,0,0,0,0,0,12,147,3,0,0,0,0,0,0,0,0,0,0,16,22,0,0,0,0,0,0,0,0,0,0,25,97,10,0,0,0,0,0,0,0,0,0,37,41,0,0,0,0,0,0,0,0,0,0,0,0,0,0,none
22,40,58,0,0,0,0,0,0,0,0,0,0,39,48,64,0,0,0,0,40,0,0,0,0,0,0,0,0,0,0,0,0,0,0,0,0,0,0,0,0,0,0,0,26,0,0,0,0,0,85,20,0,0,0,0,7,0,0,0,0,0,35,14,0,0,0,0,0,0,0,0,0,0,0,35,0,0,0,0,87,45,0,0,0,0,0,0,0,0,0,0,0,19,0,0,none
23,39,52,0,0,0,0,0,0,0,0,0,5,48,56,70,0,0,0,0,49,0,0,0,0,0,0,0,0,0,0,0,0,0,0,0,0,0,0,0,0,0,0,0,19,0,0,0,0,0,87,18,0,0,0,0,10,0,0,0,0,0,38,15,0,0,0,0,0,0,0,0,0,0,0,36,0,0,0,0,86,46,0,0,0,0,0,0,0,0,0,0,0,18,0,0,none
30,45,56,0,0,0,0,0,0,0,0,0,0,35,41,51,0,0,0,0,39,0,0,0,0,0,5,0,0,0,0,0,0,0,0,0,0,0,0,0,0,0,0,4,27,0,0,0,0,0,80,13,0,0,0,0,6,0,0,0,0,0,41,19,0,0,0,0,5,3,0,0,0,0,0,40,0,0,0,0,88,48,0,0,0,0,0,0,0,0,0,0,0,12,0,0,none
20,33,48,0,0,0,0,0,0,0,0,0,0,39,51,66,0,0,0,4,63,0,0,0,0,0,0,0,0,0,0,0,0,0,0,0,0,0,0,0,0,0,0,0,21,0,0,0,0,0,85,19,0,0,0,0,10,0,0,0,0,0,41,19,0,0,0,0,3,0,0,0,0,0,0,34,0,0,0,0,85,46,0,0,0,0,0,0,0,0,0,0,0,14,0,0,none
0,0,0,0,0,0,0,0,0,0,0,0,0,0,0,0,0,0,0,4,142,35,0,0,0,0,0,0,0,0,0,0,47,0,0,0,0,0,0,0,0,0,0,0,64,0,0,0,0,0,0,0,0,0,0,0,0,0,0,0,0,0,0,0,0,0,0,0,18,36,0,0,0,0,0,0,0,0,0,0,99,56,0,0,0,0,0,0,0,0,0,0,0,0,0,0,none
0,0,0,0,0,0,0,0,0,0,0,0,0,0,0,0,0,0,0,0,136,0,0,0,4,0,0,0,0,0,0,10,62,0,0,0,0,0,0,0,0,0,0,12,73,0,0,0,0,0,0,0,0,0,0,0,0,9,0,0,0,0,0,0,0,0,0,0,14,29,0,0,0,0,0,0,0,0,0,0,139,86,0,0,0,0,0,0,0,0,0,0,20,37,0,0,none
8,7,5,0,0,0,0,0,0,0,0,0,0,28,28,0,0,0,0,0,29,0,0,0,15,33,35,0,0,0,0,0,11,0,0,0,0,0,0,0,0,0,0,29,101,0,0,0,0,0,46,0,0,0,0,0,0,0,0,0,4,0,36,12,0,0,0,0,0,0,0,0,0,0,51,17,0,0,0,0,15,6,0,0,0,0,0,0,0,0,0,0,0,18,0,0,none
0,0,0,0,0,0,0,0,0,0,0,0,6,25,28,0,0,0,0,0,22,0,0,0,14,23,27,0,0,0,0,0,3,0,0,0,0,0,0,0,0,0,0,29,131,0,0,0,0,0,0,0,0,0,0,0,17,10,0,0,0,0,0,0,0,0,0,0,21,11,0,0,0,0,0,0,0,0,0,0,50,42,0,0,0,0,0,0,0,0,0,0,0,14,0,0,none
56,47,36,0,0,0,0,0,0,0,0,0,10,67,58,0,0,0,0,0,27,0,0,0,0,53,49,7,0,0,0,0,6,0,0,0,0,0,0,0,0,0,0,0,5,0,0,0,0,0,60,0,0,0,0,0,0,0,0,0,6,0,24,5,0,0,0,0,0,0,0,0,0,0,62,16,0,0,0,0,37,24,0,0,0,0,0,0,0,0,0,0,0,27,0,0,none
0,0,0,0,0,0,0,0,14,0,0,0,0,0,0,0,0,0,0,0,121,45,6,0,0,0,0,0,0,0,0,0,82,5,0,0,0,0,0,0,0,0,0,17,71,11,0,0,0,0,0,0,0,0,0,0,0,0,0,0,0,0,0,0,0,0,0,0,0,22,0,0,0,0,0,0,0,0,0,0,49,88,0,0,0,0,0,0,0,0,0,0,0,50,0,12,forward
0,0,0,0,0,0,0,0,23,0,0,0,0,0,0,0,0,0,0,0,141,70,82,0,0,0,0,0,0,0,0,0,70,0,24,0,0,0,0,0,0,0,0,0,44,0,0,0,0,0,0,0,0,0,0,0,0,0,0,0,0,0,0,0,0,0,0,0,0,33,0,0,0,0,0,0,0,0,0,0,36,83,0,0,0,0,0,0,0,0,0,0,0,51,0,14,forward
0,0,0,0,0,0,0,20,47,0,0,0,0,0,0,0,0,0,0,17,207,68,8,0,0,0,0,0,0,0,0,0,83,0,0,0,0,0,0,0,0,0,0,0,17,0,0,0,0,0,0,0,0,0,0,0,0,0,0,0,0,0,0,0,0,0,0,0,0,27,0,0,0,0,0,0,0,0,0,0,41,87,0,0,0,0,0,0,0,0,0,0,0,60,0,16,forward
0,0,0,0,0,0,0,25,52,0,0,0,0,0,0,0,0,0,0,18,203,66,4,0,0,0,0,0,0,0,0,0,80,0,0,0,0,0,0,0,0,0,0,0,21,0,0,0,0,0,0,0,0,0,0,0,0,0,0,0,0,0,0,0,0,0,0,0,0,27,0,0,0,0,0,0,0,0,0,0,42,88,0,0,0,0,0,0,0,0,0,0,0,55,0,14,forward
0,0,0,0,0,0,0,15,41,0,0,0,0,0,0,0,0,0,0,8,163,66,28,0,0,0,0,0,0,0,0,0,67,0,0,0,0,0,0,0,0,0,0,0,43,0,0,0,0,0,0,0,0,0,0,0,0,0,0,0,0,0,0,0,0,0,0,0,0,29,0,0,0,0,0,0,0,0,0,0,33,75,0,0,0,0,0,0,0,0,0,0,0,54,0,29,forward
0,0,0,0,0,0,0,0,17,0,0,0,0,0,0,0,0,0,0,0,76,37,24,0,0,0,0,0,0,0,0,0,85,21,46,0,0,0,0,0,0,0,0,0,69,0,0,0,0,0,0,0,0,0,0,0,0,0,0,0,0,0,0,0,0,0,0,0,0,26,0,0,0,0,0,0,0,0,0,0,20,77,0,0,0,0,0,0,0,0,0,0,0,42,0,11,forward
0,0,0,0,0,0,0,0,0,0,0,0,0,0,0,0,0,0,0,0,22,5,0,0,0,0,0,0,0,0,0,0,82,13,54,0,0,0,0,0,0,0,0,11,127,49,0,0,0,0,0,0,0,0,0,0,0,3,0,0,0,0,0,0,0,0,0,0,0,29,0,0,0,0,0,0,0,0,0,0,11,73,0,0,0,0,0,0,0,0,0,0,0,36,0,5,forward
0,0,0,0,0,0,0,0,0,0,0,0,0,0,0,0,0,0,0,0,20,0,0,0,0,0,0,0,0,0,0,0,66,0,0,0,0,0,0,0,0,0,0,32,188,80,0,0,0,0,0,0,0,0,0,0,37,83,0,0,0,0,0,0,0,0,0,0,16,46,0,0,0,0,0,0,0,0,0,0,9,50,0,0,0,0,0,0,0,0,0,0,0,0,0,0,forward
0,0,0,0,0,0,0,0,0,0,0,0,0,0,0,0,0,0,0,0,43,0,0,0,0,0,0,0,0,0,0,0,62,0,0,0,0,0,0,0,0,0,0,34,164,64,0,0,0,0,0,0,0,0,0,0,39,89,0,0,0,0,0,0,0,0,0,0,39,65,0,0,0,0,0,0,0,0,0,0,21,56,0,0,0,0,0,0,0,0,0,0,0,0,0,0,forward
0,0,0,0,0,0,0,0,0,0,0,0,0,0,0,0,0,0,0,0,0,0,0,0,0,0,0,0,0,0,0,0,47,0,0,0,0,0,0,0,0,0,0,11,154,108,22,0,0,0,0,0,0,0,0,0,8,57,0,0,0,0,0,0,0,0,0,0,7,62,4,0,0,0,0,0,0,0,0,0,5,71,0,0,0,0,0,0,0,0,0,0,0,23,0,0,forward
0,0,0,0,0,0,0,0,0,0,0,0,0,0,0,0,0,0,0,0,0,0,0,0,0,0,0,0,0,0,0,0,39,10,0,0,0,0,0,0,0,0,0,0,106,89,13,0,0,0,0,0,0,0,0,0,0,9,0,0,0,0,0,0,0,0,0,0,0,41,0,0,0,0,0,0,0,0,0,0,0,80,0,0,0,0,0,0,0,0,0,0,0,45,0,44,forward
0,0,0,0,0,0,0,0,0,0,0,0,0,0,0,0,0,0,0,0,32,0,0,0,0,0,0,0,0,0,0,0,59,0,0,0,0,0,0,0,0,0,0,31,126,43,0,0,0,0,0,0,0,0,0,0,0,46,0,0,0,0,0,0,0,0,0,0,7,74,24,0,0,0,0,0,0,0,0,0,17,96,0,0,0,0,0,0,0,0,0,0,0,31,0,0,forward
0,0,0,0,0,0,0,0,0,0,0,0,0,0,0,0,0,0,0,0,39,0,0,0,0,0,0,0,0,0,0,0,43,0,0,0,0,0,0,0,0,0,0,31,117,31,0,0,0,0,0,0,0,0,0,0,13,60,0,0,0,0,0,0,0,0,0,0,23,73,19,0,0,0,0,0,0,0,0,0,23,87,0,0,0,0,0,0,0,0,0,0,0,35,0,0,forward
0,0,0,0,0,0,0,0,0,0,0,0,0,0,0,0,0,0,0,0,31,0,0,0,0,0,0,0,0,0,0,0,52,0,0,0,0,0,0,0,0,0,0,40,112,27,0,0,0,0,0,0,0,0,0,0,13,42,0,0,0,0,0,0,0,0,0,0,35,67,10,0,0,0,0,0,0,0,0,0,45,94,0,0,0,0,0,0,0,0,0,0,0,38,0,0,forward
0,0,0,0,0,0,0,0,0,0,0,0,0,0,0,0,0,0,0,0,52,0,0,0,0,0,0,0,0,0,0,7,65,0,0,0,0,0,0,0,0,0,0,35,80,8,0,0,0,0,0,0,0,0,0,0,25,39,0,0,0,0,0,0,0,0,0,0,40,45,0,0,0,0,0,0,0,0,0,0,59,91,0,0,0,0,0,0,0,0,0,0,0,33,0,0,forward
0,0,0,0,0,0,0,0,0,0,0,0,0,0,0,0,0,0,0,0,53,0,0,0,0,0,0,0,0,0,0,12,45,0,0,0,0,0,0,0,0,0,0,26,62,0,0,0,0,0,0,0,0,0,0,0,23,24,0,0,0,0,0,0,0,0,0,0,26,22,0,0,0,0,0,0,0,0,0,0,63,62,0,0,0,0,0,0,0,0,0,0,0,39,0,0,forward
0,0,0,0,0,0,0,0,0,0,0,0,9,0,3,0,0,0,0,0,24,0,0,0,0,0,0,4,0,0,0,4,31,0,0,0,0,0,0,0,0,0,0,34,59,0,0,0,0,0,0,0,0,0,0,0,20,19,0,0,0,0,0,0,0,0,0,0,25,21,0,0,0,0,0,0,0,0,0,0,69,67,0,0,0,0,0,0,0,0,0,0,0,37,0,0,forward
0,0,0,0,0,0,0,0,0,0,0,0,8,12,20,0,0,0,0,0,15,0,0,0,0,3,14,22,0,0,0,4,23,0,0,0,0,0,0,0,0,0,0,25,42,0,0,0,0,0,0,0,0,0,0,0,20,15,0,0,13,0,3,0,0,0,0,0,21,15,0,0,0,0,21,0,0,0,0,0,48,46,0,0,0,0,0,0,0,0,0,0,0,36,0,0,forward
0,0,0,0,0,0,0,0,0,0,0,0,8,0,0,0,0,0,0,0,45,0,0,0,0,0,0,3,0,0,0,17,49,0,0,0,0,0,0,0,0,0,0,26,68,0,0,0,0,0,0,0,0,0,0,0,23,30,0,0,0,0,0,0,0,0,0,0,25,21,0,0,0,0,0,0,0,0,0,0,74,83,0,0,0,0,0,0,0,0,0,0,0,39,0,0,forward
0,0,0,0,0,0,0,0,0,0,0,0,0,0,0,0,0,0,0,3,81,0,0,0,0,0,0,0,0,0,0,16,65,0,0,0,0,0,0,0,0,0,0,30,74,0,0,0,0,0,0,0,0,0,0,0,20,32,0,0,0,0,0,0,0,0,0,0,27,34,0,0,0,0,0,0,0,0,0,0,71,86,0,0,0,0,0,0,0,0,0,0,0,43,0,0,forward
0,0,0,0,0,0,0,0,4,0,0,0,0,0,0,0,0,0,0,0,78,0,0,0,0,0,0,0,0,0,0,0,54,0,0,0,0,0,0,0,0,0,0,29,81,11,0,0,0,0,0,0,0,0,0,0,0,25,0,0,0,0,0,0,0,0,0,0,22,49,0,0,0,0,0,0,0,0,0,0,49,94,0,0,0,0,0,0,0,0,0,0,0,36,0,0,forward
0,0,0,0,0,0,0,0,23,0,0,0,0,0,0,0,0,0,0,0,78,26,91,0,0,0,0,0,0,0,0,0,58,14,37,0,0,0,0,0,0,0,0,0,54,9,0,0,0,0,0,0,0,0,0,0,0,11,0,0,0,0,0,0,0,0,0,0,0,47,4,0,0,0,0,0,0,0,0,0,0,79,0,0,0,0,0,0,0,0,0,0,0,48,0,14,forward
0,0,0,0,0,0,0,0,27,0,3,0,0,0,0,0,0,0,0,0,106,52,78,0,0,0,0,0,0,0,0,0,58,16,9,0,0,0,0,0,0,0,0,0,60,0,0,0,0,0,0,0,0,0,0,0,0,0,0,0,0,0,0,0,0,0,0,0,0,42,5,0,0,0,0,0,0,0,0,0,0,86,0,0,0,0,0,0,0,0,0,0,0,56,0,10,forward
0,0,0,0,0,0,0,0,24,0,0,0,0,0,0,0,0,0,0,3,147,73,46,0,0,0,0,0,0,0,0,0,63,14,0,0,0,0,0,0,0,0,0,0,61,0,0,0,0,0,0,0,0,0,0,0,0,0,0,0,0,0,0,0,0,0,0,0,0,46,19,0,0,0,0,0,0,0,0,0,8,97,16,0,0,0,0,0,0,0,0,0,0,61,0,5,forward
0,0,0,0,0,0,0,0,30,0,10,0,0,0,0,0,0,0,0,0,124,61,112,0,0,0,0,0,0,0,0,0,52,15,27,0,0,0,0,0,0,0,0,0,49,0,0,0,0,0,0,0,0,0,0,0,0,0,0,0,0,0,0,0,0,0,0,0,0,39,13,0,0,0,0,0,0,0,0,0,0,75,0,0,0,0,0,0,0,0,0,0,0,54,0,0,forward
0,0,0,0,0,0,0,0,0,0,0,0,0,0,0,0,0,0,0,0,28,14,55,0,0,0,0,0,0,0,0,0,43,43,50,0,0,0,0,0,0,0,0,0,229,47,0,0,0,0,0,0,0,0,0,0,0,0,0,0,0,0,0,0,0,0,0,0,0,52,26,17,0,0,0,0,0,0,0,0,0,71,0,13,0,0,0,0,0,0,0,0,0,39,0,0,forward
0,0,0,0,0,0,0,0,0,0,0,0,0,0,0,0,0,0,0,0,30,0,0,0,0,0,0,0,0,0,0,0,75,15,0,0,0,0,0,0,0,0,0,42,382,53,0,0,0,0,0,0,0,0,0,0,0,29,0,0,0,0,0,0,0,0,0,0,0,66,35,0,0,0,0,0,0,0,0,0,0,75,0,0,0,0,0,0,0,0,0,0,0,25,0,0,forward
0,0,0,0,0,0,0,0,0,0,0,0,0,0,0,0,0,0,0,0,39,0,0,0,0,0,0,0,0,0,0,0,75,8,0,0,0,0,0,0,0,0,0,52,296,33,0,0,0,0,0,0,0,0,0,0,0,61,5,0,0,0,0,0,0,0,0,0,0,73,29,0,0,0,0,0,0,0,0,0,3,75,0,0,0,0,0,0,0,0,0,0,0,17,0,0,forward
0,0,0,0,0,0,0,15,8,0,0,0,0,0,0,0,0,0,0,4,103,0,0,0,0,0,0,0,0,0,0,3,66,0,0,0,0,0,0,0,0,0,0,29,114,0,0,0,0,0,0,0,0,0,0,0,4,61,0,0,0,0,0,0,0,0,0,0,11,69,14,0,0,0,0,0,0,0,0,0,17,72,0,0,0,0,0,0,0,0,0,0,0,26,0,0,forward
0,0,0,0,0,0,0,21,21,0,0,0,0,0,0,0,0,0,0,12,146,15,0,0,0,0,0,0,0,0,0,0,78,0,0,0,0,0,0,0,0,0,0,23,120,0,0,0,0,0,0,0,0,0,0,0,0,30,0,0,0,0,0,0,0,0,0,0,19,60,23,0,0,0,0,0,0,0,0,0,21,89,0,0,0,0,0,0,0,0,0,0,0,43,0,0,forward
0,0,0,0,0,0,0,12,20,0,0,0,0,0,0,0,0,0,0,0,136,26,17,0,0,0,0,0,0,0,0,0,74,14,0,0,0,0,0,0,0,0,0,17,130,0,0,0,0,0,0,0,0,0,0,0,0,9,0,0,0,0,0,0,0,0,0,0,0,50,20,0,0,0,0,0,0,0,0,0,14,87,0,0,0,0,0,0,0,0,0,0,0,52,0,29,forward
0,0,0,0,0,0,0,0,0,0,0,0,0,0,0,0,0,0,0,0,67,7,40,0,0,0,0,0,0,0,0,0,82,39,36,0,0,0,0,0,0,0,0,17,197,42,0,0,0,0,0,0,0,0,0,0,0,0,0,0,0,0,0,0,0,0,0,0,0,32,5,0,0,0,0,0,0,0,0,0,0,72,0,0,0,0,0,0,0,0,0,0,0,53,0,38,forward
0,0,0,0,0,0,0,0,0,0,0,0,0,0,0,0,0,0,0,0,63,13,52,0,0,0,0,0,0,0,0,0,85,45,35,0,0,0,0,0,0,0,0,14,243,50,0,0,0,0,0,0,0,0,0,0,0,0,0,0,0,0,0,0,0,0,0,0,0,42,18,0,0,0,0,0,0,0,0,0,0,74,0,0,0,0,0,0,0,0,0,0,0,55,0,7,forward
0,0,0,0,0,0,0,0,0,0,0,0,0,0,0,0,0,0,0,0,128,42,16,0,0,0,0,0,0,0,0,0,107,43,0,0,0,0,0,0,0,0,0,16,175,4,0,0,0,0,0,0,0,0,0,0,0,0,0,0,0,0,0,0,0,0,0,0,0,47,26,0,0,0,0,0,0,0,0,0,8,90,19,0,0,0,0,0,0,0,0,0,0,55,0,4,forward
0,0,0,0,0,0,0,9,10,0,0,0,0,0,0,0,0,0,0,12,157,45,0,0,0,0,0,0,0,0,0,0,101,14,0,0,0,0,0,0,0,0,0,21,154,0,0,0,0,0,0,0,0,0,0,0,0,7,0,0,0,0,0,0,0,0,0,0,0,45,20,0,0,0,0,0,0,0,0,0,14,81,5,0,0,0,0,0,0,0,0,0,0,46,0,0,forward
0,0,0,0,0,0,0,22,24,0,0,0,0,0,0,0,0,0,0,4,154,26,0,0,0,0,0,0,0,0,0,0,98,12,0,0,0,0,0,0,0,0,0,30,160,0,0,0,0,0,0,0,0,0,0,0,0,27,0,0,0,0,0,0,0,0,0,0,9,56,12,0,0,0,0,0,0,0,0,0,20,80,0,0,0,0,0,0,0,0,0,0,0,40,0,0,forward
0,0,0,0,0,0,0,19,14,0,0,0,0,0,0,0,0,0,0,5,127,13,0,0,0,0,0,0,0,0,0,0,83,5,0,0,0,0,0,0,0,0,0,37,179,0,0,0,0,0,0,0,0,0,0,0,22,41,0,0,0,0,0,0,0,0,0,0,33,58,7,0,0,0,0,0,0,0,0,0,42,90,0,0,0,0,0,0,0,0,0,0,0,40,0,0,forward
17,58,25,0,0,0,0,0,0,0,0,0,5,46,56,0,0,0,0,0,11,0,0,0,0,70,51,10,0,0,0,0,4,0,0,0,0,0,0,0,0,0,0,15,72,0,0,0,0,0,149,15,0,0,0,0,0,0,0,0,8,0,56,36,0,0,0,0,0,0,0,0,0,0,88,71,0,0,0,0,8,0,0,0,0,0,21,26,0,0,0,0,0,0,0,0,backward
34,68,41,0,0,0,0,0,0,0,0,0,18,59,62,0,0,0,0,0,0,0,0,0,0,69,51,8,0,0,0,0,0,0,0,0,0,0,0,0,0,0,0,0,34,0,0,0,0,0,156,18,0,0,0,0,7,0,0,0,8,0,61,41,0,0,0,0,0,0,0,0,0,0,90,71,0,0,0,0,0,0,0,0,0,0,23,26,0,0,0,0,0,0,0,0,backward
52,104,58,0,0,0,0,0,0,0,0,0,23,86,82,0,0,0,0,0,0,0,0,0,0,95,63,0,0,0,0,0,0,0,0,0,0,0,0,0,0,0,0,0,0,0,0,0,0,0,161,12,0,0,0,0,0,0,0,0,0,0,71,45,0,0,0,0,0,0,0,0,0,0,98,81,0,0,0,0,0,0,0,0,0,0,31,31,0,0,0,0,0,0,0,0,backward
54,102,60,0,0,0,0,0,0,0,0,0,18,80,75,0,0,0,0,0,0,0,0,0,0,102,67,0,0,0,0,0,0,0,0,0,0,0,0,0,0,0,0,0,10,0,0,0,0,0,165,14,0,0,0,0,0,0,0,0,0,7,71,45,0,0,0,0,0,0,0,0,0,0,91,74,0,0,0,0,0,0,0,0,0,0,25,19,0,0,0,0,0,0,0,0,backward
6,44,20,0,0,0,0,0,0,0,0,0,23,62,63,0,0,0,0,0,0,0,0,0,0,103,67,0,0,0,0,0,0,0,0,0,0,0,0,0,0,0,0,9,48,0,0,0,0,0,172,12,0,0,0,0,0,0,0,0,0,20,75,44,0,0,0,0,0,0,0,0,0,0,89,73,0,0,0,0,0,0,0,0,0,0,18,10,0,0,0,0,0,0,0,0,backward
33,48,14,0,0,0,0,0,0,0,0,0,32,80,77,0,0,0,0,0,8,0,0,0,0,113,72,0,0,0,0,0,0,0,0,0,0,0,0,0,0,0,0,5,36,0,0,0,0,0,167,10,0,0,0,0,0,0,0,0,0,19,69,41,0,0,0,0,0,0,0,0,0,0,91,72,0,0,0,0,0,0,0,0,0,0,23,15,0,0,0,0,0,0,0,0,backward
61,83,36,0,0,0,0,0,0,0,0,0,39,87,84,0,0,0,0,0,0,0,0,0,0,113,74,0,0,0,0,0,0,0,0,0,0,0,0,0,0,0,0,0,3,0,0,0,0,0,163,9,0,0,0,0,0,0,0,0,0,22,74,43,0,0,0,0,0,0,0,0,0,0,91,72,0,0,0,0,0,0,0,0,0,0,27,18,0,0,0,0,0,0,0,0,backward
68,85,29,0,0,0,0,0,0,0,0,0,34,91,87,0,0,0,0,0,0,0,0,0,0,119,81,0,0,0,0,0,0,0,0,0,0,0,0,0,0,0,0,0,0,0,0,0,0,0,144,0,0,0,0,0,0,0,0,0,0,11,72,39,0,0,0,0,0,0,0,0,0,0,93,55,0,0,0,0,0,0,0,0,0,0,29,15,0,0,0,0,0,0,0,0,backward
86,101,37,0,0,0,0,0,0,0,0,0,47,103,91,0,0,0,0,0,0,0,0,0,0,110,73,0,0,0,0,0,0,0,0,0,0,0,0,0,0,0,0,0,0,0,0,0,0,0,141,10,0,0,0,0,0,0,0,0,0,7,69,37,0,0,0,0,0,0,0,0,0,0,90,43,0,0,0,0,0,0,0,0,0,0,28,17,0,0,0,0,0,0,0,0,backward
80,107,47,0,0,0,0,0,0,0,0,0,32,85,76,0,0,0,0,0,0,0,0,0,0,105,74,0,0,0,0,0,0,0,0,0,0,0,0,0,0,0,0,0,9,0,0,0,0,0,131,0,0,0,0,0,0,0,0,0,0,0,67,36,0,0,0,0,0,0,0,0,0,0,94,48,0,0,0,0,0,0,0,0,0,0,32,20,0,0,0,0,0,0,0,0,backward
24,53,11,0,0,0,0,0,0,0,0,0,17,65,67,0,0,0,0,0,9,0,0,0,0,91,64,6,0,0,0,0,0,0,0,0,0,0,0,0,0,0,0,16,44,0,0,0,0,0,135,7,0,0,0,0,0,0,0,0,0,0,61,33,0,0,0,0,0,0,0,0,0,0,90,44,0,0,0,0,0,0,0,0,0,0,31,22,0,0,0,0,0,0,0,0,backward
20,53,19,0,0,0,0,0,0,0,0,0,24,71,72,0,0,0,0,0,21,0,0,0,0,92,64,8,0,0,0,0,0,0,0,0,0,0,0,0,0,0,0,6,45,0,0,0,0,0,126,9,0,0,0,0,0,0,0,0,6,0,65,36,0,0,0,0,0,0,0,0,0,0,83,39,0,0,0,0,0,0,0,0,0,0,26,19,0,0,0,0,0,0,0,0,backward
28,61,26,0,0,0,0,0,0,0,0,0,16,56,57,0,0,0,0,0,10,0,0,0,0,85,60,9,0,0,0,0,0,0,0,0,0,0,0,0,0,0,0,13,52,0,0,0,0,0,127,6,0,0,0,0,0,0,0,0,0,0,57,29,0,0,0,0,0,0,0,0,0,0,83,41,0,0,0,0,0,0,0,0,0,0,33,26,0,0,0,0,0,0,0,0,backward
27,63,32,0,0,0,0,0,0,0,0,0,21,62,59,0,0,0,0,0,6,0,0,0,0,85,60,9,0,0,0,0,0,0,0,0,0,0,0,0,0,0,0,12,50,0,0,0,0,0,137,14,0,0,0,0,0,0,0,0,0,0,56,28,0,0,0,0,0,0,0,0,0,0,85,41,0,0,0,0,0,0,0,0,0,0,30,23,0,0,0,0,0,0,0,0,backward
32,72,34,0,0,0,0,0,0,0,0,0,21,62,59,0,0,0,0,0,3,0,0,0,0,89,63,9,0,0,0,0,0,0,0,0,0,0,0,0,0,0,0,10,46,0,0,0,0,0,137,13,0,0,0,0,0,0,0,0,0,0,58,30,0,0,0,0,0,0,0,0,0,0,86,44,0,0,0,0,0,0,0,0,0,0,28,25,0,0,0,0,0,0,0,0,backward
42,76,42,0,0,0,0,0,0,0,0,0,9,72,70,0,0,0,0,0,14,0,0,0,0,93,67,20,0,0,0,0,0,0,0,0,0,0,0,0,0,0,0,14,56,0,0,0,0,0,93,0,0,0,0,0,0,0,0,0,0,0,45,21,0,0,0,0,0,0,0,0,0,0,71,29,0,0,0,0,0,0,0,0,0,0,33,28,0,0,0,0,0,0,0,0,backward
39,83,43,0,0,0,0,0,0,0,0,0,17,80,77,0,0,0,0,0,28,0,0,0,0,88,65,20,0,0,0,0,3,0,0,0,0,0,0,0,0,0,0,3,35,0,0,0,0,0,65,0,0,0,0,0,0,0,0,0,7,0,46,21,0,0,0,0,7,0,0,0,0,0,63,24,0,0,0,0,0,0,0,0,0,0,24,18,0,0,0,0,0,0,0,0,backward
58,86,37,0,0,0,0,0,0,0,0,0,29,91,83,0,0,0,0,0,16,0,0,0,0,103,74,14,0,0,0,0,0,0,0,0,0,0,0,0,0,0,0,0,28,0,0,0,0,0,82,5,0,0,0,0,0,0,0,0,0,0,52,24,0,0,0,0,0,0,0,0,0,0,77,28,0,0,0,0,0,0,0,0,0,0,26,26,0,0,0,0,0,0,0,0,backward
83,106,51,0,0,0,0,0,0,0,0,0,42,102,91,0,0,0,0,0,17,0,0,0,0,107,75,0,0,0,0,0,0,0,0,0,0,0,0,0,0,0,0,0,0,0,0,0,0,0,95,14,0,0,0,0,0,0,0,0,0,0,63,32,0,0,0,0,0,0,0,0,0,0,79,28,0,0,0,0,0,0,0,0,0,0,29,25,0,0,0,0,0,0,0,0,backward
75,107,41,0,0,0,0,0,0,0,0,0,32,104,90,0,0,0,0,0,0,0,0,0,0,121,82,0,0,0,0,0,0,0,0,0,0,0,0,0,0,0,0,0,0,0,0,0,0,0,116,17,0,0,0,0,0,0,0,0,0,10,69,29,0,0,0,0,0,0,0,0,0,0,94,44,0,0,0,0,0,0,0,0,0,0,27,22,0,0,0,0,0,0,0,0,backward
88,117,56,0,0,0,0,0,0,0,0,0,52,116,99,0,0,0,0,0,0,0,0,0,0,113,73,0,0,0,0,0,0,0,0,0,0,0,0,0,0,0,0,0,0,0,0,0,0,0,122,27,0,0,0,0,0,0,0,0,0,11,68,31,0,0,0,0,0,0,0,0,0,0,89,39,0,0,0,0,0,0,0,0,0,0,28,22,0,0,0,0,0,0,0,0,backward
89,117,62,0,0,0,0,0,0,0,0,0,53,114,95,0,0,0,0,0,0,0,0,0,0,102,69,0,0,0,0,0,0,0,0,0,0,0,0,0,0,0,0,0,0,0,0,0,0,0,120,23,0,0,0,0,0,0,0,0,0,11,70,31,0,0,0,0,0,0,0,0,0,0,91,41,0,0,0,0,0,0,0,0,0,0,30,29,0,0,0,0,0,0,0,0,backward
25,50,10,0,0,0,0,0,0,0,0,0,34,97,83,0,0,0,0,0,3,0,0,0,0,115,74,0,0,0,0,0,0,0,0,0,0,0,0,0,0,0,0,4,33,0,0,0,0,0,171,59,0,0,0,0,0,0,0,0,0,8,72,33,0,0,0,0,0,0,0,0,0,0,82,36,0,0,0,0,0,0,0,0,0,0,12,0,0,0,0,0,0,0,0,0,backward
59,70,64,6,0,0,57,58,28,0,0,0,17,27,39,0,0,0,0,0,65,0,0,0,0,0,0,0,0,0,0,0,0,0,0,0,0,0,0,0,0,0,0,4,8,0,0,0,0,0,0,0,0,0,0,0,0,0,0,0,0,0,23,0,0,0,0,0,0,0,0,0,0,0,55,14,0,0,0,0,0,12,0,0,0,0,39,66,0,0,0,0,0,41,0,0,strafe_left
48,66,60,0,0,0,63,62,24,0,0,0,24,39,51,0,0,0,0,26,72,0,0,0,0,0,0,0,0,0,0,0,0,0,0,0,0,0,0,0,0,0,0,0,0,0,0,0,0,0,0,0,0,0,0,0,0,0,0,0,0,0,24,0,0,0,0,0,0,0,0,0,0,0,47,3,0,0,0,0,0,4,0,0,0,0,38,69,0,0,0,0,0,39,0,0,strafe_left
58,81,75,10,0,0,64,57,15,0,0,0,7,26,35,0,0,0,0,12,62,0,0,0,0,0,0,0,0,0,0,0,0,0,0,0,0,0,0,0,0,0,0,0,0,0,0,0,0,0,0,0,0,0,0,0,0,0,0,0,0,0,21,0,0,0,0,0,0,0,0,0,0,0,52,9,0,0,0,0,0,11,0,0,0,0,39,63,0,0,0,0,0,39,0,0,strafe_left
59,89,81,12,0,0,71,71,31,0,0,0,14,35,45,0,0,0,0,17,58,0,0,0,0,0,0,0,0,0,0,0,0,0,0,0,0,0,0,0,0,0,0,0,0,0,0,0,0,0,0,0,0,0,0,0,0,0,0,0,0,0,24,0,0,0,0,0,0,0,0,0,0,0,51,5,0,0,0,0,0,0,0,0,0,0,38,67,0,0,0,0,0,39,0,0,strafe_left
43,43,56,4,0,0,86,80,46,0,0,0,19,25,37,0,0,0,0,28,93,0,0,0,0,0,0,0,0,0,0,0,0,0,0,0,0,0,0,0,0,0,0,0,0,0,0,0,0,0,0,0,0,0,0,0,0,0,0,0,0,0,21,0,0,0,0,0,0,0,0,0,0,0,51,5,0,0,0,0,0,0,0,0,0,0,40,62,0,0,0,0,0,35,0,0,strafe_left
45,49,61,6,0,0,92,83,49,0,0,0,17,27,41,0,0,0,0,30,98,0,0,0,0,0,0,0,0,0,0,0,0,0,0,0,0,0,0,0,0,0,0,0,0,0,0,0,0,0,0,0,0,0,0,0,0,0,0,0,0,0,21,0,0,0,0,0,0,0,0,0,0,0,51,3,0,0,0,0,0,7,0,0,0,0,36,67,0,0,0,0,0,39,0,0,strafe_left
58,91,91,17,0,0,83,73,42,0,0,0,3,24,38,0,0,0,0,17,86,0,0,0,0,0,0,0,0,0,0,0,0,0,0,0,0,0,0,0,0,0,0,0,0,0,0,0,0,0,0,0,0,0,0,0,0,0,0,0,0,0,0,0,0,0,0,0,0,0,0,0,0,0,43,0,0,0,0,0,0,18,0,0,0,0,28,48,0,0,0,0,0,46,0,0,strafe_left
21,25,39,0,0,0,91,83,55,0,0,0,14,9,27,0,0,0,0,29,107,0,0,0,0,0,0,0,0,0,0,0,0,0,0,0,0,0,0,0,0,0,0,0,0,0,0,0,0,0,0,0,0,0,0,0,0,0,0,0,0,0,0,0,0,0,0,0,0,0,0,0,0,0,43,0,0,0,0,0,0,8,0,0,0,0,25,47,0,0,0,0,5,48,0,0,strafe_left
11,0,10,0,0,0,93,97,60,0,0,0,0,0,0,0,0,0,0,27,117,0,0,0,0,0,0,0,0,0,0,0,5,0,0,0,0,0,0,0,0,0,0,3,0,0,0,0,0,0,0,0,0,0,0,0,0,0,0,0,0,0,0,0,0,0,0,0,0,0,0,0,0,0,42,0,0,0,0,0,0,20,0,0,0,0,20,39,0,0,0,0,5,52,0,0,strafe_left
0,5,13,0,0,5,118,129,82,0,0,0,6,0,9,0,0,0,0,18,91,0,0,0,0,0,0,0,0,0,0,0,3,0,0,0,0,0,0,0,0,0,0,0,0,0,0,0,0,0,0,0,0,0,0,0,0,0,0,0,0,0,7,0,0,0,0,0,0,0,0,0,0,0,50,5,0,0,0,0,0,7,0,0,0,0,35,63,0,0,0,0,0,45,0,0,strafe_left
47,61,68,20,14,10,116,131,70,0,0,0,18,19,27,0,0,0,0,0,35,0,0,0,0,0,0,0,0,0,0,0,0,0,0,0,0,0,0,0,0,0,0,0,0,0,0,0,0,0,0,0,0,0,0,0,0,0,0,0,0,0,15,0,0,0,0,0,0,0,0,0,0,0,52,6,0,0,0,0,0,0,0,0,0,0,47,82,0,0,0,0,0,42,0,0,strafe_left
61,60,54,0,0,0,60,60,27,0,0,0,8,20,32,0,0,0,0,4,65,0,0,0,0,0,0,0,0,0,0,0,0,0,0,0,0,0,0,0,0,0,0,0,0,0,0,0,0,0,0,0,0,0,0,0,0,0,0,0,0,0,20,0,0,0,0,0,0,0,0,0,0,0,61,11,0,0,0,0,0,4,0,0,0,0,49,85,0,0,0,0,0,21,0,0,strafe_left
67,85,80,16,0,0,79,81,44,0,0,0,16,37,45,0,0,0,0,7,49,0,0,0,0,0,0,0,0,0,0,0,0,0,0,0,0,0,0,0,0,0,0,0,0,0,0,0,0,0,0,0,0,0,0,0,0,0,0,0,0,0,18,0,0,0,0,0,0,0,0,0,0,0,57,5,0,0,0,0,0,0,0,0,0,0,55,99,0,0,0,0,0,23,0,0,strafe_left
62,94,85,25,9,6,102,106,58,0,0,0,10,27,29,0,0,0,0,0,29,0,0,0,0,0,0,0,0,0,0,0,0,0,0,0,0,0,0,0,0,0,0,0,0,0,0,0,0,0,0,0,0,0,0,0,0,0,0,0,0,0,7,0,0,0,0,0,0,0,0,0,0,0,55,0,0,0,0,0,0,0,0,0,0,0,53,93,0,0,0,0,3,26,0,0,strafe_left
41,65,63,7,0,0,90,92,40,0,0,0,0,6,13,0,0,0,0,0,30,0,0,0,0,0,0,0,0,0,0,0,0,0,0,0,0,0,0,0,0,0,0,0,0,0,0,0,0,0,0,0,0,0,0,0,0,0,0,0,0,0,0,0,0,0,0,0,0,0,0,0,0,0,61,7,0,0,0,0,0,0,0,0,0,0,51,90,0,0,0,0,0,23,0,0,strafe_left
29,59,60,7,0,0,97,105,49,0,0,0,0,0,8,0,0,0,0,0,25,0,0,0,0,0,0,0,0,0,0,0,0,0,0,0,0,0,0,0,0,0,0,0,0,0,0,0,0,0,0,0,0,0,0,0,0,0,0,0,0,0,0,0,0,0,0,0,0,0,0,0,0,0,56,0,0,0,0,0,0,0,0,0,0,0,45,81,0,0,0,0,6,24,0,0,strafe_left
0,16,34,0,0,0,122,130,76,0,0,0,3,0,0,0,0,0,0,0,41,0,0,0,0,0,0,0,0,0,0,0,0,0,0,0,0,0,0,0,0,0,0,0,0,0,0,0,0,0,0,0,0,0,0,0,0,0,0,0,0,0,0,0,0,0,0,0,0,0,0,0,0,0,57,5,0,0,0,0,0,0,0,0,0,0,48,101,0,0,0,0,11,34,0,0,strafe_left
0,0,0,0,0,0,136,167,100,0,0,0,0,0,0,0,0,0,0,8,87,0,0,0,0,0,0,0,0,0,0,0,0,0,0,0,0,0,0,0,0,0,0,0,0,0,0,0,0,0,0,0,0,0,0,0,0,0,0,0,0,0,0,0,0,0,0,0,0,0,0,0,0,0,43,0,0,0,0,0,0,6,0,0,0,0,20,36,0,0,0,0,10,36,0,0,strafe_left
0,0,0,0,0,8,159,193,122,0,0,0,0,0,0,0,0,0,0,19,100,0,0,0,0,0,0,0,0,0,0,0,0,0,0,0,0,0,0,0,0,0,0,0,0,0,0,0,0,0,0,0,0,0,0,0,0,0,0,0,0,0,0,0,0,0,0,0,0,0,0,0,0,0,0,0,0,0,0,0,0,16,0,0,0,0,0,0,0,0,0,0,19,50,0,13,strafe_left
0,0,0,0,0,0,126,202,166,0,0,0,0,0,0,0,0,0,0,16,121,0,9,0,0,0,0,0,0,0,0,0,0,0,0,0,0,0,0,0,0,0,0,0,0,0,0,0,0,0,0,0,0,0,0,0,0,0,0,0,0,0,0,0,0,0,0,0,0,0,0,0,0,0,0,0,0,0,0,0,0,18,0,0,0,0,0,0,0,0,0,0,8,55,0,0,strafe_left
0,0,0,0,0,0,162,217,151,0,0,0,0,0,0,0,0,0,0,8,88,0,0,0,0,0,0,0,0,0,0,0,0,0,0,0,0,0,0,0,0,0,0,0,0,0,0,0,0,0,0,0,0,0,0,0,0,0,0,0,0,0,0,0,0,0,0,0,0,0,0,0,0,0,0,0,0,0,0,0,0,13,0,0,0,0,0,6,0,0,0,0,7,50,0,0,strafe_left
0,0,0,0,0,3,198,234,137,0,0,0,0,0,0,0,0,0,0,16,83,0,0,0,0,0,0,0,0,0,0,0,0,0,0,0,0,0,0,0,0,0,0,0,0,0,0,0,0,0,0,0,0,0,0,0,0,0,0,0,0,0,0,0,0,0,0,0,0,0,0,0,0,0,18,0,0,0,0,0,0,0,0,0,0,0,19,23,0,0,0,0,12,49,0,0,strafe_left
38,55,51,9,0,0,120,107,41,0,0,0,0,0,0,0,0,0,0,0,5,0,0,0,0,0,0,0,0,0,0,0,0,0,0,0,0,0,0,0,0,0,0,0,4,0,0,0,0,0,0,0,0,0,0,0,0,0,0,0,0,0,0,0,0,0,0,0,0,0,0,0,0,0,48,0,0,0,0,0,0,0,0,0,0,0,43,77,0,0,0,0,5,26,0,0,strafe_left
96,160,107,24,0,0,70,86,31,0,0,0,5,30,25,0,0,0,0,0,0,0,0,0,0,0,0,0,0,0,0,0,0,0,0,0,0,0,0,0,0,0,0,0,0,0,0,0,0,0,0,0,0,0,0,0,0,0,0,0,0,0,0,0,0,0,0,0,0,0,0,0,0,0,50,0,0,0,0,0,0,0,0,0,0,0,45,95,0,0,0,0,0,26,0,0,strafe_left
72,113,79,11,0,0,64,84,23,0,0,0,0,6,8,0,0,0,0,0,3,0,0,0,0,0,0,0,0,0,0,0,0,0,0,0,0,0,0,0,0,0,0,0,0,0,0,0,0,0,0,0,0,0,0,0,0,0,0,0,0,0,0,0,0,0,0,0,0,0,0,0,0,0,53,0,0,0,0,0,0,0,0,0,0,0,47,93,0,0,0,0,3,25,0,0,strafe_left
72,102,81,21,4,0,83,101,47,0,0,0,13,18,21,0,0,0,0,0,11,0,0,0,0,0,0,0,0,0,0,0,0,0,0,0,0,0,0,0,0,0,0,0,0,0,0,0,0,0,0,0,0,0,0,0,0,0,0,0,0,0,9,0,0,0,0,0,0,0,0,0,0,0,51,0,0,0,0,0,0,0,0,0,0,0,48,86,0,0,0,0,0,20,0,0,strafe_left
92,107,73,17,0,0,73,81,29,0,0,0,0,21,16,0,0,0,0,0,16,0,0,0,0,0,0,0,0,0,0,0,0,0,0,0,0,0,0,0,0,0,0,0,0,0,0,0,0,0,0,0,0,0,0,0,0,0,0,0,0,0,16,0,0,0,0,0,0,0,0,0,0,0,53,12,0,0,0,0,0,0,0,0,0,0,51,74,0,0,0,0,0,6,0,0,strafe_left
15,0,6,0,0,0,86,93,45,0,0,0,10,0,3,0,0,0,0,8,75,0,0,0,0,0,0,0,0,0,0,0,0,0,0,0,0,0,0,0,0,0,0,0,0,0,0,0,0,0,0,0,0,0,0,0,0,0,0,0,0,0,6,0,0,0,0,0,0,0,0,0,0,0,47,3,0,0,0,0,0,5,0,0,0,0,35,59,0,0,0,0,0,19,0,0,strafe_left
5,0,10,0,0,8,138,178,113,0,0,0,3,0,0,0,0,0,0,0,61,0,0,0,0,0,0,0,0,0,0,0,0,0,0,0,0,0,0,0,0,0,0,0,0,0,0,0,0,0,0,0,0,0,0,0,0,0,0,0,0,0,0,0,0,0,0,0,0,0,0,0,0,0,36,0,0,0,0,0,0,12,0,0,0,0,22,33,0,0,0,0,12,38,0,0,strafe_left
0,0,16,0,3,12,147,193,115,0,0,0,0,0,0,0,0,0,0,0,39,0,0,0,0,0,0,0,0,0,0,0,0,0,0,0,0,0,0,0,0,0,0,0,0,0,0,0,0,0,0,0,0,0,0,0,0,0,0,0,0,0,0,0,0,0,0,0,0,0,0,0,0,0,20,0,0,0,0,0,0,11,0,0,0,0,9,16,0,0,0,0,19,50,0,11,strafe_left
0,0,0,0,0,0,105,188,125,0,0,0,0,0,0,0,0,0,0,0,97,0,0,0,0,0,0,0,0,0,0,0,0,0,0,0,0,0,0,0,0,0,0,0,0,0,0,0,0,0,0,0,0,0,0,0,0,0,0,0,0,0,0,0,0,0,0,0,0,0,0,0,0,0,42,0,0,0,0,0,0,0,0,0,0,0,23,41,0,0,0,0,8,33,0,0,strafe_left
0,0,0,0,0,0,0,0,0,0,0,0,0,10,13,0,0,0,0,0,0,0,0,0,0,64,36,0,0,0,0,0,0,0,0,0,0,0,0,0,0,0,0,6,111,0,0,0,0,0,138,111,22,14,19,33,68,56,0,0,0,0,16,0,0,0,61,0,13,0,0,0,0,0,0,0,0,0,0,0,0,0,0,0,0,0,0,0,0,0,0,0,0,0,0,0,strafe_right
31,10,0,0,0,0,0,0,0,0,0,0,11,36,36,0,0,0,0,0,0,0,0,0,0,58,38,0,0,0,0,0,0,0,0,0,0,0,0,0,0,0,0,11,72,0,0,0,0,0,176,143,42,21,22,35,64,54,0,0,0,0,42,0,0,0,58,0,14,0,0,0,0,0,0,0,0,0,0,0,0,0,0,0,0,0,0,0,0,0,0,0,0,0,0,0,strafe_right
53,33,0,0,0,0,0,0,0,0,0,0,4,33,31,0,0,0,0,0,0,0,0,0,0,52,29,0,0,0,0,0,0,0,0,0,0,0,0,0,0,0,0,20,83,0,0,0,0,0,165,134,33,10,3,21,45,41,0,0,0,0,47,18,0,0,60,0,28,6,0,0,0,0,0,0,0,0,0,0,0,0,0,0,0,0,0,0,0,0,0,0,0,0,0,0,strafe_right
0,0,0,0,0,0,0,0,0,0,0,0,6,6,21,0,0,0,0,0,7,0,0,0,0,6,6,0,0,0,0,0,0,0,0,0,0,0,0,0,0,0,0,44,186,0,0,0,0,0,122,103,23,5,0,14,39,47,0,0,0,0,32,9,0,0,71,0,32,17,0,0,0,0,0,0,0,0,0,0,0,0,0,0,0,0,0,0,0,0,0,0,0,0,0,0,strafe_right
0,0,0,0,0,0,0,0,0,0,0,0,0,0,0,0,0,0,0,0,16,0,0,0,0,0,0,0,0,0,0,0,35,0,0,0,0,0,0,0,0,0,0,62,275,16,0,0,11,0,28,22,0,0,0,21,48,72,0,0,0,0,0,0,0,0,77,0,42,29,0,0,0,0,0,0,0,0,0,0,0,0,0,0,0,0,0,0,0,0,0,0,0,0,0,0,strafe_right
0,0,0,0,0,0,0,0,0,0,0,0,7,8,14,0,0,0,0,0,11,0,0,0,8,31,23,0,0,0,0,0,16,0,0,0,0,0,0,0,0,0,0,21,105,0,0,0,6,0,30,24,0,0,0,23,56,82,0,0,0,0,0,0,0,0,90,0,48,38,0,0,0,0,0,0,0,0,0,0,0,0,0,0,0,0,0,0,0,0,0,0,0,0,0,0,strafe_right
0,0,0,0,0,0,0,0,0,0,0,0,0,3,11,0,0,0,0,0,4,0,0,0,0,39,27,0,0,0,0,0,18,0,0,0,0,0,0,0,0,0,0,35,176,0,0,0,0,0,150,125,41,21,18,29,53,60,0,0,0,0,34,7,0,0,77,0,29,7,0,0,0,0,0,0,0,0,0,0,0,0,0,0,0,0,0,0,0,0,0,0,0,0,0,0,strafe_right
0,0,0,0,0,0,0,0,0,0,0,0,18,23,31,0,0,0,0,0,9,0,0,0,0,46,31,0,0,0,0,0,0,0,0,0,0,0,0,0,0,0,0,19,97,0,0,0,0,0,106,84,19,12,13,27,53,66,0,0,0,0,21,0,0,0,70,0,29,7,0,0,0,0,0,0,0,0,0,0,0,0,0,0,0,0,0,0,0,0,0,0,0,0,0,0,strafe_right
0,0,0,0,0,0,0,0,0,0,0,0,0,4,15,0,0,0,0,0,0,0,0,0,0,41,32,0,0,0,0,0,12,0,0,0,0,0,0,0,0,0,0,40,184,0,0,0,3,0,113,93,26,20,23,35,61,68,0,0,0,0,10,0,0,0,58,0,15,0,0,0,0,0,0,0,0,0,0,0,0,0,0,0,0,0,0,0,0,0,0,0,0,0,0,0,strafe_right
0,0,0,0,0,0,0,0,0,0,0,0,0,0,12,0,0,0,0,0,0,0,0,0,0,44,35,4,0,0,0,0,14,0,0,0,0,0,0,0,0,0,0,33,237,0,0,0,0,0,88,73,13,6,11,24,55,60,0,0,0,0,5,0,0,0,59,0,19,0,0,0,0,0,0,0,0,0,0,0,0,0,0,0,0,0,0,0,0,0,0,0,0,0,0,0,strafe_right
0,0,0,0,0,0,0,0,0,0,0,0,0,0,0,0,0,0,0,0,0,0,0,0,0,32,20,0,0,0,0,0,14,0,0,0,0,0,0,0,0,0,0,48,309,32,0,0,0,0,0,0,0,0,0,0,0,0,0,0,0,0,0,0,0,0,45,0,10,0,0,0,0,0,0,0,0,0,0,0,0,0,0,0,0,0,0,0,0,0,0,0,0,0,0,0,strafe_right
0,0,0,0,0,0,0,0,0,0,0,0,0,0,0,0,0,0,0,0,0,0,0,0,0,46,34,0,0,0,0,0,17,0,0,0,0,0,0,0,0,0,0,32,302,20,0,0,0,0,0,0,0,0,0,0,0,0,0,0,0,0,0,0,0,0,42,0,10,0,0,0,0,0,0,0,0,0,0,0,0,0,0,0,0,0,0,0,0,0,0,0,0,0,0,0,strafe_right
0,0,0,0,0,0,0,0,0,0,0,0,0,0,0,0,0,0,0,0,0,0,0,0,0,58,40,0,0,0,0,0,5,0,0,0,0,0,0,0,0,0,0,21,259,0,0,0,0,0,0,0,0,0,0,0,0,0,0,0,0,0,0,0,0,0,45,0,9,0,0,0,0,0,0,0,0,0,0,0,0,0,0,0,0,0,0,0,0,0,0,0,0,0,0,0,strafe_right
0,0,0,0,0,0,0,0,0,0,0,0,0,0,0,0,0,0,0,0,0,0,0,0,0,45,37,0,0,0,0,0,11,0,0,0,0,0,0,0,0,0,0,29,298,18,0,0,0,0,23,23,0,0,7,25,74,87,0,0,0,0,0,0,0,0,52,0,19,6,0,0,0,0,0,0,0,0,0,0,0,0,0,0,0,0,0,0,0,0,0,0,0,0,0,0,strafe_right
0,0,0,0,0,0,0,0,0,0,0,0,0,0,0,0,0,0,0,0,5,0,0,0,5,16,18,0,0,0,0,0,16,0,0,0,0,0,0,0,0,0,0,43,319,36,0,0,0,0,11,3,0,0,0,13,51,82,0,0,0,0,0,0,0,0,61,0,46,38,0,0,0,0,0,0,0,0,0,0,0,0,0,0,0,0,0,0,0,0,0,0,0,0,0,0,strafe_right
0,0,0,0,0,0,0,0,0,0,0,0,0,0,0,0,0,0,0,0,0,0,0,0,0,4,12,0,0,0,0,0,23,0,0,0,0,0,0,0,0,0,0,53,383,66,0,0,0,0,82,68,11,5,0,0,0,0,0,0,0,0,0,0,0,0,138,54,89,52,0,0,0,0,0,0,0,0,0,0,0,0,0,0,0,0,0,0,0,0,0,0,0,0,0,0,strafe_right
0,0,0,0,0,0,0,0,0,0,0,0,0,0,0,0,0,0,0,0,3,0,0,0,0,0,5,0,0,0,0,0,6,0,0,0,0,0,0,0,0,0,0,52,391,64,0,0,0,0,65,65,13,7,0,0,0,0,0,0,0,0,0,0,0,0,133,50,86,49,0,0,0,0,0,0,0,0,0,0,0,0,0,0,0,0,0,0,0,0,0,0,0,0,0,0,strafe_right
0,0,0,0,0,0,0,0,0,0,0,0,0,0,0,0,0,0,0,0,0,0,0,0,0,15,14,0,0,0,0,0,0,0,0,0,0,0,0,0,0,0,0,46,351,51,0,0,0,0,93,85,20,9,0,0,0,0,0,0,0,0,0,0,0,0,134,46,81,37,0,0,0,0,0,0,0,0,0,0,0,0,0,0,0,0,0,0,0,0,0,0,0,0,0,0,strafe_right
0,0,0,0,0,0,0,0,0,0,0,0,0,0,0,0,0,0,0,0,0,0,0,0,0,18,17,0,0,0,0,0,4,0,0,0,0,0,0,0,0,0,0,50,338,43,0,0,0,0,94,77,16,7,0,0,0,0,0,0,0,0,0,0,0,0,110,35,77,31,0,0,0,0,0,0,0,0,0,0,0,0,0,0,0,0,0,0,0,0,0,0,0,0,0,0,strafe_right
0,0,0,0,0,0,0,0,0,0,0,0,0,0,5,0,0,0,0,0,0,0,0,0,6,48,37,3,0,0,0,0,9,0,0,0,0,0,0,0,0,0,0,31,229,0,0,0,0,0,136,108,31,17,0,0,0,0,0,0,0,0,0,0,0,0,121,40,81,33,0,0,0,0,0,0,0,0,0,0,0,0,0,0,0,0,0,0,0,0,0,0,0,0,0,0,strafe_right
0,0,0,0,0,0,0,0,0,0,0,0,0,0,0,0,0,0,0,0,0,0,0,0,0,0,0,0,0,0,0,0,23,0,0,0,0,0,0,0,0,0,0,60,389,72,0,0,0,0,18,11,0,0,0,0,0,0,0,0,0,0,0,0,0,0,142,54,109,65,0,0,0,0,0,0,0,0,0,0,0,0,0,0,0,0,0,0,0,0,0,0,0,0,0,0,strafe_right
0,0,0,0,0,0,0,0,0,0,0,0,0,0,0,0,0,0,0,0,4,0,0,0,7,0,4,0,0,0,0,0,26,0,0,0,0,0,0,0,0,0,0,55,376,58,0,0,0,0,59,43,0,0,0,0,0,0,0,0,0,0,0,0,0,0,149,54,100,58,0,0,0,0,0,0,0,0,0,0,0,0,0,0,0,0,0,0,0,0,0,0,0,0,0,0,strafe_right
0,0,0,0,0,0,0,0,0,0,0,0,0,0,0,0,0,0,0,0,0,0,0,0,0,3,4,0,0,0,0,0,9,0,0,0,0,0,0,0,0,0,0,57,375,60,0,0,0,0,116,80,15,3,0,0,0,0,0,0,0,0,0,0,0,0,127,41,85,40,0,0,0,0,0,0,0,0,0,0,0,0,0,0,0,0,0,0,0,0,0,0,0,0,0,0,strafe_right
0,0,0,0,0,0,0,0,0,0,0,0,0,0,0,0,0,0,0,0,0,0,0,0,0,35,25,0,0,0,0,0,15,0,0,0,0,0,0,0,0,0,0,43,258,23,0,0,0,0,159,125,33,11,0,0,0,0,0,0,0,0,9,0,0,0,93,28,66,27,0,0,0,0,0,0,0,0,0,0,0,0,0,0,0,0,0,0,0,0,0,0,0,0,0,0,strafe_right
0,0,0,0,0,0,0,0,0,0,0,0,0,0,9,0,0,0,0,0,3,0,0,0,0,37,27,0,0,0,0,0,0,0,0,0,0,0,0,0,0,0,0,38,251,15,0,0,0,0,157,117,31,12,0,0,0,0,0,0,0,0,13,0,0,0,106,31,69,32,0,0,0,0,0,0,0,0,0,0,0,0,0,0,0,0,0,0,0,0,0,0,0,0,0,0,strafe_right
0,0,0,0,0,0,0,0,0,0,0,0,0,0,0,0,0,0,0,0,0,0,0,0,0,31,26,0,0,0,0,0,14,0,0,0,0,0,0,0,0,0,0,54,321,40,0,0,0,0,152,113,29,15,0,0,0,0,0,0,0,0,11,0,0,0,126,43,81,42,0,0,0,0,0,0,0,0,0,0,0,0,0,0,0,0,0,0,0,0,0,0,0,0,0,0,strafe_right
0,0,0,0,0,0,0,0,0,0,0,0,0,5,10,0,0,0,0,0,0,0,0,0,10,51,36,0,0,0,0,0,0,0,0,0,0,0,0,0,0,0,0,18,162,0,0,0,0,0,183,143,39,17,0,0,0,0,0,0,0,0,15,0,0,0,94,25,62,21,0,0,0,0,0,0,0,0,0,0,0,0,0,0,0,0,0,0,0,0,0,0,0,0,0,0,strafe_right
0,0,0,0,0,0,0,0,0,0,0,0,0,0,6,0,0,0,0,0,0,0,0,0,0,58,37,0,0,0,0,0,0,0,0,0,0,0,0,0,0,0,0,19,132,0,0,0,0,0,193,150,40,16,0,0,0,0,0,0,0,0,20,0,0,0,91,26,60,22,0,0,0,0,0,0,0,0,0,0,0,0,0,0,0,0,0,0,0,0,0,0,0,0,0,0,strafe_right
0,0,0,0,0,0,0,0,0,0,0,0,7,24,18,0,0,0,0,0,0,0,0,0,0,83,52,0,0,0,0,0,0,0,0,0,0,0,0,0,0,0,0,0,76,0,0,0,0,0,198,158,46,21,0,3,0,0,0,0,0,0,18,0,0,0,88,21,54,12,0,0,0,0,0,0,0,0,0,0,0,0,0,0,0,0,0,0,0,0,0,0,0,0,0,0,strafe_right
0,0,0,0,0,0,0,0,0,0,0,0,4,15,15,0,0,0,0,0,0,0,0,0,0,38,23,0,0,0,0,0,0,0,0,0,0,0,0,0,0,0,0,29,195,0,0,0,0,0,168,128,30,13,0,0,0,0,0,0,0,0,17,0,0,0,114,36,72,29,0,0,0,0,0,0,0,0,0,0,0,0,0,0,0,0,0,0,0,0,0,0,0,0,0,0,strafe_right
0,0,0,0,0,0,0,0,0,0,0,0,0,0,0,0,0,0,0,0,0,0,0,0,0,10,12,0,0,0,0,0,6,0,0,0,0,0,0,0,0,0,0,48,305,27,0,0,0,0,124,97,23,11,0,0,0,0,0,0,0,0,0,0,0,0,132,45,85,38,0,0,0,0,0,0,0,0,0,0,0,0,0,0,0,0,0,0,0,0,0,0,0,0,0,0,strafe_right
0,0,0,0,0,0,0,0,0,0,0,0,0,0,0,0,0,0,0,0,0,0,0,0,0,17,19,0,0,0,0,0,15,0,0,0,0,0,0,0,0,0,0,49,320,29,0,0,0,0,142,112,34,18,0,6,0,0,0,0,0,0,0,0,0,0,125,40,80,33,0,0,0,0,0,0,0,0,0,0,0,0,0,0,0,0,0,0,0,0,0,0,0,0,0,0,strafe_right
0,0,0,0,0,0,0,0,0,0,0,0,0,0,4,0,0,0,0,0,0,0,0,0,0,39,24,0,0,0,0,0,0,0,0,0,0,0,0,0,0,0,0,35,256,8,0,0,0,0,168,130,35,14,0,0,0,0,0,0,0,0,4,0,0,0,119,39,77,35,0,0,0,0,0,0,0,0,0,0,0,0,0,0,0,0,0,0,0,0,0,0,0,0,0,0,strafe_right
0,0,0,0,0,0,0,0,0,0,0,0,0,18,19,0,0,0,0,0,0,0,0,0,0,40,27,0,0,0,0,0,0,0,0,0,0,0,0,0,0,0,0,29,211,0,0,0,0,0,98,65,3,0,0,0,0,0,0,0,0,0,15,0,0,0,121,46,98,61,0,0,0,0,0,0,0,0,0,0,0,0,0,0,0,0,0,0,0,0,0,0,0,0,0,0,strafe_right
0,0,0,0,0,0,0,0,15,0,0,0,0,0,0,0,0,0,0,0,163,51,31,0,0,0,0,0,0,0,0,0,83,24,39,0,0,0,0,0,0,0,0,10,138,0,0,0,0,0,0,0,0,0,0,0,0,0,0,0,0,0,0,0,0,0,0,0,39,47,0,0,0,0,0,0,0,0,0,0,40,78,0,0,0,0,0,0,0,0,0,0,7,68,0,29,forward
0,0,0,0,0,0,0,0,18,0,0,0,0,0,0,0,0,0,0,0,113,32,10,0,0,0,0,0,0,0,0,0,96,45,120,0,0,0,0,0,0,0,0,0,202,25,0,0,0,0,0,0,0,0,0,0,0,0,0,0,0,0,0,0,0,0,0,0,18,43,0,0,0,0,0,0,0,0,0,0,19,71,0,0,0,0,0,0,0,0,0,0,0,60,0,56,forward
0,0,0,0,0,0,0,0,0,0,0,0,0,0,0,0,0,0,0,0,166,39,0,0,0,0,0,0,0,0,0,0,90,12,0,0,0,0,0,0,0,0,0,27,166,0,0,0,0,0,0,0,0,0,0,0,0,0,0,0,0,0,0,0,0,0,0,0,34,51,0,0,0,0,0,0,0,0,0,0,34,87,0,0,0,0,0,0,0,0,0,0,0,72,0,20,forward
0,0,0,0,0,0,0,0,10,0,0,0,0,0,0,0,0,0,0,0,197,51,0,0,0,0,0,0,0,0,0,0,89,6,0,0,0,0,0,0,0,0,0,28,173,0,0,0,0,0,0,0,0,0,0,0,0,0,0,0,0,0,0,0,0,0,0,0,36,48,0,0,0,0,0,0,0,0,0,0,34,80,0,0,0,0,0,0,0,0,0,0,0,71,0,39,forward
0,0,0,0,0,0,0,0,16,0,0,0,0,0,0,0,0,0,0,0,159,37,23,0,0,0,0,0,0,0,0,0,86,9,33,0,0,0,0,0,0,0,0,14,135,0,0,0,0,0,0,0,0,0,0,0,0,0,0,0,0,0,0,0,0,0,0,0,24,57,0,0,0,0,0,0,0,0,0,0,27,83,0,0,0,0,0,0,0,0,0,0,0,65,0,58,forward
0,0,0,0,0,0,0,0,38,0,0,0,0,0,0,0,0,0,0,0,79,0,0,0,0,0,0,0,0,0,0,0,106,28,67,0,0,0,0,0,0,0,0,16,223,25,12,0,0,0,0,0,0,0,0,0,0,0,0,0,0,0,0,0,0,0,0,0,22,50,0,0,0,0,0,0,0,0,0,0,24,81,0,0,0,0,0,0,0,0,0,0,0,68,0,68,forward
0,0,0,0,0,0,0,0,48,0,0,0,0,0,0,0,0,0,0,0,51,0,0,0,0,0,0,0,0,0,0,0,90,3,77,0,0,0,0,0,0,0,0,0,218,36,59,0,0,0,0,0,0,0,0,0,0,0,0,0,0,0,0,0,0,0,0,0,15,44,0,0,0,0,0,0,0,0,0,0,15,83,0,0,0,0,0,0,0,0,0,0,0,76,0,82,forward
0,0,0,0,0,0,0,0,0,0,0,0,0,0,0,0,0,0,0,0,47,0,0,0,0,0,0,0,0,0,0,0,77,0,41,0,0,0,0,0,0,0,0,0,232,61,94,0,0,0,0,0,0,0,0,0,0,0,0,0,0,0,0,0,0,0,0,0,0,32,0,0,0,0,0,0,0,0,0,0,3,84,0,0,0,0,0,0,0,0,0,0,0,74,0,95,forward
0,0,0,0,0,0,0,0,31,4,0,0,0,0,0,0,0,0,0,0,60,0,0,0,0,0,0,0,0,0,0,0,45,0,0,0,0,0,0,0,0,0,0,43,171,0,0,0,0,0,0,0,0,0,0,0,0,0,0,0,0,0,0,0,0,0,0,0,54,66,0,0,0,0,0,0,0,0,0,0,57,109,0,0,0,0,0,0,0,0,0,0,0,58,0,0,forward
0,0,0,0,0,0,0,47,37,0,0,0,0,0,0,0,0,0,0,0,80,159,0,0,0,0,0,0,0,0,0,0,98,0,0,0,0,0,0,0,0,0,0,12,67,0,0,0,0,0,0,0,0,0,0,0,0,0,0,0,0,0,0,0,0,0,0,0,23,139,19,0,0,0,0,0,0,0,0,0,15,120,6,0,0,0,0,0,0,0,0,0,0,86,0,0,forward
0,0,0,0,0,0,0,10,17,0,0,0,0,0,0,0,0,0,0,0,66,186,3,0,0,0,0,0,0,0,0,0,82,0,7,0,0,0,0,0,0,0,0,6,63,0,0,0,0,0,0,0,0,0,0,0,0,0,0,0,0,0,0,0,0,0,0,0,9,125,13,0,0,0,0,0,0,0,0,0,0,114,0,0,0,0,0,0,0,0,0,0,0,91,0,0,forward
0,0,0,0,0,0,0,0,0,0,0,0,0,0,0,0,0,0,0,0,34,140,0,0,0,0,0,0,0,0,0,0,82,0,41,0,0,0,0,0,0,0,0,0,88,11,8,0,0,0,0,0,0,0,0,0,0,0,0,0,0,0,0,0,0,0,0,0,0,93,0,0,0,0,0,0,0,0,0,0,0,94,0,0,0,0,0,0,0,0,0,0,0,74,0,0,forward
0,0,0,0,0,0,0,0,0,0,0,0,0,0,0,0,0,0,0,0,33,151,0,0,0,0,0,0,0,0,0,0,87,0,35,0,0,0,0,0,0,0,0,0,109,24,9,0,0,0,0,0,0,0,0,0,0,0,0,0,0,0,0,0,0,0,0,0,0,86,0,0,0,0,0,0,0,0,0,0,0,96,0,0,0,0,0,0,0,0,0,0,0,86,0,4,forward
0,0,0,0,0,0,0,0,0,0,0,0,0,0,0,0,0,0,0,0,0,102,0,0,0,0,0,0,0,0,0,0,73,0,10,0,0,0,0,0,0,0,0,0,186,46,24,0,0,0,0,0,0,0,0,0,0,0,0,0,0,0,0,0,0,0,0,0,0,109,4,0,0,0,0,0,0,0,0,0,0,99,0,0,0,0,0,0,0,0,0,0,0,60,0,0,forward
0,0,0,0,0,0,0,0,0,0,0,0,0,0,0,0,0,0,0,0,60,175,0,0,0,0,0,0,0,0,0,0,107,4,0,0,0,0,0,0,0,0,0,12,98,19,0,0,0,0,0,0,0,0,0,0,0,0,0,0,0,0,0,0,0,0,0,0,0,139,15,0,0,0,0,0,0,0,0,0,0,116,0,0,0,0,0,0,0,0,0,0,0,75,0,0,forward
0,0,0,0,0,0,0,0,8,0,0,0,0,0,0,0,0,0,0,0,65,154,0,0,0,0,0,0,0,0,0,0,107,0,0,0,0,0,0,0,0,0,0,14,112,10,0,0,0,0,0,0,0,0,0,0,0,0,0,0,0,0,0,0,0,0,0,0,25,149,21,0,0,0,0,0,0,0,0,0,12,127,0,0,0,0,0,0,0,0,0,0,0,88,0,0,forward
0,0,0,0,0,0,0,20,13,0,0,0,0,0,0,0,0,0,0,0,71,91,0,0,0,0,0,0,0,0,0,0,117,0,0,0,0,0,0,0,0,0,0,22,105,0,0,0,0,0,0,0,0,0,0,0,0,0,0,0,0,0,0,0,0,0,0,0,33,146,9,0,0,0,0,0,0,0,0,0,23,131,0,0,0,0,0,0,0,0,0,0,3,73,0,0,forward
0,0,0,0,0,0,0,51,31,0,0,0,0,0,0,0,0,0,0,0,80,121,0,0,0,0,0,0,0,0,0,3,110,0,0,0,0,0,0,0,0,0,0,12,70,0,0,0,0,0,0,0,0,0,0,0,0,0,0,0,0,0,0,0,0,0,0,0,60,169,16,0,0,0,0,0,0,0,0,0,34,126,0,0,0,0,0,0,0,0,0,0,8,70,0,0,forward
0,0,0,0,0,0,0,53,27,0,0,0,0,0,0,0,0,0,0,0,59,46,0,0,0,0,0,0,0,0,0,13,110,0,0,0,0,0,0,0,0,0,0,39,122,0,0,0,0,0,0,0,0,0,0,0,0,0,0,0,0,0,0,0,0,0,0,0,77,173,12,0,0,0,0,0,0,0,0,0,39,103,0,0,0,0,0,0,0,0,0,0,5,40,0,0,forward
0,0,0,0,0,0,0,68,33,0,0,0,0,0,0,0,0,0,0,0,57,36,0,0,0,0,0,0,0,0,0,20,100,0,0,0,0,0,0,0,0,0,0,43,108,0,0,0,0,0,0,0,0,0,0,0,0,0,0,0,0,0,0,0,0,0,0,0,83,156,0,0,0,0,0,0,0,0,0,0,40,96,0,0,0,0,0,0,0,0,0,0,8,41,0,0,forward
0,0,0,0,0,0,0,71,34,0,0,0,0,0,0,0,0,0,0,0,59,40,0,0,0,0,0,0,0,0,0,23,102,0,0,0,0,0,0,0,0,0,0,47,116,0,0,0,0,0,0,0,0,0,0,0,0,0,0,0,0,0,0,0,0,0,0,0,84,156,0,0,0,0,0,0,0,0,0,0,41,97,0,0,0,0,0,0,0,0,0,0,13,45,0,0,forward
0,0,0,0,0,0,0,56,14,0,0,0,0,0,0,0,0,0,0,3,60,44,0,0,0,0,0,0,0,0,0,29,102,0,0,0,0,0,0,0,0,0,0,42,116,0,0,0,0,0,0,0,0,0,0,0,0,0,0,0,0,0,0,0,0,0,0,0,75,138,0,0,0,0,0,0,0,0,0,0,42,82,0,0,0,0,0,0,0,0,0,0,27,46,0,0,forward
0,0,0,0,0,0,0,70,15,0,0,0,0,0,0,0,0,0,0,0,41,6,0,0,0,0,0,0,0,0,0,38,78,0,0,0,0,0,0,0,0,0,0,40,83,0,0,0,0,0,0,0,0,0,0,0,0,0,0,0,0,0,0,0,0,0,0,0,69,120,0,0,0,0,0,0,0,0,0,0,33,63,0,0,0,0,0,0,0,0,0,0,29,45,0,0,forward
0,0,0,0,0,0,0,0,0,0,0,0,0,0,0,0,0,0,0,0,43,102,0,0,0,0,0,0,0,0,0,0,91,0,31,0,0,0,0,0,0,0,0,0,77,0,0,0,0,0,0,0,0,0,0,0,0,0,0,0,0,0,0,0,0,0,0,0,19,128,0,0,0,0,0,0,0,0,0,0,10,97,0,0,0,0,0,0,0,0,0,0,0,77,0,19,forward
0,0,0,0,0,0,0,0,0,0,0,0,0,0,0,0,0,0,0,0,18,103,7,0,0,0,0,0,0,0,0,0,79,0,29,0,0,0,0,0,0,0,0,0,135,30,4,0,0,0,0,0,0,0,0,0,0,0,0,0,0,0,0,0,0,0,0,0,0,68,0,0,0,0,0,0,0,0,0,0,0,77,0,0,0,0,0,0,0,0,0,0,0,82,0,35,forward
0,0,0,0,0,0,0,0,0,0,0,0,0,0,0,0,0,0,0,0,0,91,0,0,0,0,0,0,0,0,0,0,73,4,29,0,0,0,0,0,0,0,0,0,173,59,40,0,0,0,0,0,0,0,0,0,0,0,0,0,0,0,0,0,0,0,0,0,0,21,0,0,0,0,0,0,0,0,0,0,0,58,0,0,0,0,0,0,0,0,0,0,0,68,0,39,forward
0,0,0,0,0,0,0,0,0,0,0,0,0,0,0,0,0,0,0,0,0,140,0,0,0,0,0,0,0,0,0,0,86,5,0,0,0,0,0,0,0,0,0,0,183,53,0,0,0,0,0,0,0,0,0,0,0,0,0,0,0,0,0,0,0,0,0,0,0,13,0,0,0,0,0,0,0,0,0,0,0,52,0,10,0,0,0,0,0,0,0,0,0,58,0,24,forward
0,0,0,0,0,0,0,0,0,28,0,0,0,0,0,0,0,0,0,0,44,160,10,0,0,0,0,0,0,0,0,0,106,0,0,0,0,0,0,0,0,0,0,0,131,20,0,0,0,0,0,0,0,0,0,0,0,0,0,0,0,0,0,0,0,0,0,0,0,131,23,0,0,0,0,0,0,0,0,0,0,122,0,0,0,0,0,0,0,0,0,0,0,86,0,0,forward
0,0,0,0,0,0,0,0,0,0,0,0,0,0,0,0,0,0,0,0,0,121,0,0,0,0,0,0,0,0,0,0,54,4,20,0,0,0,0,0,0,0,0,0,106,32,30,0,0,0,0,0,0,0,0,0,0,0,0,0,0,0,0,0,0,0,0,0,0,46,0,0,0,0,0,0,0,0,0,0,0,61,0,5,0,0,0,0,0,0,0,0,0,44,0,32,forward
0,0,0,0,0,0,0,0,0,0,0,0,0,0,0,0,0,0,0,0,0,133,0,0,0,0,0,0,0,0,0,0,80,35,14,0,0,0,0,0,0,0,0,0,100,31,0,0,0,0,0,0,0,0,0,0,0,0,0,0,0,0,0,0,0,0,0,0,0,0,0,0,0,0,0,0,0,0,0,0,0,22,0,16,0,0,0,0,0,0,0,0,0,17,0,22,forward
0,0,0,0,0,0,0,0,0,0,0,0,0,0,0,0,0,0,0,0,32,175,0,0,0,0,0,0,0,0,0,0,97,14,0,0,0,0,0,0,0,0,0,0,67,0,0,0,0,0,0,0,0,0,0,0,0,0,0,0,0,0,0,0,0,0,0,0,0,16,0,0,0,0,0,0,0,0,0,0,0,67,0,10,0,0,0,0,0,0,0,0,0,62,0,9,forward
0,0,0,0,0,0,0,0,19,0,0,0,0,0,0,0,0,0,0,0,57,172,0,0,0,0,0,0,0,0,0,0,103,5,0,0,0,0,0,0,0,0,0,0,72,0,0,0,0,0,0,0,0,0,0,0,0,0,0,0,0,0,0,0,0,0,0,0,0,36,0,0,0,0,0,0,0,0,0,0,0,76,0,0,0,0,0,0,0,0,0,0,0,89,21,26,forward
0,0,0,0,0,0,0,0,0,0,9,0,0,0,0,0,0,0,0,0,33,179,0,0,0,0,0,0,0,0,0,0,67,24,43,0,0,0,0,0,0,0,0,0,46,0,0,0,0,0,0,0,0,0,0,0,0,0,0,0,0,0,0,0,0,0,0,0,0,4,0,0,0,0,0,0,0,0,0,0,0,53,0,12,0,0,0,0,0,0,0,0,0,70,9,34,forward
0,0,0,0,0,0,0,0,0,0,0,0,0,0,0,0,0,0,0,0,60,276,12,0,0,0,0,0,0,0,0,0,39,14,23,0,0,0,0,0,0,0,0,0,21,0,0,0,0,0,0,0,0,0,0,0,0,0,0,0,0,0,0,0,0,0,0,0,0,10,0,0,0,0,0,0,0,0,0,0,0,59,0,15,0,0,0,0,0,0,0,0,0,71,9,26,forward
0,0,0,0,0,0,0,0,0,3,6,0,0,0,0,0,0,0,0,0,48,285,0,0,0,0,0,0,0,0,0,0,77,32,30,0,0,0,0,0,0,0,0,0,39,0,0,0,0,0,0,0,0,0,0,0,0,0,0,0,0,0,0,0,0,0,0,0,0,32,0,0,0,0,0,0,0,0,0,0,0,66,4,14,0,0,0,0,0,0,0,0,0,78,15,34,forward
0,0,0,0,0,0,0,0,0,0,0,0,0,0,0,0,0,0,0,0,64,288,0,0,0,0,0,0,0,0,0,0,96,43,17,0,0,0,0,0,0,0,0,0,40,0,0,0,0,0,0,0,0,0,0,0,0,0,0,0,0,0,0,0,0,0,0,0,0,32,0,0,0,0,0,0,0,0,0,0,0,72,8,15,0,0,0,0,0,0,0,0,0,87,22,36,forward
0,0,0,0,0,0,0,0,0,0,0,0,0,0,0,0,0,0,0,0,69,235,0,0,0,0,0,0,0,0,0,0,104,21,0,0,0,0,0,0,0,0,0,0,55,0,0,0,0,0,0,0,0,0,0,0,0,0,0,0,0,0,0,0,0,0,0,0,0,42,5,0,0,0,0,0,0,0,0,0,0,79,9,8,0,0,0,0,0,0,0,0,0,90,22,30,forward
0,0,0,0,0,0,0,0,0,0,0,0,0,0,0,0,0,0,0,0,62,264,0,0,0,0,0,0,0,0,0,0,104,38,0,0,0,0,0,0,0,0,0,0,54,0,0,0,0,0,0,0,0,0,0,0,0,0,0,0,0,0,0,0,0,0,0,0,0,32,0,0,0,0,0,0,0,0,0,0,0,80,7,10,0,0,0,0,0,0,0,0,0,99,29,40,forward
0,0,0,0,0,0,0,0,0,0,0,0,0,0,0,0,0,0,0,0,44,108,0,0,0,0,0,0,0,0,0,0,109,0,0,0,0,0,0,0,0,0,0,0,86,0,0,0,0,0,0,0,0,0,0,0,0,0,0,0,0,0,0,0,0,0,0,0,0,91,5,0,0,0,0,0,0,0,0,0,0,113,13,0,0,0,0,0,0,0,0,0,0,129,24,5,forward
0,0,0,0,0,0,0,0,62,20,0,0,0,0,0,0,0,0,0,0,45,82,0,0,0,0,0,0,0,0,0,0,98,0,0,0,0,0,0,0,0,0,0,0,102,6,0,0,0,0,0,0,0,0,0,0,0,0,0,0,0,0,0,0,0,0,0,0,0,155,5,0,0,0,0,0,0,0,0,0,12,165,0,0,0,0,0,0,0,0,0,0,22,120,0,0,forward
0,0,0,0,0,0,0,0,22,0,0,0,0,0,0,0,0,0,0,0,37,104,0,0,0,0,0,0,0,0,0,0,94,0,0,0,0,0,0,0,0,0,0,0,86,0,0,0,0,0,0,0,0,0,0,0,0,0,0,0,0,0,0,0,0,0,0,0,0,120,14,0,0,0,0,0,0,0,0,0,12,135,16,0,0,0,0,0,0,0,0,0,8,139,20,0,forward
0,0,0,0,0,0,0,0,0,0,0,0,0,0,0,0,0,0,0,0,0,8,0,0,0,0,0,0,0,0,0,0,40,0,0,0,0,0,0,0,0,0,0,0,236,155,18,0,0,0,0,0,0,0,0,0,0,0,0,0,0,0,0,0,0,0,0,0,65,267,53,0,0,0,0,0,0,0,0,0,13,101,0,0,0,0,0,0,0,0,0,0,0,12,0,0,forward
0,0,0,0,0,0,0,0,0,0,0,0,0,0,0,0,0,0,0,0,0,18,0,0,0,0,0,0,0,0,0,0,56,0,0,0,0,0,0,0,0,0,0,0,266,163,27,0,0,0,0,0,0,0,0,0,0,12,0,0,0,0,0,0,0,0,0,0,68,294,39,0,0,0,0,0,0,0,0,0,7,83,0,0,0,0,0,0,0,0,0,0,0,0,0,0,forward
0,0,0,0,0,0,0,0,0,0,0,0,0,0,0,0,0,0,0,0,0,16,0,0,0,0,0,0,0,0,0,0,23,0,0,0,0,0,0,0,0,0,0,0,299,197,49,0,0,0,0,0,0,0,0,0,0,0,0,0,0,0,0,0,0,0,0,0,31,259,38,0,0,0,0,0,0,0,0,0,0,87,0,0,0,0,0,0,0,0,0,0,0,13,0,0,forward
0,0,0,0,0,0,0,0,0,0,0,0,0,0,0,0,0,0,0,0,0,47,0,0,0,0,0,0,0,0,0,0,53,0,0,0,0,0,0,0,0,0,0,0,185,115,16,0,0,0,0,0,0,0,0,0,0,0,0,0,0,0,0,0,0,0,0,0,12,240,41,0,0,0,0,0,0,0,0,0,0,96,0,0,0,0,0,0,0,0,0,0,0,15,0,41,forward
0,0,0,0,0,0,0,0,0,0,0,0,0,0,0,0,0,0,0,0,32,146,0,0,0,0,0,0,0,0,0,0,85,0,0,0,0,0,0,0,0,0,0,0,65,11,0,0,0,0,0,0,0,0,0,0,0,0,0,0,0,0,0,0,0,0,0,0,0,160,23,0,0,0,0,0,0,0,0,0,0,108,0,0,0,0,0,0,0,0,0,0,0,64,0,16,forward
0,0,0,0,0,0,0,0,25,11,4,0,0,0,0,0,0,0,0,0,46,138,0,0,0,0,0,0,0,0,0,0,79,0,0,0,0,0,0,0,0,0,0,0,84,21,0,0,0,0,0,0,0,0,0,0,0,0,0,0,0,0,0,0,0,0,0,0,0,181,34,0,0,0,0,0,0,0,0,0,0,111,0,0,0,0,0,0,0,0,0,0,0,62,0,31,forward
0,0,0,0,0,0,0,0,0,0,0,0,0,0,0,0,0,0,0,0,16,80,0,0,0,0,0,0,0,0,0,0,74,8,0,0,0,0,0,0,0,0,0,0,122,46,0,0,0,0,0,0,0,0,0,0,0,0,0,0,0,0,0,0,0,0,0,0,0,121,14,0,0,0,0,0,0,0,0,0,0,93,0,0,0,0,0,0,0,0,0,0,0,66,0,40,forward
0,0,0,0,0,0,0,0,28,0,0,0,0,0,0,0,0,0,0,0,53,129,0,0,0,0,0,0,0,0,0,0,106,8,0,0,0,0,0,0,0,0,0,0,72,13,0,0,0,0,0,0,0,0,0,0,0,0,0,0,0,0,0,0,0,0,0,0,11,180,30,0,0,0,0,0,0,0,0,0,6,127,0,0,0,0,0,0,0,0,0,0,0,78,0,0,forward
0,0,0,0,0,0,0,0,36,0,0,0,0,0,0,0,0,0,0,0,64,71,0,0,0,0,0,0,0,0,0,0,110,0,0,0,0,0,0,0,0,0,0,0,81,0,0,0,0,0,0,0,0,0,0,0,0,0,0,0,0,0,0,0,0,0,0,0,20,180,32,0,0,0,0,0,0,0,0,0,11,143,10,0,0,0,0,0,0,0,0,0,0,86,0,0,forward
0,0,0,0,0,0,0,0,0,0,0,0,0,0,0,0,0,0,0,0,11,72,0,0,0,0,0,0,0,0,0,0,87,7,0,0,0,0,0,0,0,0,0,0,178,58,0,0,0,0,0,0,0,0,0,0,0,0,0,0,0,0,0,0,0,0,0,0,0,113,15,0,0,0,0,0,0,0,0,0,0,89,0,0,0,0,0,0,0,0,0,0,0,71,0,20,forward
0,0,0,0,0,0,0,0,0,0,0,0,0,0,0,0,0,0,0,0,3,52,0,0,0,0,0,0,0,0,0,0,60,39,38,0,0,0,0,0,0,0,0,0,110,68,0,0,0,0,0,0,0,0,0,0,0,0,0,0,0,0,0,0,0,0,0,0,0,34,0,0,0,0,0,0,0,0,0,0,0,45,0,17,0,0,0,0,0,0,0,0,0,32,0,41,forward
0,0,0,0,0,0,0,0,0,0,0,0,0,0,0,0,0,0,0,0,32,38,0,0,0,0,0,0,0,0,0,0,114,0,0,0,0,0,0,0,0,0,0,7,162,37,0,0,0,0,0,0,0,0,0,0,0,0,0,0,0,0,0,0,0,0,0,0,0,83,9,0,0,0,0,0,0,0,0,0,0,77,0,0,0,0,0,0,0,0,0,0,0,56,0,0,forward
0,0,0,0,0,0,0,64,83,0,0,0,0,0,0,0,0,0,0,4,60,15,0,0,0,0,0,0,0,0,0,11,88,0,0,0,0,0,0,0,0,0,0,21,44,0,0,0,0,0,0,0,0,0,0,0,0,0,0,0,0,0,0,0,0,0,0,0,43,174,0,0,0,0,0,0,0,0,0,0,31,123,0,0,0,0,0,0,0,0,0,0,19,59,0,0,forward
0,0,0,0,0,0,0,26,0,0,0,0,0,108,48,0,0,0,0,0,0,0,0,0,0,90,67,0,0,0,0,0,7,0,0,0,18,84,46,0,0,0,0,7,18,0,0,0,0,0,119,25,0,0,0,0,0,0,0,0,9,0,39,19,0,0,0,0,14,6,0,0,0,0,45,19,0,0,0,0,11,10,0,0,0,0,0,0,0,0,0,0,33,16,0,0,backward
0,0,0,0,0,0,0,18,0,0,0,0,0,114,51,0,0,0,0,0,0,0,0,0,0,102,74,0,0,0,0,0,0,0,0,0,27,104,59,0,0,0,0,5,6,0,0,0,0,0,167,40,0,0,0,0,0,0,0,0,4,0,51,32,0,0,0,0,10,0,0,0,0,0,70,34,0,0,0,0,11,0,0,0,0,0,0,0,0,0,0,0,0,0,0,0,backward
0,0,0,0,0,0,0,16,0,0,0,0,0,128,62,0,0,0,0,0,0,0,0,0,0,107,80,0,0,0,0,0,13,0,0,0,17,98,48,0,0,0,0,0,0,0,0,0,0,0,182,55,0,0,0,0,0,0,0,0,4,0,52,35,0,0,0,0,12,0,0,0,0,0,72,35,0,0,0,0,6,0,0,0,0,0,0,0,0,0,0,0,0,0,0,0,backward
0,0,0,0,0,0,0,19,0,0,0,0,0,159,71,0,0,0,0,0,0,0,0,0,0,105,79,0,0,0,0,0,0,0,0,0,6,106,46,0,0,0,0,0,0,0,0,0,0,0,185,44,0,0,0,0,0,0,0,0,0,0,64,42,0,0,0,0,0,0,0,0,0,0,77,36,0,0,0,0,0,0,0,0,0,0,0,0,0,0,0,0,0,0,0,0,backward
0,0,0,0,0,0,0,8,0,0,0,0,0,176,73,0,0,0,0,0,0,0,0,0,0,119,82,0,0,0,0,0,0,0,0,0,16,116,52,0,0,0,0,0,0,0,0,0,0,30,170,33,0,0,0,0,0,0,0,0,0,12,68,42,0,0,0,0,0,0,0,0,0,0,86,49,0,0,0,0,0,0,0,0,0,0,0,0,0,0,0,0,0,0,0,0,backward
0,0,0,0,0,0,0,3,0,0,0,0,0,166,70,0,0,0,0,0,0,0,0,0,0,132,86,0,0,0,0,0,0,0,0,0,22,125,59,0,0,0,0,0,0,0,0,0,0,26,196,49,0,0,0,0,0,0,0,0,0,25,78,49,0,0,0,0,0,0,0,0,0,0,94,54,0,0,0,0,0,0,0,0,0,0,0,0,0,0,0,0,0,0,0,0,backward
0,0,0,0,0,0,0,0,0,0,0,0,0,179,78,0,0,0,0,0,0,0,0,0,0,124,81,0,0,0,0,0,0,0,0,0,21,133,61,0,0,0,0,0,0,0,0,0,0,33,203,61,0,0,0,0,0,0,0,0,0,21,74,46,0,0,0,0,0,0,0,0,0,0,95,58,0,0,0,0,0,0,0,0,0,0,0,0,0,0,0,0,0,0,0,0,backward
0,0,0,0,0,0,0,0,0,0,0,0,0,192,71,0,0,0,0,0,0,0,0,0,17,140,88,0,0,0,0,0,0,0,0,0,47,145,56,0,0,0,0,0,0,0,0,0,0,20,183,50,0,0,0,0,0,0,0,0,0,13,73,50,0,0,0,0,0,0,0,0,0,0,95,51,0,0,0,0,0,0,0,0,0,0,0,7,0,0,0,0,0,0,0,0,backward
0,0,0,0,0,0,0,7,0,0,0,0,0,244,110,0,0,0,0,0,0,0,0,0,0,114,82,0,0,0,0,0,0,0,0,0,3,89,21,0,0,0,0,0,0,0,0,0,0,0,158,40,0,0,0,0,0,0,0,0,0,9,67,49,0,0,0,0,0,0,0,0,0,0,98,58,0,0,0,0,0,0,0,0,0,0,0,28,0,0,0,0,0,0,0,0,backward
0,0,0,0,0,0,0,20,0,0,0,0,0,218,106,0,0,0,0,0,0,0,0,0,0,118,92,0,0,0,0,0,0,0,0,0,0,73,7,0,0,0,0,0,0,0,0,0,0,0,159,39,0,0,0,0,0,0,0,0,0,11,65,44,0,0,0,0,0,0,0,0,0,0,95,55,0,0,0,0,0,0,0,0,0,0,0,49,0,0,0,0,0,0,0,0,backward
0,0,0,0,0,0,0,19,0,0,0,0,8,127,62,0,0,0,0,0,0,0,0,0,0,97,76,0,0,0,0,0,0,0,0,0,0,88,41,0,0,0,0,7,0,0,0,0,0,0,141,37,0,0,0,0,0,0,0,0,0,0,55,36,0,0,0,0,0,0,0,0,0,0,87,52,0,0,0,0,0,0,0,0,0,0,0,36,0,0,0,0,15,0,0,0,backward
0,0,0,0,0,0,0,17,0,0,0,0,6,126,64,0,0,0,0,0,0,0,0,0,0,93,75,0,0,0,0,0,8,0,0,0,0,105,53,0,0,0,0,7,4,0,0,0,0,0,142,46,0,0,0,0,0,0,0,0,0,0,52,34,0,0,0,0,3,0,0,0,0,0,79,45,0,0,0,0,3,0,0,0,0,0,0,11,0,0,0,0,19,0,0,0,backward
0,0,0,0,0,0,0,15,0,0,0,0,3,60,32,0,0,0,0,0,3,0,0,0,0,76,58,0,0,0,0,0,17,0,0,0,0,76,48,0,0,0,0,14,33,0,0,0,0,0,126,44,0,0,0,0,0,0,0,0,0,0,46,30,0,0,0,0,7,0,0,0,0,0,77,38,0,0,0,0,0,0,0,0,0,0,0,11,0,0,0,0,40,17,0,0,backward
0,0,0,0,0,0,0,0,0,0,0,0,0,175,86,0,0,0,0,0,0,0,0,0,0,131,98,0,0,0,0,0,0,0,0,0,0,111,45,0,0,0,0,0,0,0,0,0,0,6,190,89,0,0,0,0,0,0,0,0,0,3,62,46,0,0,0,0,0,0,0,0,0,0,90,53,0,0,0,0,0,0,0,0,0,0,0,16,0,0,0,0,0,0,0,0,backward
0,0,0,0,0,0,0,3,0,0,0,0,0,205,103,0,0,0,0,0,0,0,0,0,0,117,87,0,0,0,0,0,0,0,0,0,0,114,49,0,0,0,0,0,0,0,0,0,0,0,193,87,0,0,0,0,0,0,0,0,0,10,67,51,0,0,0,0,0,0,0,0,0,0,92,56,0,0,0,0,0,0,0,0,0,0,0,19,0,0,0,0,0,0,0,0,backward
0,0,0,0,0,0,0,0,0,0,0,0,0,199,86,0,0,0,0,0,0,0,0,0,0,124,95,0,0,0,0,0,0,0,0,0,8,129,56,0,0,0,0,0,0,0,0,0,0,9,204,91,0,0,0,0,0,0,0,0,0,15,72,57,0,0,0,0,0,0,0,0,0,0,89,51,0,0,0,0,0,0,0,0,0,0,0,15,0,0,0,0,0,0,0,0,backward
0,0,0,0,0,0,0,0,0,0,0,0,0,214,87,0,0,0,0,0,0,0,0,0,7,144,104,0,0,0,0,0,0,0,0,0,29,140,54,0,0,0,0,0,0,0,0,0,0,19,210,87,0,0,0,0,0,0,0,0,0,17,76,62,0,0,0,0,0,0,0,0,0,0,94,53,0,0,0,0,0,0,0,0,0,0,0,22,0,0,0,0,0,0,0,0,backward
0,0,0,0,0,0,0,0,0,0,0,0,0,244,105,0,0,0,0,0,0,0,0,0,19,154,110,0,0,0,0,0,0,0,0,0,20,130,41,0,0,0,0,0,0,0,0,0,0,16,210,81,0,0,0,0,0,0,0,0,0,11,71,55,0,0,0,0,0,0,0,0,0,0,101,60,0,0,0,0,0,0,0,0,0,0,0,30,0,0,0,0,0,0,0,0,backward
0,0,0,0,0,0,0,25,17,0,0,0,6,21,20,0,0,0,0,0,27,0,0,0,24,48,41,0,0,0,0,3,35,0,0,0,0,23,21,0,0,0,0,12,43,0,0,0,0,0,91,24,0,0,0,0,0,0,0,0,0,0,30,12,0,0,0,0,12,10,0,0,0,0,43,12,0,0,0,0,6,12,0,0,0,0,0,0,0,0,0,0,75,40,0,0,none
0,0,0,0,0,0,0,22,17,0,0,0,5,3,10,0,0,0,0,0,32,0,0,0,22,31,33,0,0,0,0,0,37,0,0,0,0,14,15,0,0,0,0,13,49,0,0,0,0,0,59,6,0,0,0,0,0,0,0,0,0,0,26,5,0,0,0,0,18,24,0,0,0,0,20,5,0,0,0,0,9,18,0,0,0,0,0,0,0,0,0,0,87,51,0,0,none
0,0,0,0,0,0,0,30,26,0,0,0,0,0,0,0,0,0,0,0,21,0,0,0,7,19,22,0,0,0,0,0,34,0,0,0,0,15,19,0,0,0,0,24,59,0,0,0,0,0,57,6,0,0,0,0,0,0,0,0,0,0,31,11,0,0,0,0,24,29,0,0,0,0,17,5,0,0,0,0,7,14,0,0,0,0,0,0,0,0,0,0,83,49,0,0,none
0,0,0,0,0,0,0,14,10,0,0,0,0,3,7,0,0,0,0,0,31,0,0,0,15,26,29,0,0,0,0,8,43,0,0,0,0,15,19,0,0,0,0,15,46,0,0,0,0,0,62,12,0,0,0,0,0,0,0,0,0,0,25,0,0,0,0,0,15,22,0,0,0,0,19,5,0,0,0,0,10,17,0,0,0,0,0,0,0,0,0,0,84,51,0,0,none
0,0,0,0,0,0,0,23,17,0,0,0,0,3,10,0,0,0,0,0,32,0,0,0,23,29,30,0,0,0,0,3,38,0,0,0,0,8,13,0,0,0,0,13,48,0,0,0,0,0,67,14,0,0,0,0,0,0,0,0,0,0,26,5,0,0,0,0,18,24,0,0,0,0,24,7,0,0,0,0,11,18,0,0,0,0,0,0,0,0,0,0,87,52,0,0,none
0,0,0,0,0,0,0,34,30,0,0,0,7,5,11,0,0,0,0,0,24,0,0,0,5,16,16,0,0,0,0,0,32,0,0,0,0,13,17,0,0,0,0,23,59,0,0,0,0,0,67,14,0,0,0,0,0,0,0,0,0,0,30,9,0,0,0,0,21,28,0,0,0,0,27,10,0,0,0,0,11,18,0,0,0,0,0,0,0,0,0,0,82,46,0,0,none
0,0,0,0,0,0,0,27,22,0,0,0,12,4,14,0,0,0,0,0,34,0,0,0,7,15,15,0,0,0,0,0,25,0,0,0,0,10,15,0,0,0,0,23,57,0,0,0,0,0,64,10,0,0,0,0,0,0,0,0,0,0,30,9,0,0,0,0,19,25,0,0,0,0,28,10,0,0,0,0,13,20,0,0,0,0,0,0,0,0,0,0,81,46,0,0,none
0,0,0,0,0,0,0,40,30,0,0,0,10,0,8,0,0,0,0,0,26,0,0,0,3,13,15,0,0,0,0,0,28,0,0,0,0,4,10,0,0,0,0,22,53,0,0,0,0,0,65,12,0,0,0,0,0,0,0,0,0,0,30,9,0,0,0,0,22,27,0,0,0,0,26,10,0,0,0,0,10,17,0,0,0,0,0,0,0,0,0,0,81,47,0,0,none
0,0,0,0,0,0,0,43,28,0,0,0,16,21,22,0,0,0,0,0,38,0,0,0,16,28,26,0,0,0,0,0,21,0,0,0,0,0,0,0,0,0,0,7,36,0,0,0,0,0,80,10,0,0,0,0,0,0,0,0,0,0,29,10,0,0,0,0,12,11,0,0,0,0,39,15,0,0,0,0,8,12,0,0,0,0,0,0,0,0,0,0,89,51,0,0,none
0,0,0,0,0,0,0,50,29,0,0,0,18,47,33,0,0,0,0,0,30,0,0,0,11,45,41,0,0,0,0,0,25,0,0,0,0,3,0,0,0,0,0,0,14,0,0,0,0,0,79,11,0,0,0,0,0,0,0,0,0,0,30,11,0,0,0,0,9,6,0,0,0,0,44,16,0,0,0,0,6,12,0,0,0,0,0,0,0,0,0,0,91,52,0,0,none
0,0,0,0,0,0,0,75,40,0,0,0,22,4,13,0,0,0,0,0,33,0,0,0,12,0,17,0,0,0,0,0,25,0,0,0,0,0,0,0,0,0,0,0,8,0,0,0,0,0,38,0,0,0,0,0,0,0,0,0,0,0,27,7,0,0,0,0,10,10,0,0,0,0,23,9,0,0,0,0,8,20,0,0,0,0,0,0,0,0,0,0,88,59,0,0,none
0,0,0,0,0,0,0,48,29,0,0,0,0,0,0,0,0,0,0,5,58,72,0,0,0,0,0,0,0,0,0,4,61,0,0,0,0,0,0,0,0,0,0,21,64,0,0,0,0,0,0,0,0,0,0,0,0,0,0,0,0,0,0,0,0,0,0,0,25,47,0,0,0,0,0,0,0,0,0,0,21,43,0,0,0,0,0,0,0,0,0,0,106,81,0,0,forward
0,0,0,0,0,0,0,30,20,0,0,0,0,0,0,0,0,0,0,8,65,99,0,0,0,0,0,0,0,0,0,0,65,0,0,0,0,0,0,0,0,0,0,20,69,0,0,0,0,0,0,0,0,0,0,0,0,0,0,0,0,0,0,0,0,0,0,0,31,55,0,0,0,0,0,0,0,0,0,0,22,51,0,0,0,0,0,0,0,0,0,0,81,78,0,0,forward
0,0,0,0,0,0,0,44,30,0,0,0,0,0,0,0,0,0,0,0,54,77,0,0,0,0,0,0,0,0,0,0,70,0,0,0,0,0,0,0,0,0,0,24,76,0,0,0,0,0,0,0,0,0,0,0,0,0,0,0,0,0,0,0,0,0,0,0,42,74,0,0,0,0,0,0,0,0,0,0,21,54,0,0,0,0,0,0,0,0,0,0,77,78,0,0,forward
0,0,0,0,0,0,0,38,25,0,0,0,0,0,0,0,0,0,0,14,71,93,0,0,0,0,0,0,0,0,0,7,72,0,0,0,0,0,0,0,0,0,0,12,66,0,0,0,0,0,0,0,0,0,0,0,0,0,0,0,0,0,0,0,0,0,0,0,46,88,0,0,0,0,0,0,0,0,0,0,31,72,0,0,0,0,0,0,0,0,0,0,68,81,0,0,forward
0,0,0,0,0,0,0,23,21,0,0,0,0,0,0,0,0,0,0,13,81,116,0,0,0,0,0,0,0,0,0,0,72,0,0,0,0,0,0,0,0,0,0,7,70,0,0,0,0,0,0,0,0,0,0,0,0,0,0,0,0,0,0,0,0,0,0,0,31,88,0,0,0,0,0,0,0,0,0,0,22,81,0,0,0,0,0,0,0,0,0,0,39,77,0,0,forward
0,0,0,0,0,0,0,0,0,0,0,0,0,0,0,0,0,0,0,0,40,98,0,0,0,0,0,0,0,0,0,0,82,0,18,0,0,0,0,0,0,0,0,0,93,51,0,0,0,0,0,0,0,0,0,0,0,0,0,0,0,0,0,0,0,0,0,0,0,51,0,0,0,0,0,0,0,0,0,0,0,86,18,0,0,0,0,0,0,0,0,0,20,96,0,0,forward
0,0,0,0,0,0,0,0,0,0,3,0,0,0,0,0,0,0,0,0,41,96,0,0,0,0,0,0,0,0,0,0,87,0,25,0,0,0,0,0,0,0,0,0,91,53,0,0,0,0,0,0,0,0,0,0,0,0,0,0,0,0,0,0,0,0,0,0,0,36,0,0,0,0,0,0,0,0,0,0,0,84,24,0,0,0,0,0,0,0,0,0,5,97,0,0,forward
0,0,0,0,0,0,0,0,0,0,0,0,0,0,0,0,0,0,0,0,3,54,0,0,0,0,0,0,0,0,0,0,59,0,30,0,0,0,0,0,0,0,0,0,128,97,0,0,0,0,0,0,0,0,0,0,0,0,0,0,0,0,0,0,0,0,0,0,0,33,0,0,0,0,0,0,0,0,0,0,0,83,21,0,0,0,0,0,0,0,0,0,0,100,0,0,forward
0,0,0,0,0,0,0,0,0,0,0,0,0,0,0,0,0,0,0,0,5,57,0,0,0,0,0,0,0,0,0,0,76,0,0,0,0,0,0,0,0,0,0,0,152,105,0,0,0,0,0,0,0,0,0,0,0,0,0,0,0,0,0,0,0,0,0,0,0,89,0,0,0,0,0,0,0,0,0,0,0,95,20,0,0,0,0,0,0,0,0,0,0,70,0,0,forward
0,0,0,0,0,0,0,0,0,0,0,0,0,0,0,0,0,0,0,0,36,78,0,0,0,0,0,0,0,0,0,0,81,0,0,0,0,0,0,0,0,0,0,6,96,51,0,0,0,0,0,0,0,0,0,0,0,0,0,0,0,0,0,0,0,0,0,0,19,119,0,0,0,0,0,0,0,0,0,0,0,84,0,0,0,0,0,0,0,0,0,0,31,72,0,0,forward
0,0,0,0,0,0,0,0,0,0,0,0,0,0,0,0,0,0,0,0,39,80,0,0,0,0,0,0,0,0,0,0,80,0,0,0,0,0,0,0,0,0,0,18,105,60,0,0,0,0,0,0,0,0,0,0,0,0,0,0,0,0,0,0,0,0,0,0,41,120,0,0,0,0,0,0,0,0,0,0,19,89,0,0,0,0,0,0,0,0,0,0,48,81,0,0,forward
0,0,0,0,0,0,0,0,0,0,0,0,0,0,0,0,0,0,0,0,21,51,0,0,0,0,0,0,0,0,0,0,70,0,0,0,0,0,0,0,0,0,0,23,151,105,0,0,0,0,0,0,0,0,0,0,0,0,0,0,0,0,0,0,0,0,0,0,32,135,4,0,0,0,0,0,0,0,0,0,9,85,5,0,0,0,0,0,0,0,0,0,15,47,0,0,forward
0,0,0,0,0,0,0,0,0,0,0,0,0,0,0,0,0,0,0,0,16,58,0,0,0,0,0,0,0,0,0,0,88,10,0,0,0,0,0,0,0,0,0,16,195,161,0,0,0,0,0,0,0,0,0,0,0,0,0,0,0,0,0,0,0,0,0,0,48,188,36,0,0,0,0,0,0,0,0,0,0,106,11,0,0,0,0,0,0,0,0,0,0,25,0,0,forward
0,0,0,0,0,0,0,0,0,0,0,0,0,0,0,0,0,0,0,0,26,54,0,0,0,0,0,0,0,0,0,0,81,0,0,0,0,0,0,0,0,0,0,30,195,144,0,0,0,0,0,0,0,0,0,0,0,0,0,0,0,0,0,0,0,0,0,0,63,201,17,0,0,0,0,0,0,0,0,0,7,89,0,0,0,0,0,0,0,0,0,0,0,21,0,0,forward
0,0,0,0,0,0,0,0,0,0,0,0,0,0,0,0,0,0,0,0,32,52,0,0,0,0,0,0,0,0,0,0,71,0,0,0,0,0,0,0,0,0,0,29,197,117,0,0,0,0,0,0,0,0,0,0,0,0,0,0,0,0,0,0,0,0,0,0,66,202,3,0,0,0,0,0,0,0,0,0,9,84,0,0,0,0,0,0,0,0,0,0,0,19,0,0,forward
0,0,0,0,0,0,0,0,0,0,0,0,0,0,0,0,0,0,0,0,34,50,0,0,0,0,0,0,0,0,0,0,70,0,0,0,0,0,0,0,0,0,0,30,178,102,0,0,0,0,0,0,0,0,0,0,0,4,0,0,0,0,0,0,0,0,0,0,71,195,0,0,0,0,0,0,0,0,0,0,25,91,0,0,0,0,0,0,0,0,0,0,0,21,0,0,forward
0,0,0,0,0,0,0,0,0,0,0,0,0,0,0,0,0,0,0,0,10,19,0,0,0,0,0,0,0,0,0,0,68,0,0,0,0,0,0,0,0,0,0,37,195,110,0,0,0,0,0,0,0,0,0,0,0,0,0,0,0,0,0,0,0,0,0,0,87,189,0,0,0,0,0,0,0,0,0,0,32,73,0,0,0,0,0,0,0,0,0,0,5,18,0,0,forward
0,0,0,0,0,0,0,22,16,0,0,0,13,116,77,0,0,0,0,57,54,0,0,0,0,79,65,0,0,0,0,0,34,0,0,0,0,35,26,0,0,0,0,30,52,0,0,0,0,0,61,118,12,0,0,0,0,0,0,0,19,0,53,33,0,0,26,0,35,7,0,0,0,0,0,25,0,0,0,0,21,0,0,0,0,0,0,0,0,0,0,0,58,0,0,0,none
0,0,0,0,0,0,0,19,0,0,0,0,8,85,61,0,0,0,0,58,57,0,0,0,0,50,48,0,0,0,0,0,28,0,0,0,0,14,13,0,0,0,0,23,40,0,0,0,0,0,58,104,0,0,0,0,0,0,0,0,21,0,53,35,0,0,19,0,29,6,0,0,0,0,23,41,0,0,0,0,25,9,0,0,0,0,0,0,0,0,0,0,98,28,0,0,none
0,0,0,0,0,0,0,12,4,0,0,0,0,65,45,0,0,0,0,48,50,0,0,0,0,59,54,0,0,0,0,0,39,0,8,0,0,25,25,0,0,0,0,29,46,0,0,0,0,0,54,100,0,0,0,0,0,0,0,0,14,0,49,30,0,0,21,0,30,6,0,0,0,0,19,42,0,0,0,0,32,13,0,0,0,0,0,0,0,0,0,0,93,24,0,0,none
0,0,0,0,0,0,0,5,0,0,0,0,0,85,54,0,0,0,0,54,54,0,0,0,0,60,55,0,0,0,0,3,44,0,0,0,0,28,25,0,0,0,0,26,46,0,0,0,0,0,55,104,0,0,0,0,0,0,0,0,18,0,51,30,0,0,16,0,27,0,0,0,0,0,26,45,0,0,0,0,32,11,0,0,0,0,0,0,0,0,0,0,90,22,0,0,none
0,0,0,0,0,0,0,12,8,0,0,0,0,113,64,0,0,0,0,47,49,0,0,0,0,85,71,0,0,0,0,7,43,0,0,0,0,39,30,0,0,0,0,22,39,0,0,0,0,0,61,119,0,0,0,0,0,0,0,0,16,0,54,35,0,0,16,0,26,0,0,0,0,0,30,50,0,0,0,0,27,7,0,0,0,0,0,0,0,0,0,0,86,5,0,0,none
0,0,0,0,0,0,0,28,0,0,0,0,8,118,73,0,0,0,0,54,53,0,0,0,0,75,60,0,0,0,0,0,28,0,0,0,0,29,23,0,0,0,0,20,36,0,0,0,0,0,66,126,9,0,0,0,0,0,0,0,19,0,55,37,0,0,17,0,25,0,0,0,0,0,25,46,0,0,0,0,26,4,0,0,0,0,0,0,0,0,0,0,97,17,0,0,none
0,0,0,0,0,0,0,14,8,0,0,0,0,108,64,0,0,0,0,48,50,0,0,0,0,81,68,0,0,0,0,9,42,0,0,0,0,36,29,0,0,0,0,19,38,0,0,0,0,0,59,121,0,0,0,0,0,0,0,0,16,0,55,35,0,0,20,0,29,0,0,0,0,0,30,50,0,0,0,0,33,7,0,0,0,0,0,0,0,0,0,0,93,15,0,0,none
0,0,0,0,0,0,0,13,10,0,0,0,0,104,64,0,0,0,0,48,50,0,0,0,0,80,71,3,0,0,0,9,44,0,0,0,0,33,27,0,0,0,0,18,35,0,0,0,0,0,60,122,0,0,0,0,0,0,0,0,15,0,56,37,0,0,21,0,29,0,0,0,0,0,29,51,0,0,0,0,32,9,0,0,0,0,0,0,0,0,0,0,93,16,0,0,none
0,0,0,0,0,0,0,35,11,0,0,0,9,110,70,0,0,0,0,49,50,0,0,0,0,64,55,0,0,0,0,0,28,0,0,0,0,22,18,0,0,0,0,20,40,0,0,0,0,0,68,129,12,0,0,0,0,0,0,0,17,0,55,33,0,0,16,0,23,0,0,0,0,0,25,46,0,0,0,0,30,6,0,0,0,0,0,0,0,0,0,0,98,22,0,0,none
0,0,6,0,0,0,0,25,20,0,0,0,0,91,55,0,0,0,0,46,45,0,0,0,0,65,58,0,0,0,0,0,36,0,0,0,0,21,18,0,0,0,0,26,44,0,0,0,0,0,62,121,0,0,0,0,0,0,0,0,15,0,52,36,0,0,8,0,22,0,0,0,0,0,38,49,0,0,0,0,27,11,0,0,0,0,0,0,0,0,0,0,100,29,0,0,none
0,0,0,0,0,0,0,25,22,0,0,0,0,98,64,0,0,0,0,57,57,0,0,0,0,78,70,4,0,0,0,6,40,0,0,0,0,10,8,0,0,0,0,11,31,0,0,0,0,0,66,125,0,0,0,0,0,0,0,0,20,0,57,40,0,0,14,0,26,0,0,0,0,0,32,43,0,0,0,0,24,8,0,0,0,0,0,0,0,0,0,0,99,27,0,0,none
0,0,0,0,0,0,0,26,20,0,0,0,0,106,67,0,0,0,0,61,60,0,0,0,0,85,72,6,0,0,0,6,39,0,0,0,0,12,11,0,0,0,0,13,33,0,0,0,0,0,64,122,4,0,0,0,0,0,0,0,18,0,58,41,0,0,20,0,29,0,0,0,0,0,25,42,0,0,0,0,26,8,0,0,0,0,0,0,0,0,0,0,98,25,0,0,none
0,0,9,0,0,0,0,39,34,0,0,0,5,94,62,0,0,0,0,49,46,0,0,0,0,65,56,0,0,0,0,0,37,0,0,0,0,16,18,0,0,0,0,24,42,0,0,0,0,0,63,118,0,0,0,0,0,0,0,0,11,0,53,35,0,0,16,0,26,0,0,0,0,0,32,47,0,0,0,0,30,12,0,0,0,0,0,0,0,0,0,0,103,29,0,0,none
0,0,0,0,0,0,0,0,0,0,0,0,0,0,0,0,0,0,0,0,0,0,0,0,0,94,64,0,0,0,0,0,5,0,0,0,76,172,97,3,0,0,0,5,73,0,0,0,0,0,15,46,0,0,9,0,0,42,0,0,0,0,13,0,0,0,54,9,52,25,0,0,0,0,0,0,0,0,0,0,28,0,0,0,0,0,0,0,0,0,0,0,6,0,0,0,strafe_right
0,0,0,0,0,0,0,0,0,0,0,0,0,0,0,0,0,0,0,0,0,0,0,0,0,76,57,0,0,0,0,0,3,0,0,0,47,147,89,0,0,0,0,10,91,0,0,0,0,0,15,48,0,0,9,0,0,44,0,0,3,0,7,0,0,0,53,8,50,27,0,0,0,0,0,0,0,0,0,0,24,0,0,0,0,0,0,0,0,0,0,0,0,0,0,0,strafe_right
0,0,0,0,0,0,0,0,0,0,0,0,0,0,0,0,0,0,0,0,0,0,0,0,0,47,38,0,0,0,0,0,0,0,0,0,27,99,67,0,0,0,0,3,96,0,0,0,0,0,13,33,0,0,15,0,0,62,0,0,0,0,0,0,0,0,53,6,55,32,0,0,0,0,0,0,0,0,0,0,22,0,0,0,0,0,0,0,0,0,0,0,0,0,0,0,strafe_right
0,0,0,0,0,0,0,0,0,0,0,0,0,0,0,0,0,0,0,0,0,0,0,0,0,61,49,0,0,0,0,0,6,0,0,0,58,119,82,0,0,0,0,9,105,0,0,0,0,0,17,40,0,0,13,0,0,60,0,0,0,0,0,0,0,0,60,13,61,35,0,0,0,0,0,0,0,0,0,0,21,0,0,0,0,0,0,0,0,0,0,0,0,0,0,0,strafe_right
0,0,0,0,0,0,0,0,0,0,0,0,0,0,0,0,0,0,0,0,0,0,0,0,0,81,52,0,0,0,0,0,0,0,0,0,76,153,84,0,0,0,0,0,83,0,0,0,0,0,33,60,5,0,16,0,0,43,0,0,0,0,10,0,0,0,46,0,43,14,0,0,0,0,0,0,0,0,0,0,18,0,0,0,0,0,0,0,0,0,0,0,0,0,0,0,strafe_right
0,0,0,0,0,0,0,0,0,0,0,0,0,0,0,0,0,0,0,0,0,0,0,0,0,86,57,0,0,0,0,0,0,0,0,0,86,157,82,0,0,0,0,0,83,0,0,0,0,0,38,69,11,0,17,0,0,40,0,0,3,0,16,0,0,0,48,3,42,14,0,0,0,0,0,0,0,0,0,0,17,0,0,0,0,0,0,0,0,0,0,0,0,0,0,0,strafe_right
0,0,0,0,0,0,0,0,0,0,0,0,0,0,0,0,0,0,0,0,0,0,0,0,0,83,56,0,0,0,0,0,0,0,0,0,86,166,97,0,0,0,0,9,97,0,0,0,0,0,31,62,6,0,16,0,0,45,0,0,5,0,15,0,0,0,61,13,54,26,0,0,0,0,0,0,0,0,0,0,19,0,0,0,0,0,0,0,0,0,0,0,0,0,0,0,strafe_right
0,0,0,0,0,0,0,0,0,0,0,0,0,0,0,0,0,0,0,0,0,0,0,0,0,37,37,0,0,0,0,0,14,0,0,0,19,80,58,0,0,0,0,0,108,0,0,0,0,0,22,50,0,0,18,0,0,66,0,0,0,0,0,0,0,0,62,14,57,34,0,0,0,0,0,0,0,0,0,0,20,0,0,0,0,0,0,0,0,0,0,0,0,0,0,0,strafe_right
0,0,0,0,0,0,0,0,0,0,0,0,0,0,0,0,0,0,0,0,0,0,0,0,0,8,18,0,0,0,0,0,18,0,0,0,0,40,38,0,0,0,0,17,127,0,0,0,0,0,8,27,0,0,4,0,0,61,0,0,0,0,0,0,0,0,57,14,64,38,0,0,0,0,0,0,0,0,0,0,20,0,0,0,0,0,0,0,0,0,0,0,0,0,0,0,strafe_right
0,0,0,0,0,0,0,0,0,0,0,0,0,0,0,0,0,0,0,0,0,0,0,0,0,46,39,0,0,0,0,0,9,0,0,0,42,106,74,0,0,0,0,12,96,0,0,0,0,0,32,56,0,0,10,0,0,43,0,0,8,0,24,6,0,0,56,8,49,25,0,0,0,0,0,0,0,0,0,0,14,0,0,0,0,0,0,0,0,0,0,0,0,0,0,0,strafe_right
0,0,0,0,0,0,0,0,0,0,0,0,0,0,0,0,0,0,0,0,0,0,0,0,0,55,46,0,0,0,0,0,0,0,0,0,71,134,79,0,0,0,0,8,89,0,0,0,0,0,38,75,11,0,11,0,0,41,0,0,8,0,29,12,0,0,48,5,44,19,0,0,0,0,0,0,0,0,0,0,12,0,0,0,0,0,0,0,0,0,0,0,0,0,0,0,strafe_right
0,0,0,0,0,0,0,0,0,0,0,0,0,0,0,0,0,0,0,0,0,0,0,0,0,84,63,0,0,0,0,0,9,0,0,0,32,114,66,0,0,0,0,0,61,0,0,0,0,0,33,63,6,0,10,0,0,39,0,0,3,0,14,0,0,0,45,3,45,22,0,0,0,0,0,0,0,0,0,0,22,0,0,0,0,0,0,0,0,0,0,0,11,0,0,0,strafe_right
0,0,0,0,0,0,0,0,0,0,0,0,0,0,0,0,0,0,0,0,0,0,0,0,0,83,60,0,0,0,0,0,21,0,0,0,26,123,84,0,0,0,0,8,115,0,0,0,0,0,28,67,3,0,0,0,0,30,0,0,9,0,24,6,0,0,44,3,45,19,0,0,0,0,0,0,0,0,0,0,24,0,0,0,0,0,0,0,0,0,0,0,10,0,0,0,strafe_right
0,0,0,0,0,0,0,0,0,0,0,0,0,0,0,0,0,0,0,0,0,0,0,0,0,67,44,0,0,0,0,0,0,0,0,0,13,119,83,0,0,0,0,13,124,0,0,0,0,0,30,68,7,0,3,0,0,31,0,0,5,0,18,0,0,0,37,0,38,13,0,0,0,0,0,0,0,0,0,0,26,0,0,0,0,0,0,0,0,0,0,0,13,0,0,0,strafe_right
0,0,0,0,0,0,0,0,0,0,0,0,0,0,0,0,0,0,0,0,0,0,0,0,0,68,49,0,0,0,0,0,9,0,0,0,16,122,89,3,0,0,0,14,123,0,0,0,0,0,25,65,3,0,3,0,0,33,0,0,8,0,18,0,0,0,42,0,43,17,0,0,0,0,0,0,0,0,0,0,26,0,0,0,0,0,0,0,0,0,0,0,0,0,0,0,strafe_right
0,0,0,0,0,0,0,0,0,0,0,0,0,0,0,0,0,0,0,0,0,0,0,0,0,65,47,0,0,0,0,0,0,0,0,0,18,121,80,0,0,0,0,7,122,0,0,0,0,0,27,61,8,0,14,0,0,44,0,0,0,0,4,0,0,0,40,0,41,15,0,0,0,0,0,0,0,0,0,0,21,0,0,0,0,0,0,0,0,0,0,0,0,0,0,0,strafe_right
0,0,0,0,0,0,0,0,0,0,0,0,0,0,0,0,0,0,0,0,0,0,0,0,0,61,45,0,0,0,0,0,0,0,0,0,34,133,93,4,0,0,0,16,132,7,0,0,0,0,19,53,0,0,8,0,0,51,0,0,0,0,5,0,0,0,46,5,48,19,0,0,0,0,0,0,0,0,0,0,25,0,0,0,0,0,0,0,0,0,0,0,0,0,0,0,strafe_right
0,0,0,0,0,0,0,0,0,0,0,0,0,0,0,0,0,0,0,0,0,0,0,0,0,57,44,0,0,0,0,0,3,0,0,0,41,136,93,3,0,0,0,16,138,7,0,0,0,0,22,58,4,0,8,0,0,45,0,0,4,0,10,0,0,0,45,5,49,22,0,0,0,0,0,0,0,0,0,0,21,0,0,0,0,0,0,0,0,0,0,0,0,0,0,0,strafe_right
0,0,0,0,0,0,0,0,0,0,0,0,0,0,0,0,0,0,0,0,0,0,0,0,0,50,42,0,0,0,0,0,18,0,0,0,14,91,76,4,0,0,0,20,130,10,0,0,0,0,18,47,0,0,3,0,0,42,0,0,8,0,6,0,0,0,43,5,49,26,0,0,0,0,0,0,0,0,0,0,24,0,0,0,0,0,0,0,0,0,0,0,4,0,0,0,strafe_right
0,0,0,0,0,0,0,0,0,0,0,0,0,0,0,0,0,0,0,0,0,0,0,0,0,31,32,0,0,0,0,0,20,0,0,0,6,69,61,0,0,0,0,21,137,11,0,0,0,0,17,43,0,0,0,0,0,42,0,0,6,0,14,0,0,0,40,0,46,24,0,0,0,0,0,0,0,0,0,0,28,7,0,0,0,0,0,0,0,0,0,0,23,0,0,0,strafe_right
0,0,0,0,0,0,0,0,0,0,0,0,0,0,0,0,0,0,0,0,0,0,0,0,6,46,43,0,0,0,0,0,23,0,0,0,19,87,68,0,0,0,0,4,113,0,0,0,0,0,34,71,10,0,12,0,0,54,0,0,10,0,23,0,0,0,37,0,36,12,0,0,0,0,0,0,0,0,0,0,21,0,0,0,0,0,0,0,0,0,0,0,11,0,0,0,strafe_right
0,0,0,0,0,0,0,0,0,0,0,0,0,0,0,0,0,0,0,0,0,0,0,0,0,100,67,0,0,0,0,0,9,0,0,0,52,132,80,0,0,0,0,0,70,0,0,0,0,0,43,74,11,0,9,0,0,38,0,0,14,0,28,6,0,0,26,0,31,7,0,0,0,0,0,4,0,0,0,0,18,0,0,0,0,0,0,0,0,0,0,0,5,0,0,0,strafe_right
0,0,0,0,0,0,0,0,0,0,0,0,0,4,0,0,0,0,0,0,0,0,0,0,0,93,53,0,0,0,0,0,0,0,0,0,76,147,89,0,0,0,0,0,67,0,0,0,0,0,38,69,6,0,3,0,0,33,0,0,14,0,34,12,0,0,31,0,35,11,0,0,0,0,0,6,0,0,0,0,17,0,0,0,0,0,0,0,0,0,0,0,0,0,0,0,strafe_right
0,0,0,0,0,0,0,0,0,0,0,0,0,0,0,0,0,0,0,0,0,0,0,0,0,115,68,0,0,0,0,0,8,0,0,0,93,170,98,0,0,0,0,0,54,0,0,0,0,0,46,82,16,0,12,0,0,39,0,0,13,0,34,12,0,0,33,0,30,7,0,0,0,0,0,0,0,0,0,0,14,0,0,0,0,0,0,0,0,0,0,0,0,0,0,0,strafe_right
0,0,0,0,0,0,0,0,0,0,0,0,0,0,0,0,0,0,0,0,0,0,0,0,0,62,41,0,0,0,0,0,0,0,0,0,35,125,83,0,0,0,0,6,96,0,0,0,0,0,31,64,4,0,5,0,0,38,0,0,9,0,24,4,0,0,40,0,40,15,0,0,0,0,0,0,0,0,0,0,23,0,0,0,0,0,0,0,0,0,0,0,0,0,0,0,strafe_right
0,0,0,0,0,0,0,0,0,0,0,0,0,0,0,0,0,0,0,0,0,0,0,0,0,11,20,0,0,0,0,0,13,0,0,0,0,67,58,0,0,0,0,15,147,9,0,0,0,0,13,35,0,0,10,0,0,65,0,0,0,0,0,0,0,0,42,0,46,24,0,0,0,0,0,0,0,0,0,0,23,0,0,0,0,0,0,0,0,0,0,0,5,0,0,0,strafe_right
0,0,0,0,0,0,0,0,0,0,0,0,0,0,0,0,0,0,0,0,0,0,0,0,0,9,18,0,0,0,0,0,22,0,0,0,0,54,51,0,0,0,0,13,140,7,0,0,0,0,13,35,0,0,14,0,0,66,0,0,0,0,0,0,0,0,44,0,51,27,0,0,0,0,0,0,0,0,0,0,26,4,0,0,0,0,0,0,0,0,0,0,17,0,0,0,strafe_right
0,0,0,0,0,0,0,0,0,0,0,0,0,0,0,0,0,0,0,0,0,0,0,0,6,0,8,0,0,0,0,0,6,0,0,0,0,22,24,0,0,0,0,13,157,11,0,0,0,0,0,15,0,0,0,0,0,71,0,0,0,0,0,0,0,0,49,7,60,39,0,0,0,0,0,0,0,0,0,0,31,15,0,0,0,0,0,0,0,0,0,0,11,0,0,0,strafe_right
0,0,0,0,0,0,0,0,0,0,0,0,0,0,0,0,0,0,0,0,0,0,0,0,4,0,12,0,0,0,0,0,27,0,0,0,0,21,30,0,0,0,0,8,164,12,0,0,0,0,5,24,0,0,8,0,0,69,0,0,0,0,0,0,0,0,46,4,55,32,0,0,0,0,0,0,0,0,0,0,30,12,0,0,0,0,0,0,0,0,0,0,22,0,0,0,strafe_right
0,0,0,0,0,0,0,0,0,0,0,0,0,0,0,0,0,0,0,0,0,0,0,0,0,0,0,0,0,0,0,0,11,0,0,0,0,0,14,0,0,0,0,19,197,21,0,0,0,0,0,0,0,0,0,0,0,64,0,0,0,0,0,0,0,0,25,0,55,37,0,0,0,0,0,0,0,0,0,0,35,23,0,0,0,0,0,0,0,0,0,0,30,4,0,0,strafe_right
0,0,0,0,0,0,0,37,0,0,0,0,10,0,9,0,0,0,0,16,42,0,0,0,0,0,8,0,0,0,0,23,50,0,0,0,0,0,0,0,0,0,0,6,41,0,0,0,0,0,0,0,0,0,0,0,0,0,0,0,0,0,4,0,0,0,0,0,14,0,0,0,0,0,0,8,0,0,0,0,33,36,0,0,0,0,0,0,0,0,0,0,102,89,0,0,forward
0,0,0,0,0,0,0,36,0,0,0,0,4,11,17,0,0,0,0,4,33,0,0,0,0,13,21,0,0,0,0,25,53,0,0,0,0,0,0,0,0,0,0,5,37,0,0,0,0,0,0,0,0,0,0,0,0,0,0,0,6,0,12,0,0,0,0,0,17,0,0,0,0,0,0,13,0,0,0,0,33,36,0,0,0,0,0,0,0,0,0,0,96,81,0,0,forward
0,0,0,0,0,0,0,31,0,0,0,0,0,0,0,0,0,0,0,32,69,0,0,0,0,0,4,0,0,0,0,28,70,0,0,0,0,0,0,0,0,0,0,10,50,0,0,0,0,0,0,0,0,0,0,0,0,0,0,0,0,0,0,0,0,0,0,0,34,20,0,0,0,0,0,0,0,0,0,0,28,37,0,0,0,0,0,0,0,0,0,0,97,94,0,0,forward
0,0,0,0,0,0,0,33,0,0,0,0,0,0,0,0,0,0,0,11,53,0,0,0,0,0,0,0,0,0,0,26,80,0,0,0,0,0,0,0,0,0,0,8,58,0,0,0,0,0,0,0,0,0,0,0,0,0,0,0,0,0,0,0,0,0,0,0,28,19,0,0,0,0,0,0,0,0,0,0,30,44,0,0,0,0,0,0,0,0,0,0,89,92,0,0,forward
0,0,0,0,0,0,0,19,0,0,0,0,0,0,0,0,0,0,0,25,74,0,45,0,0,0,0,0,0,0,0,4,80,17,56,0,0,0,0,0,0,0,0,0,50,0,0,0,0,0,0,0,0,0,0,0,0,0,0,0,0,0,0,0,0,0,0,0,18,30,0,0,0,0,0,0,0,0,0,0,15,44,0,0,0,0,0,0,0,0,0,0,61,82,0,0,forward
0,0,0,0,0,0,0,29,0,0,0,0,0,0,0,0,0,0,0,5,58,0,42,0,0,0,0,0,0,0,0,0,74,17,77,0,0,0,0,0,0,0,0,0,54,0,0,0,0,0,0,0,0,0,0,0,0,0,0,0,0,0,0,0,0,0,0,0,7,27,0,0,0,0,0,0,0,0,0,0,13,52,0,0,0,0,0,0,0,0,0,0,65,93,0,0,forward
0,0,0,0,0,0,0,14,0,0,0,0,0,0,0,0,0,0,0,12,53,0,0,0,0,0,0,0,0,0,0,3,80,12,0,0,0,0,0,0,0,0,0,0,67,4,0,0,0,0,0,0,0,0,0,0,0,0,0,0,0,0,0,0,0,0,0,0,23,28,0,0,0,0,0,0,0,0,0,0,28,57,0,0,0,0,0,0,0,0,0,0,83,97,0,0,forward
0,0,0,0,0,0,0,19,0,0,0,0,0,0,0,0,0,0,0,18,61,0,0,0,0,0,0,0,0,0,0,15,85,12,0,0,0,0,0,0,0,0,0,9,71,0,0,0,0,0,0,0,0,0,0,0,0,0,0,0,0,0,0,0,0,0,0,0,30,33,0,0,0,0,0,0,0,0,0,0,33,60,0,0,0,0,0,0,0,0,0,0,86,98,0,0,forward
0,0,0,0,0,0,0,32,0,0,0,0,0,0,0,0,0,0,0,35,72,0,0,0,0,0,0,0,0,0,0,20,77,0,0,0,0,0,0,0,0,0,0,7,66,0,0,0,0,0,0,0,0,0,0,0,0,0,0,0,0,0,0,0,0,0,0,0,34,32,0,0,0,0,0,0,0,0,0,0,29,56,0,0,0,0,0,0,0,0,0,0,93,101,0,0,forward
0,0,0,0,0,0,0,32,0,0,0,0,0,0,0,0,0,0,0,35,69,0,0,0,0,0,0,0,0,0,0,12,76,0,0,0,0,0,0,0,0,0,0,12,68,0,0,0,0,0,0,0,0,0,0,0,0,0,0,0,0,0,0,0,0,0,0,0,34,33,0,0,0,0,0,0,0,0,0,0,29,57,0,0,0,0,0,0,0,0,0,0,95,101,0,0,forward
0,0,0,0,0,0,0,29,0,0,0,0,0,0,0,0,0,0,0,21,69,0,0,0,0,0,0,0,0,0,0,0,75,11,0,0,0,0,0,0,0,0,0,0,63,0,0,0,0,0,0,0,0,0,0,0,0,0,0,0,0,0,0,0,0,0,0,0,23,29,0,0,0,0,0,0,0,0,0,0,27,60,0,0,0,0,0,0,0,0,0,0,87,108,0,0,forward
0,0,0,0,0,0,0,18,0,0,0,0,0,0,0,0,0,0,0,6,59,0,0,0,0,0,0,0,0,0,0,0,70,18,3,0,0,0,0,0,0,0,0,0,66,4,0,0,0,0,0,0,0,0,0,0,0,0,0,0,0,0,0,0,0,0,0,0,9,24,0,0,0,0,0,0,0,0,0,0,21,67,0,0,0,0,0,0,0,0,0,0,72,110,0,0,forward
0,0,0,0,0,0,0,16,0,0,0,0,0,0,0,0,0,0,0,7,56,0,0,0,0,0,0,0,0,0,0,0,85,22,0,0,0,0,0,0,0,0,0,0,72,9,0,0,0,0,0,0,0,0,0,0,0,0,0,0,0,0,0,0,0,0,0,0,20,31,0,0,0,0,0,0,0,0,0,0,28,70,0,0,0,0,0,0,0,0,0,0,77,105,0,0,forward
0,0,0,0,0,0,0,19,0,0,0,0,0,0,0,0,0,0,0,24,64,0,0,0,0,0,0,0,0,0,0,18,88,9,0,0,0,0,0,0,0,0,0,11,70,0,0,0,0,0,0,0,0,0,0,0,0,0,0,0,0,0,0,0,0,0,0,0,25,32,0,0,0,0,0,0,0,0,0,0,32,68,0,0,0,0,0,0,0,0,0,0,88,107,0,0,forward
0,0,0,0,0,0,0,29,0,0,0,0,0,0,0,0,0,0,0,34,72,0,0,0,0,0,0,0,0,0,0,24,81,0,0,0,0,0,0,0,0,0,0,6,59,0,0,0,0,0,0,0,0,0,0,0,0,0,0,0,0,0,0,0,0,0,0,0,29,29,0,0,0,0,0,0,0,0,0,0,30,63,0,0,0,0,0,0,0,0,0,0,97,111,0,0,forward
0,0,0,0,0,0,0,0,0,0,0,0,0,0,0,0,0,0,0,0,21,0,0,0,0,20,31,0,0,0,0,4,43,0,0,0,0,18,23,0,0,0,0,9,57,0,0,0,0,0,0,13,0,0,0,0,0,0,0,0,8,0,19,0,0,0,0,0,22,11,0,0,0,0,0,20,0,0,0,0,24,28,0,0,0,0,0,0,0,0,0,0,97,70,0,0,forward
0,0,0,0,0,15,14,73,0,0,0,0,0,43,36,13,0,0,0,27,52,0,0,0,0,0,29,0,0,0,0,0,24,0,0,0,0,0,0,0,0,0,0,0,3,0,0,0,0,0,0,0,0,0,0,0,0,0,0,0,0,0,37,0,0,0,0,0,0,0,0,0,0,0,55,60,0,0,0,0,0,8,0,0,0,0,16,20,0,0,0,0,83,58,0,0,strafe_left
0,0,0,0,0,19,16,76,0,0,0,0,0,54,44,18,0,0,0,27,54,0,0,0,0,0,30,0,0,0,0,0,20,0,0,0,0,0,0,0,0,0,0,0,0,0,0,0,0,0,0,0,0,0,0,0,0,0,0,0,0,0,38,0,0,0,0,0,0,0,0,0,0,0,49,56,0,0,0,0,0,6,0,0,0,0,20,28,0,0,0,0,89,59,0,0,strafe_left
0,0,0,0,0,21,18,82,0,0,0,0,4,58,52,31,0,0,0,40,66,0,0,0,0,0,24,0,0,0,0,0,8,0,0,0,0,0,0,0,0,0,0,0,0,0,0,0,0,0,0,0,0,0,0,0,0,0,0,0,0,0,25,0,0,0,0,0,0,0,0,0,0,0,51,52,0,0,0,0,4,13,0,0,0,0,19,26,0,0,0,0,98,68,0,0,strafe_left
0,0,0,0,0,15,10,76,0,0,0,0,0,31,34,16,0,0,0,33,58,0,0,0,0,0,21,0,0,0,0,0,22,0,0,0,0,0,0,0,0,0,0,0,0,0,0,0,0,0,0,0,0,0,0,0,0,0,0,0,0,0,29,0,0,0,0,0,0,0,0,0,0,0,45,49,0,0,0,0,0,10,0,0,0,0,14,25,0,0,0,0,99,68,0,0,strafe_left
0,0,0,12,0,43,34,101,5,0,0,0,0,51,41,20,0,0,0,21,36,0,0,0,0,0,22,0,0,0,0,0,11,0,0,0,0,0,0,0,0,0,0,0,0,0,0,0,0,0,0,0,0,0,0,0,0,0,0,0,0,0,30,0,0,0,0,0,0,0,0,0,0,0,54,47,0,0,0,0,0,6,0,0,0,0,21,26,0,0,0,0,97,63,0,0,strafe_left
0,0,0,3,0,37,27,115,0,0,0,0,5,62,55,31,0,0,0,36,49,0,0,0,0,0,20,0,0,0,0,0,0,0,0,0,0,0,0,0,0,0,0,0,0,0,0,0,0,0,0,0,0,0,0,0,0,0,0,0,0,0,33,0,0,0,0,0,0,0,0,0,0,0,55,41,0,0,0,0,0,0,0,0,0,0,43,39,0,0,0,0,86,51,0,0,strafe_left
0,0,0,10,0,54,43,164,0,0,0,0,0,44,39,14,0,0,0,21,33,0,0,0,0,0,5,0,0,0,0,0,0,0,0,0,0,0,0,0,0,0,0,0,0,0,0,0,0,0,0,0,0,0,0,0,0,0,0,0,0,0,40,0,0,0,0,0,0,0,0,0,0,0,54,38,0,0,0,0,0,0,0,0,0,0,47,41,0,0,0,0,69,44,0,0,strafe_left
0,0,0,24,0,69,56,186,19,0,0,0,11,53,50,26,0,0,0,31,38,0,0,0,0,0,0,0,0,0,0,0,0,0,0,0,0,0,0,0,0,0,0,0,0,0,0,0,0,0,0,0,0,0,0,0,0,0,0,0,0,0,36,0,0,0,0,0,0,0,0,0,0,0,56,40,0,0,0,0,0,0,0,0,0,0,46,40,0,0,0,0,72,44,0,0,strafe_left
0,0,0,5,0,47,42,136,11,0,0,0,12,45,49,34,0,0,0,36,50,0,0,0,0,0,3,0,0,0,0,0,0,0,0,0,0,0,0,0,0,0,0,0,0,0,0,0,0,0,0,0,0,0,0,0,0,0,0,0,0,0,21,0,0,0,0,0,0,0,0,0,0,0,47,27,0,0,0,0,0,5,0,0,0,0,29,28,0,0,0,0,91,65,0,0,strafe_left
0,0,0,0,0,19,18,102,0,0,0,0,0,4,20,8,0,0,0,28,50,0,0,0,0,0,13,0,0,0,0,0,19,0,0,0,0,0,0,0,0,0,0,0,0,0,0,0,0,0,0,0,0,0,0,0,0,0,0,0,0,0,17,0,0,0,0,0,0,0,0,0,0,0,42,19,0,0,0,0,0,0,0,0,0,0,24,27,0,0,0,0,97,66,0,0,strafe_left
0,0,0,0,0,45,35,159,6,0,0,0,0,0,14,7,0,0,0,23,42,0,0,0,0,0,3,0,0,0,0,0,5,0,0,0,0,0,0,0,0,0,0,0,0,0,0,0,0,0,0,0,0,0,0,0,0,0,0,0,0,0,22,0,0,0,0,0,0,0,0,0,0,0,42,18,0,0,0,0,0,0,0,0,0,0,30,34,0,0,0,0,94,64,0,0,strafe_left
0,0,0,23,0,87,72,208,33,0,0,0,7,4,11,0,0,0,0,14,29,0,0,0,0,0,0,0,0,0,0,0,0,0,0,0,0,0,0,0,0,0,0,0,0,0,0,0,0,0,0,0,0,0,0,0,0,0,0,0,0,0,6,0,0,0,0,0,0,0,0,0,0,0,43,16,0,0,0,0,0,0,0,0,0,0,17,19,0,0,0,0,93,67,0,0,strafe_left
0,0,0,3,0,48,57,214,46,6,0,0,6,0,0,0,0,0,0,21,45,0,0,0,0,0,0,0,0,0,0,0,6,0,0,0,0,0,0,0,0,0,0,0,0,0,0,0,0,0,0,0,0,0,0,0,0,0,0,0,0,0,0,0,0,0,0,0,0,0,0,0,0,0,28,10,0,0,0,0,0,7,0,0,0,0,0,0,0,0,0,0,96,80,0,0,strafe_left
0,0,0,0,0,3,29,179,27,0,0,0,0,0,0,0,0,0,0,39,83,0,0,0,0,0,0,0,0,0,0,0,26,0,0,0,0,0,0,0,0,0,0,0,0,0,0,0,0,0,0,0,0,0,0,0,0,0,0,0,0,0,0,0,0,0,0,0,0,0,0,0,0,0,0,0,0,0,0,0,0,12,0,0,0,0,0,0,0,0,0,0,97,96,0,0,strafe_left
0,0,0,0,0,9,38,193,39,17,0,0,0,0,0,0,0,0,0,54,98,0,0,0,0,0,0,0,0,0,0,0,20,0,0,0,0,0,0,0,0,0,0,0,0,0,0,0,0,0,0,0,0,0,0,0,0,0,0,0,0,0,0,0,0,0,0,0,0,0,0,0,0,0,0,0,0,0,0,0,0,14,0,0,0,0,0,0,0,0,0,0,100,100,0,0,strafe_left
0,0,0,0,0,25,45,196,37,9,0,0,0,0,0,0,0,0,0,35,73,0,0,0,0,0,0,0,0,0,0,0,24,0,0,0,0,0,0,0,0,0,0,0,0,0,0,0,0,0,0,0,0,0,0,0,0,0,0,0,0,0,0,0,0,0,0,0,0,0,0,0,0,0,0,0,0,0,0,0,0,5,0,0,0,0,0,0,0,0,0,0,98,85,0,0,strafe_left
0,0,0,0,0,38,46,152,14,9,0,0,8,0,0,0,0,0,0,32,56,0,0,0,0,0,0,0,0,0,0,0,13,0,0,0,0,0,0,0,0,0,0,0,0,0,0,0,0,0,0,0,0,0,0,0,0,0,0,0,0,0,0,0,0,0,0,0,0,0,0,0,0,0,34,20,0,0,0,0,0,6,0,0,0,0,4,5,0,0,0,0,85,58,0,0,strafe_left
0,0,0,0,0,39,39,118,0,0,0,0,7,13,22,7,0,0,0,27,46,0,0,0,0,0,12,0,0,0,0,0,4,0,0,0,0,0,0,0,0,0,0,0,0,0,0,0,0,0,0,0,0,0,0,0,0,0,0,0,0,0,29,0,0,0,0,0,0,0,0,0,0,0,47,46,0,0,0,0,0,0,0,0,0,0,32,22,0,0,0,0,81,55,0,0,strafe_left
0,0,8,6,0,30,23,86,0,0,0,0,0,94,69,31,0,0,0,25,34,0,0,0,0,22,28,0,0,0,0,0,0,0,0,0,0,0,0,0,0,0,0,0,0,0,0,0,0,0,0,0,0,0,0,0,0,0,0,0,0,0,33,0,0,0,0,0,0,0,0,0,0,0,52,51,0,0,0,0,0,0,0,0,0,0,39,28,0,0,0,0,80,54,0,0,strafe_left
0,0,45,22,0,37,29,86,0,0,0,0,0,103,65,22,0,0,0,4,10,0,0,0,0,21,33,0,0,0,0,0,0,0,0,0,0,0,0,0,0,0,0,0,0,0,0,0,0,0,0,0,0,0,0,0,0,0,0,0,0,0,41,0,0,0,0,0,0,0,0,0,0,0,53,53,0,0,0,0,0,0,0,0,0,0,36,21,0,0,0,0,76,51,0,0,strafe_left
0,0,32,12,0,24,19,81,0,0,0,0,0,115,74,33,0,0,0,19,24,0,0,0,0,34,40,0,0,0,0,0,0,0,0,0,0,0,0,0,0,0,0,0,0,0,0,0,0,0,0,0,0,0,0,0,0,0,0,0,0,0,30,0,0,0,0,0,0,0,0,0,0,0,49,48,0,0,0,0,0,0,0,0,0,0,36,29,0,0,0,0,82,57,0,0,strafe_left
0,0,22,6,0,15,11,72,0,0,0,0,0,129,78,30,0,0,0,14,15,0,0,0,0,39,44,0,0,0,0,0,0,0,0,0,0,0,0,0,0,0,0,0,0,0,0,0,0,0,0,0,0,0,0,0,0,0,0,0,0,0,42,0,0,0,0,0,0,0,0,0,0,0,60,62,0,0,0,0,0,0,0,0,0,0,43,30,0,0,0,0,61,37,0,0,strafe_left
0,0,48,31,0,43,29,105,0,0,0,0,3,139,86,34,0,0,0,14,15,0,0,0,0,22,30,0,0,0,0,0,0,0,0,0,0,0,0,0,0,0,0,0,0,0,0,0,0,0,0,0,0,0,0,0,0,0,0,0,0,0,38,0,0,0,0,0,0,0,0,0,0,0,62,66,0,0,0,0,0,0,0,0,0,0,51,33,0,0,0,0,47,23,0,0,strafe_left
0,0,14,0,0,34,28,97,0,0,0,0,8,79,60,30,0,0,0,26,37,0,0,0,0,12,33,0,0,0,0,0,0,0,0,0,0,0,0,0,0,0,0,0,0,0,0,0,0,0,0,0,0,0,0,0,0,0,0,0,0,0,44,0,0,0,0,0,0,0,0,0,0,0,65,72,0,0,0,0,0,0,0,0,0,0,47,27,0,0,0,0,43,24,0,0,strafe_left
0,0,0,0,0,0,0,0,0,0,0,0,0,0,0,0,0,0,0,0,0,0,0,0,0,11,14,0,0,0,0,0,3,0,0,0,0,58,52,0,0,0,0,0,111,0,0,0,0,0,7,49,0,0,0,0,0,36,0,0,7,0,37,18,0,0,68,12,50,19,0,0,0,0,0,33,0,0,0,0,16,0,0,0,0,0,0,0,0,0,0,0,9,0,0,0,strafe_right
0,0,0,0,0,0,0,0,0,0,0,0,0,0,0,0,0,0,0,0,0,0,0,0,0,17,18,0,0,0,0,0,7,0,0,0,5,57,53,0,0,0,0,0,113,0,0,0,0,0,8,53,0,0,0,0,0,62,0,0,9,0,25,5,0,0,61,7,48,17,0,0,0,0,0,10,0,0,0,0,12,0,0,0,0,0,0,0,0,0,0,0,0,0,0,0,strafe_right
0,0,0,0,0,0,0,0,0,0,0,0,0,0,0,0,0,0,0,0,0,0,0,0,0,0,0,0,0,0,0,0,0,0,0,0,4,54,50,0,0,0,0,0,122,0,0,0,0,0,0,48,0,0,0,0,0,67,0,0,12,0,28,8,0,0,67,14,57,22,0,0,0,0,0,11,0,0,0,0,14,0,0,0,0,0,0,0,0,0,0,0,0,0,0,0,strafe_right
0,0,0,0,0,0,0,0,0,0,0,0,0,0,0,0,0,0,0,0,0,0,0,0,0,0,0,0,0,0,0,0,0,0,0,0,0,44,51,0,0,0,0,0,129,0,0,0,0,0,0,48,0,0,0,0,0,65,0,0,8,0,27,8,0,0,75,17,59,24,0,0,0,0,0,8,0,0,0,0,15,0,0,0,0,0,0,0,0,0,0,0,0,0,0,0,strafe_right
0,0,0,0,0,0,0,0,0,0,0,0,0,0,0,0,0,0,0,0,0,0,0,0,0,0,0,0,0,0,0,0,0,0,0,0,0,0,9,0,0,0,0,0,172,9,0,0,0,0,0,17,0,0,0,0,0,80,0,0,0,0,8,0,0,0,77,20,71,34,0,0,0,0,0,0,0,0,0,0,15,0,0,0,0,0,0,0,0,0,0,0,0,0,0,0,strafe_right
0,0,0,0,0,0,0,0,0,0,0,0,0,0,0,0,0,0,0,0,0,0,0,0,0,0,0,0,0,0,0,0,0,0,0,0,0,5,22,0,0,0,0,0,152,0,0,0,0,0,0,21,0,0,0,0,0,82,0,0,0,0,9,0,0,0,74,18,69,34,0,0,0,0,0,0,0,0,0,0,20,0,0,0,0,0,0,0,0,0,0,0,0,0,0,0,strafe_right
0,0,0,0,0,0,0,0,0,0,0,0,0,0,0,0,0,0,0,0,0,0,0,0,0,7,3,0,0,0,0,0,0,0,0,0,22,52,50,0,0,0,0,0,107,0,0,0,0,0,18,54,0,0,0,0,0,58,0,0,13,0,42,18,0,0,72,17,60,23,0,0,0,0,0,22,0,0,0,0,6,0,0,0,0,0,0,0,0,0,0,0,0,0,0,0,strafe_right
0,0,0,0,0,0,0,0,0,0,0,0,0,0,0,0,0,0,0,0,0,0,0,0,0,0,0,0,0,0,0,0,0,0,0,0,0,21,37,0,0,0,0,0,146,8,0,0,0,0,0,32,0,0,0,0,0,80,0,0,11,0,23,4,0,0,78,21,70,34,0,0,0,0,0,0,0,0,0,0,10,0,0,0,0,0,0,0,0,0,0,0,0,0,0,0,strafe_right
0,0,0,0,0,0,0,0,0,0,0,0,0,0,0,0,0,0,0,0,0,0,0,0,0,0,0,0,0,0,0,0,0,0,0,0,0,3,24,0,0,0,0,0,149,6,0,0,0,0,0,18,0,0,0,0,0,88,0,0,5,0,14,0,0,0,75,22,76,40,0,0,0,0,0,0,0,0,0,0,11,0,0,0,0,0,0,0,0,0,0,0,0,0,0,0,strafe_right
0,0,0,0,0,0,0,0,0,0,0,0,0,0,0,0,0,0,0,0,0,0,0,0,0,0,0,0,0,0,0,0,0,0,0,0,0,23,34,0,0,0,0,0,142,7,0,0,0,0,0,32,0,0,0,0,0,85,0,0,7,0,24,4,0,0,79,22,73,36,0,0,0,0,0,10,0,0,0,0,12,0,0,0,0,0,0,0,0,0,0,0,0,0,0,0,strafe_right
0,0,0,0,0,0,0,0,0,0,0,0,0,0,0,0,0,0,0,0,0,0,0,0,0,16,10,0,0,0,0,0,0,0,0,0,34,58,58,0,0,0,0,0,108,0,0,0,0,0,15,61,0,0,0,0,0,77,0,0,5,0,31,6,0,0,71,14,60,22,0,0,0,0,0,21,0,0,0,0,13,0,0,0,0,0,0,0,0,0,0,0,0,0,0,0,strafe_right
0,0,0,0,0,0,0,0,0,0,0,0,0,0,0,0,0,0,0,0,0,0,0,0,0,26,21,0,0,0,0,0,0,0,0,0,36,59,53,0,0,0,0,0,86,0,0,0,0,0,16,56,0,0,0,0,0,67,0,0,8,0,40,16,0,0,75,17,62,25,0,0,0,0,0,25,0,0,0,0,11,0,0,0,0,0,0,0,0,0,0,0,0,0,0,0,strafe_right
0,0,0,0,0,0,0,0,0,0,0,0,0,0,0,0,0,0,0,0,0,0,0,0,0,15,5,0,0,0,0,0,0,0,0,0,37,62,59,0,0,0,0,0,109,0,0,0,0,0,18,63,0,0,0,0,0,76,0,0,4,0,31,7,0,0,73,13,57,21,0,0,0,0,0,21,0,0,0,0,10,0,0,0,0,0,0,0,0,0,0,0,0,0,0,0,strafe_right
0,0,0,0,0,0,0,7,0,0,0,0,0,0,0,0,0,0,0,0,47,6,0,0,6,0,5,0,0,0,0,0,39,0,0,0,0,0,20,0,0,0,0,8,69,12,0,0,0,0,0,9,0,0,0,0,0,0,0,0,15,0,18,0,0,0,0,0,14,0,0,0,0,0,0,15,0,0,0,0,58,42,0,0,0,0,0,0,0,0,0,0,3,41,0,0,none
0,0,0,0,0,0,0,9,0,0,0,0,0,0,0,0,0,0,0,0,45,4,0,0,6,0,11,0,0,0,0,0,38,0,0,0,0,0,19,0,0,0,0,7,68,11,0,0,0,0,12,14,0,0,0,0,0,0,0,0,16,0,23,0,0,0,0,0,13,0,0,0,0,0,0,25,0,0,0,0,57,42,0,0,0,0,0,0,0,0,0,0,0,37,0,0,none
0,0,0,0,0,0,0,0,0,0,0,0,0,0,0,0,0,0,0,0,40,0,0,0,13,9,20,0,0,0,0,0,49,0,0,0,0,12,29,0,0,0,0,10,67,10,0,0,0,0,5,8,0,0,0,0,0,0,0,0,13,0,20,0,0,0,0,0,14,0,0,0,0,0,5,28,0,0,0,0,65,49,0,0,0,0,0,0,0,0,0,0,0,31,0,0,none
0,0,0,0,0,0,0,9,0,0,0,0,0,0,0,0,0,0,0,0,44,5,0,0,15,5,11,0,0,0,0,0,36,0,0,0,0,7,21,0,0,0,0,4,63,5,0,0,0,0,7,13,0,0,0,0,0,0,0,0,13,0,22,0,0,0,0,0,14,0,0,0,0,0,0,26,0,0,0,0,60,44,0,0,0,0,0,0,0,0,0,0,3,41,0,0,none
0,0,0,0,0,0,0,7,0,0,0,0,0,0,0,0,0,0,0,0,45,4,0,0,13,4,12,0,0,0,0,0,36,0,0,0,0,7,23,0,0,0,0,5,61,5,0,0,0,0,11,16,0,0,0,0,0,0,0,0,15,0,22,0,0,0,0,0,12,0,0,0,0,0,3,27,0,0,0,0,61,46,0,0,0,0,0,0,0,0,0,0,4,42,0,0,none
0,0,0,0,0,0,0,12,0,0,0,0,0,0,0,0,0,0,0,0,47,5,0,0,12,4,13,0,0,0,0,0,37,0,0,0,0,7,21,0,0,0,0,5,57,4,0,0,0,0,14,17,0,0,0,0,0,0,0,0,11,0,23,0,0,0,0,0,9,0,0,0,0,0,7,27,0,0,0,0,62,46,0,0,0,0,0,0,0,0,0,0,5,40,0,0,none
0,0,0,0,0,0,0,0,0,0,0,0,0,0,0,0,0,0,0,0,40,0,0,0,11,13,24,0,0,0,0,0,50,0,0,0,0,19,30,0,0,0,0,10,58,4,0,0,0,0,11,12,0,0,0,0,0,0,0,0,11,0,24,0,0,0,0,0,12,0,0,0,0,0,18,37,0,0,0,0,63,45,0,0,0,0,0,0,0,0,0,0,0,38,0,0,none
0,0,0,0,0,0,0,19,0,0,0,0,5,3,3,0,0,0,0,0,38,0,0,0,6,6,16,0,0,0,0,0,40,0,0,0,0,11,21,0,0,0,0,3,49,0,0,0,0,0,21,18,0,0,0,0,0,0,0,0,5,0,24,0,0,0,0,0,3,0,0,0,0,0,36,37,0,0,0,0,49,38,0,0,0,0,0,0,0,0,0,0,7,43,0,0,none
0,0,0,0,0,0,0,6,0,0,0,0,0,0,0,0,0,0,0,0,40,0,0,0,12,16,28,3,0,0,0,0,56,0,0,0,0,17,25,0,0,0,0,3,47,0,0,0,0,0,15,12,0,0,0,0,0,0,0,0,7,0,29,4,0,0,0,0,9,0,0,0,0,0,40,40,0,0,0,0,48,38,0,0,0,0,0,0,0,0,0,0,0,37,0,0,none
0,0,0,0,0,0,0,6,0,0,0,0,0,0,0,0,0,0,0,0,45,0,0,0,9,15,27,6,0,0,0,3,57,0,0,0,0,12,21,0,0,0,0,3,43,0,0,0,0,0,12,8,0,0,0,0,0,0,0,0,5,0,28,0,0,0,0,0,8,0,0,0,0,0,40,42,0,0,0,0,46,39,0,0,0,0,0,0,0,0,0,0,3,39,0,0,none
0,0,0,0,0,0,0,23,3,0,0,0,13,9,12,0,0,0,0,0,46,0,0,0,3,5,17,0,0,0,0,0,43,0,0,0,0,0,7,0,0,0,0,0,39,0,0,0,0,0,8,5,0,0,0,0,0,0,0,0,0,0,19,0,0,0,0,0,0,0,0,0,0,0,32,32,0,0,0,0,39,36,0,0,0,0,0,0,0,0,0,0,10,41,0,0,none
0,0,0,0,0,0,0,29,11,0,0,0,15,5,13,0,0,0,0,4,53,3,0,0,0,0,15,0,0,0,0,0,42,0,0,0,0,0,0,0,0,0,0,0,36,0,0,0,0,0,0,0,0,0,0,0,0,0,0,0,0,0,16,0,0,0,0,0,0,0,0,0,0,0,30,30,0,0,0,0,37,36,0,0,0,0,0,0,0,0,0,0,11,45,0,0,none
0,0,0,0,0,0,0,25,6,0,0,0,12,5,15,0,0,0,0,10,62,14,0,0,9,8,23,4,0,0,0,0,41,0,0,0,0,0,0,0,0,0,0,0,36,0,0,0,0,0,0,0,0,0,0,0,0,0,0,0,0,0,18,0,0,0,0,0,0,0,0,0,0,0,25,24,0,0,0,0,37,35,0,0,0,0,0,0,0,0,0,0,10,46,0,0,none
0,0,0,0,0,0,0,16,0,0,0,0,0,0,3,0,0,0,0,0,52,3,0,0,3,4,21,7,0,0,0,0,55,0,0,0,0,0,0,0,0,0,0,7,43,0,0,0,0,0,0,0,0,0,0,0,0,0,0,0,0,0,13,0,0,0,0,0,0,0,0,0,0,0,20,23,0,0,0,0,42,42,0,0,0,0,0,0,0,0,0,0,7,43,0,0,none
0,0,0,0,0,0,0,32,10,0,0,0,15,0,0,0,0,0,0,12,62,12,0,0,9,0,15,3,0,0,0,3,57,0,0,0,0,0,0,0,0,0,0,0,25,0,0,0,0,0,0,0,0,0,0,0,0,0,0,0,0,0,0,0,0,0,0,0,5,0,0,0,0,0,0,6,0,0,0,0,38,39,0,0,0,0,0,0,0,0,0,0,8,49,0,0,none
0,0,0,0,0,0,0,25,9,0,0,0,0,0,0,0,0,0,0,23,88,27,0,0,4,0,0,0,0,0,0,0,54,0,0,0,0,0,0,0,0,0,0,0,38,0,0,0,0,0,0,0,0,0,0,0,0,0,0,0,0,0,0,0,0,0,0,0,8,0,0,0,0,0,0,8,0,0,0,0,52,54,0,0,0,0,0,0,0,0,0,0,11,50,0,0,none
0,0,0,0,0,0,0,25,10,0,0,0,0,0,0,0,0,0,0,24,89,28,0,0,3,0,0,0,0,0,0,0,55,0,0,0,0,0,0,0,0,0,0,0,38,0,0,0,0,0,0,0,0,0,0,0,0,0,0,0,0,0,0,0,0,0,0,0,9,0,0,0,0,0,0,8,0,0,0,0,54,57,0,0,0,0,0,0,0,0,0,0,11,52,0,0,none
0,0,0,0,0,0,0,30,10,0,0,0,18,0,8,0,0,0,0,16,66,15,0,0,0,0,6,0,0,0,0,0,40,0,0,0,0,0,0,0,0,0,0,0,35,0,0,0,0,0,0,0,0,0,0,0,0,0,0,0,0,0,5,0,0,0,0,0,0,0,0,0,0,0,0,16,0,0,0,0,44,42,0,0,0,0,0,0,0,0,0,0,11,48,0,0,none
0,0,0,0,0,0,0,29,10,0,0,0,20,10,17,0,0,0,0,11,59,11,0,0,0,0,5,0,0,0,0,0,38,0,0,0,0,0,0,0,0,0,0,0,32,0,0,0,0,0,0,0,0,0,0,0,0,0,0,0,0,0,11,0,0,0,0,0,0,0,0,0,0,0,21,21,0,0,0,0,40,40,0,0,0,0,0,0,0,0,0,0,9,44,0,0,none
0,0,0,0,0,0,0,34,16,0,0,0,20,8,15,0,0,0,0,6,54,5,0,0,0,0,7,0,0,0,0,0,43,0,0,0,0,0,0,0,0,0,0,0,34,0,0,0,0,0,0,0,0,0,0,0,0,0,0,0,0,0,11,0,0,0,0,0,0,0,0,0,0,0,20,23,0,0,0,0,42,42,0,0,0,0,0,0,0,0,0,0,11,46,0,0,none
0,0,0,0,0,0,0,35,17,0,0,0,20,7,12,0,0,0,0,6,55,5,0,0,0,0,6,0,0,0,0,0,45,0,0,0,0,0,0,0,0,0,0,0,34,0,0,0,0,0,0,0,0,0,0,0,0,0,0,0,0,0,12,0,0,0,0,0,0,0,0,0,0,0,25,26,0,0,0,0,40,38,0,0,0,0,0,0,0,0,0,0,10,46,0,0,none
0,0,0,0,0,0,0,16,0,0,0,0,9,0,7,0,0,0,0,5,56,6,0,0,0,3,18,9,0,0,0,9,59,0,0,0,0,0,0,0,0,0,0,3,35,0,0,0,0,0,0,0,0,0,0,0,0,0,0,0,0,0,22,0,0,0,0,0,9,0,0,0,0,0,33,31,0,0,0,0,41,37,0,0,0,0,0,0,0,0,0,0,6,39,0,0,none
0,0,0,0,0,0,0,4,0,0,0,0,0,0,0,0,0,0,0,3,57,12,0,0,6,0,6,0,0,0,0,6,65,0,0,0,0,0,0,0,0,0,0,6,49,0,0,0,0,0,0,0,0,0,0,0,0,0,0,0,0,0,14,0,0,0,0,0,11,0,0,0,0,0,0,24,0,0,0,0,53,43,0,0,0,0,0,0,0,0,0,0,9,44,0,0,forward
0,0,0,0,0,0,0,5,0,0,0,0,0,0,0,0,0,0,0,0,52,7,0,0,0,0,0,0,0,0,0,0,51,0,0,0,0,0,3,0,0,0,0,9,81,28,0,0,0,0,0,0,0,0,0,0,0,0,0,0,0,0,0,0,0,0,0,0,20,6,0,0,0,0,0,16,0,0,0,0,75,71,0,0,0,0,0,0,0,0,0,0,8,54,0,0,forward
0,0,0,0,0,0,0,0,0,0,0,0,0,0,0,0,0,0,0,0,48,3,0,0,0,0,0,0,0,0,0,0,61,0,0,0,0,0,8,0,0,0,0,18,88,35,0,0,0,0,0,0,0,0,0,0,0,0,0,0,4,0,0,0,0,0,0,0,21,7,0,0,0,0,0,12,0,0,0,0,69,62,0,0,0,0,0,0,0,0,0,0,10,56,0,0,forward
0,0,0,0,0,0,0,5,0,0,0,0,0,0,0,0,0,0,0,0,61,16,0,0,11,0,4,0,0,0,0,0,58,0,0,0,0,0,0,0,0,0,0,3,69,21,0,0,0,0,0,0,0,0,0,0,0,0,0,0,0,0,0,0,0,0,0,0,16,3,0,0,0,0,0,19,0,0,0,0,74,69,0,0,0,0,0,0,0,0,0,0,12,57,0,0,forward
0,0,0,0,0,0,0,0,0,0,0,0,0,0,0,0,0,0,0,0,60,12,0,0,6,0,5,0,0,0,0,0,68,0,0,0,0,0,0,0,0,0,0,6,65,17,0,0,0,0,0,0,0,0,0,0,0,0,0,0,0,0,0,0,0,0,0,0,14,0,0,0,0,0,0,18,0,0,0,0,73,69,0,0,0,0,0,0,0,0,0,0,14,59,0,0,forward
0,0,0,0,0,0,0,12,0,0,0,0,0,0,0,0,0,0,0,0,57,10,0,0,0,0,0,0,0,0,0,0,52,0,0,0,0,0,0,0,0,0,0,9,76,28,0,0,0,0,0,0,0,0,0,0,0,0,0,0,0,0,0,0,0,0,0,0,18,3,0,0,0,0,0,22,0,0,0,0,76,72,0,0,0,0,0,0,0,0,0,0,7,54,0,0,forward
0,0,0,0,0,0,0,0,0,0,0,0,0,0,0,0,0,0,0,0,57,10,0,0,4,0,3,0,0,0,0,0,61,0,0,0,0,0,8,0,0,0,0,16,82,35,0,0,0,0,0,0,0,0,0,0,0,0,0,0,0,0,0,0,0,0,0,0,13,0,0,0,0,0,0,17,0,0,0,0,72,68,0,0,0,0,0,0,0,0,0,0,10,57,0,0,forward
0,0,0,0,0,0,0,9,0,0,0,0,0,0,0,0,0,0,0,0,52,3,0,0,0,0,0,0,0,0,0,0,60,0,0,0,0,0,0,0,0,0,0,14,84,35,0,0,0,0,0,0,0,0,0,0,0,0,0,0,3,0,0,0,0,0,0,0,22,8,0,0,0,0,0,19,0,0,0,0,70,65,0,0,0,0,0,0,0,0,0,0,9,56,0,0,forward
0,0,0,0,0,0,0,7,0,0,0,0,0,0,0,0,0,0,0,0,60,12,0,0,4,0,0,0,0,0,0,0,45,0,0,0,0,0,0,0,0,0,0,6,67,16,0,0,0,0,0,0,0,0,0,0,0,0,0,0,6,0,11,0,0,0,0,0,15,0,0,0,0,0,0,33,0,0,0,0,74,66,0,0,0,0,0,0,0,0,0,0,8,49,0,0,forward
0,0,0,0,0,0,0,7,0,0,0,0,0,0,0,0,0,0,0,0,50,5,0,0,4,0,4,0,0,0,0,0,61,0,0,0,0,0,7,0,0,0,0,17,73,21,0,0,0,0,0,0,0,0,0,0,0,0,0,0,9,0,9,0,0,0,0,0,16,0,0,0,0,0,0,25,0,0,0,0,69,63,0,0,0,0,0,0,0,0,0,0,11,56,0,0,forward
0,0,0,0,0,0,0,4,0,0,0,0,0,0,0,0,0,0,0,7,71,19,0,0,9,0,4,0,0,0,0,0,61,0,0,0,0,0,0,0,0,0,0,0,60,7,0,0,0,0,0,0,0,0,0,0,0,0,0,0,0,0,0,0,0,0,0,0,15,0,0,0,0,0,0,19,0,0,0,0,74,70,0,0,0,0,0,0,0,0,0,0,11,57,0,0,forward
0,0,0,0,0,0,0,6,0,0,0,0,0,0,0,0,0,0,0,0,70,21,0,0,0,0,0,0,0,0,0,0,71,0,0,0,0,0,0,0,0,0,0,0,84,35,0,0,0,0,0,0,0,0,0,0,0,0,0,0,0,0,0,0,0,0,0,0,22,14,0,0,0,0,0,0,0,0,0,0,50,59,0,0,0,0,0,0,0,0,0,0,0,54,0,20,forward
0,0,0,0,0,0,0,4,0,0,0,0,0,0,0,0,0,0,0,0,58,24,0,0,0,0,0,0,0,0,0,0,74,0,0,0,0,0,0,0,0,0,0,0,86,32,0,0,0,0,0,0,0,0,0,0,0,0,0,0,0,0,0,0,0,0,0,0,12,20,0,0,0,0,0,0,0,0,0,0,41,64,0,0,0,0,0,0,0,0,0,0,0,60,0,46,forward
0,0,0,0,0,0,0,0,0,0,0,0,0,0,0,0,0,0,0,0,65,34,0,0,0,0,0,0,0,0,0,0,76,10,0,0,0,0,0,0,0,0,0,0,70,25,0,0,0,0,0,0,0,0,0,0,0,0,0,0,0,0,0,0,0,0,0,0,0,14,0,0,0,0,0,0,0,0,0,0,11,61,0,0,0,0,0,0,0,0,0,0,0,67,0,52,forward
0,0,0,0,0,0,0,0,0,0,0,0,0,0,0,0,0,0,0,0,72,29,0,0,0,0,0,0,0,0,0,0,69,8,0,0,0,0,0,0,0,0,0,0,72,38,0,0,0,0,0,0,0,0,0,0,0,0,0,0,0,0,0,0,0,0,0,0,0,25,0,0,0,0,0,0,0,0,0,0,5,68,0,0,0,0,0,0,0,0,0,0,0,68,0,38,forward
0,0,0,0,0,0,0,0,0,0,0,0,0,0,0,0,0,0,0,0,80,25,0,0,0,0,0,0,0,0,0,0,80,10,0,0,0,0,0,0,0,0,0,0,79,33,0,0,0,0,0,0,0,0,0,0,0,0,0,0,0,0,0,0,0,0,0,0,0,25,0,0,0,0,0,0,0,0,0,0,25,79,0,0,0,0,0,0,0,0,0,0,0,74,0,12,forward
0,0,0,0,0,0,12,44,63,0,0,0,7,0,9,0,0,0,0,5,99,5,0,0,0,0,4,0,0,0,0,0,11,0,0,0,0,0,0,0,0,0,0,0,0,0,0,0,0,0,0,0,0,0,0,0,0,0,0,0,0,0,5,0,0,0,0,0,0,0,0,0,0,0,37,29,0,0,0,0,11,26,0,0,0,0,0,0,0,0,0,0,4,55,0,0,strafe_left
0,0,0,0,0,0,22,52,72,0,0,0,17,0,17,0,0,0,0,14,106,13,0,0,0,0,9,0,0,0,0,0,9,0,0,0,0,0,0,0,0,0,0,0,0,0,0,0,0,0,0,0,0,0,0,0,0,0,0,0,0,0,7,0,0,0,0,0,0,0,0,0,0,0,34,27,0,0,0,0,6,21,0,0,0,0,0,0,0,0,0,0,4,56,0,0,strafe_left
5,0,0,0,0,0,30,57,74,0,0,0,9,0,9,0,0,0,0,0,91,0,0,0,0,0,4,0,0,0,0,0,9,0,0,0,0,0,0,0,0,0,0,0,0,0,0,0,0,0,0,0,0,0,0,0,0,0,0,0,0,0,0,0,0,0,0,0,0,0,0,0,0,0,35,30,0,0,0,0,11,28,0,0,0,0,0,0,0,0,0,0,7,60,0,0,strafe_left
0,0,0,0,0,0,18,51,72,0,0,0,12,0,17,0,0,0,0,9,103,8,0,0,0,0,10,0,0,0,0,0,19,0,0,0,0,0,0,0,0,0,0,0,0,0,0,0,0,0,0,0,0,0,0,0,0,0,0,0,0,0,5,0,0,0,0,0,0,0,0,0,0,0,36,31,0,0,0,0,8,22,0,0,0,0,0,0,0,0,0,0,3,55,0,0,strafe_left
0,0,0,0,0,0,32,64,81,0,0,0,19,4,21,0,0,0,0,0,88,0,0,0,0,0,0,0,0,0,0,0,7,0,0,0,0,0,0,0,0,0,0,0,0,0,0,0,0,0,0,0,0,0,0,0,0,0,0,0,0,0,9,0,0,0,0,0,0,0,0,0,0,0,43,38,0,0,0,0,12,27,0,0,0,0,0,0,0,0,0,0,5,53,0,0,strafe_left
0,0,0,0,0,0,19,49,65,0,0,0,15,5,24,0,0,0,0,10,100,8,0,0,0,0,17,0,0,0,0,0,10,0,0,0,0,0,0,0,0,0,0,0,0,0,0,0,0,0,0,0,0,0,0,0,0,0,0,0,0,0,21,0,0,0,0,0,0,0,0,0,0,0,45,44,0,0,0,0,8,23,0,0,0,0,0,0,0,0,0,0,0,50,0,0,strafe_left
0,0,0,0,0,0,18,48,62,0,0,0,15,12,31,0,0,0,0,14,102,9,0,0,0,0,13,0,0,0,0,0,0,0,0,0,0,0,0,0,0,0,0,0,0,0,0,0,0,0,0,0,0,0,0,0,0,0,0,0,0,0,20,0,0,0,0,0,0,0,0,0,0,0,44,44,0,0,0,0,7,23,0,0,0,0,0,0,0,0,0,0,0,51,0,0,strafe_left
0,0,0,0,0,0,0,29,16,0,0,0,12,8,24,0,0,0,0,8,94,0,0,0,0,0,18,0,0,0,0,0,14,0,0,0,0,0,0,0,0,0,0,0,0,0,0,0,0,0,0,0,0,0,0,0,0,0,0,0,0,0,13,0,0,0,0,0,0,0,0,0,0,0,47,46,0,0,0,0,11,27,0,0,0,0,0,0,0,0,0,0,0,51,0,0,strafe_left
0,0,0,0,0,0,11,39,42,0,0,0,16,15,30,0,0,0,0,3,81,0,0,0,0,6,23,3,0,0,0,0,11,0,0,0,0,0,0,0,0,0,0,0,0,0,0,0,0,0,0,0,0,0,0,0,0,0,0,0,0,0,29,0,0,0,0,0,0,0,0,0,0,0,55,51,0,0,0,0,9,19,0,0,0,0,0,0,0,0,0,0,0,47,0,0,strafe_left
17,24,11,0,0,0,10,37,46,0,0,0,8,17,29,0,0,0,0,0,63,0,0,0,0,14,25,3,0,0,0,0,3,0,0,0,0,0,0,0,0,0,0,0,0,0,0,0,0,0,0,0,0,0,0,0,0,0,0,0,0,0,28,0,0,0,0,0,0,0,0,0,0,0,56,56,0,0,0,0,14,25,0,0,0,0,7,5,0,0,0,0,0,47,0,0,strafe_left
23,26,7,0,0,0,0,28,11,0,0,0,12,15,30,0,0,0,0,0,61,0,0,0,0,14,28,0,0,0,0,0,0,0,0,0,0,0,0,0,0,0,0,0,0,0,0,0,0,0,0,0,0,0,0,0,0,0,0,0,0,0,23,0,0,0,0,0,0,0,0,0,0,0,56,57,0,0,0,0,13,25,0,0,0,0,5,3,0,0,0,0,0,50,0,0,strafe_left
20,22,0,0,0,0,0,30,12,0,0,0,8,17,34,0,0,0,0,0,67,0,0,0,0,13,27,0,0,0,0,0,0,0,0,0,0,0,0,0,0,0,0,0,0,0,0,0,0,0,0,0,0,0,0,0,0,0,0,0,0,0,20,0,0,0,0,0,0,0,0,0,0,0,55,58,0,0,0,0,15,25,0,0,0,0,0,0,0,0,0,0,0,47,0,0,strafe_left
21,19,0,0,0,0,4,32,10,0,0,0,10,18,34,0,0,0,0,0,65,0,0,0,0,7,22,0,0,0,0,0,0,0,0,0,0,0,0,0,0,0,0,0,0,0,0,0,0,0,0,0,0,0,0,0,0,0,0,0,0,0,23,0,0,0,0,0,0,0,0,0,0,0,59,64,0,0,0,0,14,22,0,0,0,0,4,0,0,0,0,0,0,47,0,0,strafe_left
27,30,12,0,0,0,16,45,26,0,0,0,23,31,44,0,0,0,0,0,64,0,0,0,0,0,14,0,0,0,0,0,0,0,0,0,0,0,0,0,0,0,0,0,0,0,0,0,0,0,0,0,0,0,0,0,0,0,0,0,0,0,30,0,0,0,0,0,0,0,0,0,0,0,56,55,0,0,0,0,7,15,0,0,0,0,15,4,0,0,0,0,0,40,0,0,strafe_left
37,38,17,0,0,0,14,42,22,0,0,0,9,14,28,0,0,0,0,0,45,0,0,0,0,4,20,0,0,0,0,0,0,0,0,0,0,0,0,0,0,0,0,0,0,0,0,0,0,0,0,0,0,0,0,0,0,0,0,0,0,0,30,0,0,0,0,0,0,0,0,0,0,0,59,58,0,0,0,0,9,17,0,0,0,0,21,6,0,0,0,0,0,40,0,0,strafe_left
25,30,13,0,0,0,14,45,26,0,0,0,19,25,39,0,0,0,0,0,57,0,0,0,0,0,18,0,0,0,0,0,0,0,0,0,0,0,0,0,0,0,0,0,0,0,0,0,0,0,0,0,0,0,0,0,0,0,0,0,0,0,28,0,0,0,0,0,0,0,0,0,0,0,54,51,0,0,0,0,0,8,0,0,0,0,19,5,0,0,0,0,0,42,0,0,strafe_left
22,28,9,0,0,0,18,52,31,0,0,0,20,19,32,0,0,0,0,0,51,0,0,0,0,0,10,0,0,0,0,0,0,0,0,0,0,0,0,0,0,0,0,0,0,0,0,0,0,0,0,0,0,0,0,0,0,0,0,0,0,0,25,0,0,0,0,0,0,0,0,0,0,0,54,42,0,0,0,0,0,0,0,0,0,0,24,4,0,0,0,0,0,39,0,0,strafe_left
17,21,11,0,0,0,37,69,62,0,0,0,24,20,34,0,0,0,0,0,49,0,0,0,0,0,0,0,0,0,0,0,0,0,0,0,0,0,0,0,0,0,0,0,0,0,0,0,0,0,0,0,0,0,0,0,0,0,0,0,0,0,19,0,0,0,0,0,0,0,0,0,0,0,54,42,0,0,0,0,0,4,0,0,0,0,22,4,0,0,0,0,0,41,0,0,strafe_left
13,22,9,0,0,0,37,72,66,0,0,0,21,18,34,0,0,0,0,0,56,0,0,0,0,0,0,0,0,0,0,0,0,0,0,0,0,0,0,0,0,0,0,0,0,0,0,0,0,0,0,0,0,0,0,0,0,0,0,0,0,0,13,0,0,0,0,0,0,0,0,0,0,0,52,41,0,0,0,0,0,8,0,0,0,0,19,5,0,0,0,0,0,43,0,0,strafe_left
9,20,6,0,0,0,37,71,63,0,0,0,16,12,27,0,0,0,0,0,57,0,0,0,0,0,3,0,0,0,0,0,0,0,0,0,0,0,0,0,0,0,0,0,0,0,0,0,0,0,0,0,0,0,0,0,0,0,0,0,0,0,12,0,0,0,0,0,0,0,0,0,0,0,47,32,0,0,0,0,0,7,0,0,0,0,15,4,0,0,0,0,0,46,0,0,strafe_left
3,10,3,0,0,0,37,75,76,0,0,0,16,8,25,0,0,0,0,0,62,0,0,0,0,0,3,0,0,0,0,0,0,0,0,0,0,0,0,0,0,0,0,0,0,0,0,0,0,0,0,0,0,0,0,0,0,0,0,0,0,0,0,0,0,0,0,0,0,0,0,0,0,0,43,22,0,0,0,0,0,9,0,0,0,0,8,0,0,0,0,0,0,47,0,0,strafe_left
0,0,0,0,0,0,42,83,90,0,0,0,14,0,17,0,0,0,0,12,98,0,0,0,0,0,0,0,0,0,0,0,0,0,0,0,0,0,0,0,0,0,0,0,0,0,0,0,0,0,0,0,0,0,0,0,0,0,0,0,0,0,0,0,0,0,0,0,0,0,0,0,0,0,26,4,0,0,0,0,0,9,0,0,0,0,0,0,0,0,0,0,0,49,0,0,strafe_left
0,0,0,0,0,0,23,67,88,0,0,0,0,0,0,0,0,0,0,15,121,4,0,0,0,0,0,0,0,0,0,0,10,0,0,0,0,0,0,0,0,0,0,0,0,0,0,0,0,0,0,0,0,0,0,0,0,0,0,0,0,0,0,0,0,0,0,0,0,0,0,0,0,0,0,0,0,0,0,0,3,21,0,0,0,0,0,0,0,0,0,0,0,53,0,0,strafe_left
0,0,0,0,0,0,13,75,99,0,0,0,0,0,0,0,0,0,0,26,148,19,0,0,0,0,0,0,0,0,0,0,20,0,0,0,0,0,0,0,0,0,0,0,0,0,0,0,0,0,0,0,0,0,0,0,0,0,0,0,0,0,0,0,0,0,0,0,0,0,0,0,0,0,0,0,0,0,0,0,0,21,0,0,0,0,0,0,0,0,0,0,0,61,0,0,strafe_left
0,0,0,0,0,0,8,84,108,0,0,0,0,0,0,0,0,0,0,31,162,29,0,0,0,0,0,0,0,0,0,0,24,0,0,0,0,0,0,0,0,0,0,0,0,0,0,0,0,0,0,0,0,0,0,0,0,0,0,0,0,0,0,0,0,0,0,0,0,0,0,0,0,0,0,0,0,0,0,0,0,25,0,0,0,0,0,0,0,0,0,0,0,64,0,0,strafe_left
0,0,0,0,0,0,41,96,103,0,0,0,10,0,0,0,0,0,0,15,104,0,0,0,0,0,0,0,0,0,0,0,16,0,0,0,0,0,0,0,0,0,0,0,0,0,0,0,0,0,0,0,0,0,0,0,0,0,0,0,0,0,0,0,0,0,0,0,0,0,0,0,0,0,0,0,0,0,0,0,0,16,0,0,0,0,0,0,0,0,0,0,0,60,0,0,strafe_left
9,0,0,0,0,16,53,98,92,0,0,0,14,0,9,0,0,0,0,0,57,0,0,0,0,0,0,0,0,0,0,0,0,0,0,0,0,0,0,0,0,0,0,0,0,0,0,0,0,0,0,0,0,0,0,0,0,0,0,0,0,0,0,0,0,0,0,0,0,0,0,0,0,0,0,0,0,0,0,0,0,17,0,0,0,0,0,0,0,0,0,0,4,60,0,0,strafe_left
10,10,0,0,0,0,26,64,35,0,0,0,22,16,28,0,0,0,0,0,47,0,0,0,0,0,8,0,0,0,0,0,0,0,0,0,0,0,0,0,0,0,0,0,0,0,0,0,0,0,0,0,0,0,0,0,0,0,0,0,0,0,0,0,0,0,0,0,0,0,0,0,0,0,0,0,0,0,0,0,0,12,0,0,0,0,0,0,0,0,0,0,0,55,0,0,strafe_left
23,34,15,0,0,0,25,60,31,0,0,0,16,23,32,0,0,0,0,0,39,0,0,0,0,0,8,0,0,0,0,0,0,0,0,0,0,0,0,0,0,0,0,0,0,0,0,0,0,0,0,0,0,0,0,0,0,0,0,0,0,0,0,0,0,0,0,0,0,0,0,0,0,0,14,0,0,0,0,0,0,11,0,0,0,0,0,0,0,0,0,0,0,51,0,0,strafe_left
0,0,0,0,0,0,55,98,93,0,0,0,9,0,9,0,0,0,0,0,75,0,0,0,0,0,0,0,0,0,0,0,0,0,0,0,0,0,0,0,0,0,0,0,0,0,0,0,0,0,0,0,0,0,0,0,0,0,0,0,0,0,0,0,0,0,0,0,0,0,0,0,0,0,0,0,0,0,0,0,0,18,0,0,0,0,0,0,0,0,0,0,0,50,0,0,strafe_left
38,63,31,0,0,11,45,84,47,0,0,0,23,28,28,0,0,0,0,0,17,0,0,0,0,0,0,0,0,0,0,0,0,0,0,0,0,0,0,0,0,0,0,0,0,0,0,0,0,0,0,0,0,0,0,0,0,0,0,0,0,0,0,0,0,0,0,0,0,0,0,0,0,0,0,0,0,0,0,0,0,14,0,0,0,0,0,0,0,0,0,0,5,63,0,0,strafe_left
54,117,67,3,0,3,34,68,32,0,0,0,13,49,44,0,0,0,0,0,0,0,0,0,0,0,0,0,0,0,0,0,0,0,0,0,0,0,0,0,0,0,0,0,0,0,0,0,0,0,0,0,0,0,0,0,0,0,0,0,0,0,0,0,0,0,0,0,0,0,0,0,0,0,7,0,0,0,0,0,0,9,0,0,0,0,0,0,0,0,0,0,5,62,0,0,strafe_left
48,118,65,0,0,0,21,56,23,0,0,0,16,61,54,0,0,0,0,0,9,0,0,0,0,0,0,0,0,0,0,0,0,0,0,0,0,0,0,0,0,0,0,0,0,0,0,0,0,0,0,0,0,0,0,0,0,0,0,0,0,0,0,0,0,0,0,0,0,0,0,0,0,0,5,0,0,0,0,0,0,10,0,0,0,0,0,0,0,0,0,0,3,59,0,0,strafe_left
39,113,62,0,0,0,22,56,16,0,0,0,9,54,49,0,0,0,0,0,12,0,0,0,0,0,5,0,0,0,0,0,0,0,0,0,0,0,0,0,0,0,0,0,0,0,0,0,0,0,0,0,0,0,0,0,0,0,0,0,0,0,0,0,0,0,0,0,0,0,0,0,0,0,0,0,0,0,0,0,0,6,0,0,0,0,0,0,0,0,0,0,0,57,0,0,strafe_left
15,30,21,0,11,19,63,116,81,0,0,0,16,7,23,0,0,0,0,0,9,0,0,0,0,0,0,0,0,0,0,0,0,0,0,0,0,0,0,0,0,0,0,0,0,0,0,0,0,0,0,0,0,0,0,0,0,0,0,0,0,0,0,0,0,0,0,0,0,0,0,0,0,0,0,0,0,0,0,0,0,0,0,0,0,0,0,0,0,0,0,0,0,57,0,0,strafe_left
0,0,0,0,0,16,66,132,107,0,0,0,15,0,15,0,0,0,0,0,28,0,0,0,0,0,0,0,0,0,0,0,0,0,0,0,0,0,0,0,0,0,0,0,0,0,0,0,0,0,0,0,0,0,0,0,0,0,0,0,0,0,0,0,0,0,0,0,0,0,0,0,0,0,6,0,0,0,0,0,0,0,0,0,0,0,0,0,0,0,0,0,0,46,0,0,strafe_left
0,0,0,0,0,16,68,133,110,0,0,0,17,3,18,0,0,0,0,0,30,0,0,0,0,0,0,0,0,0,0,0,0,0,0,0,0,0,0,0,0,0,0,0,0,0,0,0,0,0,0,0,0,0,0,0,0,0,0,0,0,0,49,0,0,0,0,0,0,0,0,0,0,0,69,74,0,0,0,0,0,0,0,0,0,0,31,8,0,0,0,0,0,0,0,0,strafe_left
0,7,8,0,13,26,81,144,111,0,0,0,23,7,24,0,0,0,0,0,14,0,0,0,0,0,0,0,0,0,0,0,0,0,0,0,0,0,0,0,0,0,0,0,0,0,0,0,0,0,0,0,0,0,0,0,0,0,0,0,0,0,0,0,0,0,0,0,0,0,0,0,0,0,51,31,0,0,0,0,0,0,0,0,0,0,28,4,0,0,0,0,0,63,0,0,strafe_left
0,0,0,0,0,0,0,0,0,0,0,0,13,0,13,0,0,0,0,0,0,0,0,0,0,0,0,0,0,0,0,0,0,0,0,0,0,0,0,0,0,0,0,0,0,0,0,0,0,0,0,0,0,0,0,0,0,0,0,0,0,0,0,0,0,0,0,0,0,0,0,0,0,0,59,51,0,0,0,0,0,0,0,0,0,0,33,6,0,0,0,0,0,34,0,0,strafe_left
0,0,0,0,0,6,55,106,95,0,0,0,11,4,24,0,0,0,0,0,59,0,0,0,0,0,0,0,0,0,0,0,0,0,0,0,0,0,0,0,0,0,0,0,0,0,0,0,0,0,0,0,0,0,0,0,0,0,0,0,0,0,38,0,0,0,0,0,0,0,0,0,0,0,70,74,0,0,0,0,0,10,0,0,0,0,22,0,0,0,0,0,0,9,0,0,strafe_left
0,0,0,0,0,0,0,0,0,0,0,0,0,0,0,0,0,0,0,0,0,0,0,0,0,23,24,0,0,0,0,0,0,0,0,0,7,80,60,6,0,0,0,0,97,0,0,0,0,0,0,0,0,0,0,0,0,0,0,0,0,0,0,0,0,0,0,0,0,0,0,0,0,0,0,0,0,0,0,0,0,0,0,0,0,0,0,0,0,0,0,0,0,0,0,0,strafe_right
0,0,0,0,0,0,0,0,0,0,0,0,0,0,0,0,0,0,0,0,0,0,0,0,0,21,22,0,0,0,0,0,0,0,0,0,16,88,73,23,0,0,0,0,117,11,0,0,3,0,46,38,0,0,0,11,48,72,0,0,0,0,0,0,0,0,6,0,0,0,0,0,0,0,0,0,0,0,0,0,0,0,0,0,0,0,0,0,0,0,0,0,0,0,0,0,strafe_right
0,0,0,0,0,0,0,0,0,0,0,0,0,0,0,0,0,0,0,0,0,0,0,0,0,24,24,0,0,0,0,0,0,0,0,0,0,68,55,12,0,0,0,0,105,0,0,0,7,0,47,41,0,0,8,22,63,89,0,0,0,0,0,0,0,0,7,0,0,0,0,0,0,0,0,0,0,0,0,0,0,0,0,0,0,0,0,0,0,0,0,0,0,0,0,0,strafe_right
0,0,0,0,0,0,0,0,0,0,0,0,0,0,0,0,0,0,0,0,0,0,0,0,0,15,14,0,0,0,0,0,0,0,0,0,0,57,52,11,0,0,0,0,112,3,0,0,0,0,0,0,0,0,0,0,0,0,0,0,0,0,0,0,0,0,7,0,0,0,0,0,0,0,0,0,0,0,0,0,0,0,0,0,0,0,0,0,0,0,0,0,0,0,0,0,strafe_right
0,0,0,0,0,0,0,0,0,0,0,0,0,0,0,0,0,0,0,0,0,0,0,0,0,10,10,0,0,0,0,0,0,0,0,0,0,52,46,6,0,0,0,0,119,4,0,0,7,0,41,35,0,0,5,18,59,85,0,0,0,0,0,0,0,0,16,0,0,0,0,0,0,0,0,0,0,0,0,0,0,0,0,0,0,0,0,0,0,0,0,0,0,0,0,0,strafe_right
0,0,0,0,0,0,0,0,0,0,0,0,0,0,0,0,0,0,0,0,0,0,0,0,0,11,10,0,0,0,0,0,0,0,0,0,0,56,52,13,0,0,0,0,123,6,0,0,8,0,24,23,0,0,0,17,62,86,0,0,0,0,0,0,0,0,17,0,6,0,0,0,0,0,0,0,0,0,0,0,0,0,0,0,0,0,0,0,0,0,0,0,0,0,0,0,strafe_right
0,0,0,0,0,0,0,0,0,0,0,0,0,0,0,0,0,0,0,0,0,0,0,0,0,4,0,0,0,0,0,0,0,0,0,0,0,64,57,24,0,0,0,0,135,21,0,0,0,0,34,56,0,0,0,21,62,65,0,0,0,0,36,19,0,0,40,0,0,0,0,0,0,0,0,0,0,0,0,0,0,0,0,0,0,0,0,0,0,0,0,0,0,0,0,0,strafe_right
0,0,0,0,0,0,0,0,0,0,0,0,0,0,0,0,0,0,0,0,0,0,0,0,0,6,7,0,0,0,0,0,0,0,0,0,0,64,58,27,0,0,0,0,138,23,0,0,0,0,32,53,0,0,0,20,64,67,0,0,0,0,33,19,0,0,41,0,0,0,0,0,0,0,0,0,0,0,0,0,0,0,0,0,0,0,0,0,0,0,0,0,0,0,0,0,strafe_right
0,0,0,0,0,0,0,0,0,0,0,0,0,0,0,0,0,0,0,0,0,0,0,0,0,5,5,0,0,0,0,0,0,0,0,0,0,65,59,26,0,0,0,0,138,23,0,0,0,0,36,55,0,3,0,21,64,69,0,0,0,0,33,18,0,0,43,0,0,0,0,0,0,0,0,0,0,0,0,0,0,0,0,0,0,0,0,0,0,0,0,0,0,0,0,0,strafe_right
0,0,0,0,0,0,0,0,0,0,0,0,0,0,0,0,0,0,0,0,0,0,0,0,0,18,17,0,0,0,0,0,0,0,0,0,0,67,53,15,0,0,0,0,118,4,0,0,0,0,50,67,10,10,5,24,65,59,0,0,0,0,37,18,0,0,33,0,0,0,0,0,0,0,0,0,0,0,0,0,0,0,0,0,0,0,0,0,0,0,0,0,0,0,0,0,strafe_right
0,0,0,0,0,0,0,0,0,0,0,0,0,0,0,0,0,0,0,0,0,0,0,0,0,33,33,0,0,0,0,0,0,0,0,0,28,99,65,6,0,0,0,0,73,0,0,0,4,0,43,59,5,5,0,19,61,57,0,0,0,0,34,17,0,0,30,0,0,0,0,0,0,0,0,0,0,0,0,0,0,0,0,0,0,0,0,0,0,0,0,0,0,0,0,0,strafe_right
0,0,0,0,0,0,0,0,0,0,0,0,0,0,0,0,0,0,0,0,0,0,0,0,5,28,39,0,0,0,0,0,9,0,0,0,0,13,20,25,0,0,0,16,98,0,0,0,0,0,29,27,0,0,8,22,77,85,0,0,0,0,5,0,0,0,45,0,10,0,0,0,0,0,0,0,0,0,0,0,0,0,0,0,0,0,0,0,0,0,0,0,0,0,0,0,strafe_right
0,0,0,0,0,0,0,0,0,0,0,0,0,0,0,0,0,0,0,0,0,0,0,0,6,18,31,0,0,0,0,0,10,0,0,0,0,7,16,27,0,0,0,19,119,5,0,0,0,0,25,26,0,0,8,23,80,93,0,0,0,0,0,0,0,0,44,0,11,0,0,0,0,0,0,0,0,0,0,0,0,0,0,0,0,0,0,0,0,0,0,0,0,0,0,0,strafe_right
0,0,0,0,0,0,0,0,0,0,0,0,0,0,0,0,0,0,0,0,0,0,0,0,5,0,16,0,0,0,0,0,0,0,0,0,0,0,0,11,0,0,0,12,134,11,0,0,0,0,0,0,0,0,0,0,0,0,0,0,0,0,0,0,0,0,38,0,5,0,0,0,0,0,0,0,0,0,0,0,0,0,0,0,0,0,0,0,0,0,0,0,0,0,0,0,strafe_right
0,0,0,0,0,0,0,0,0,0,0,0,0,0,0,0,0,0,0,0,0,0,0,0,12,4,21,0,0,0,0,0,16,0,0,0,0,0,0,7,0,0,0,8,140,8,0,0,0,0,0,0,0,0,0,0,0,0,0,0,0,0,0,0,0,0,39,0,8,0,0,0,0,0,0,0,0,0,0,0,0,0,0,0,0,0,0,0,0,0,0,0,0,0,0,0,strafe_right
0,0,0,0,0,0,0,0,0,0,0,0,0,0,0,0,0,0,0,0,0,0,0,0,12,0,18,0,0,0,0,0,14,0,0,0,0,0,0,10,0,0,0,10,141,10,0,0,7,0,27,29,0,3,12,28,85,94,0,0,0,0,0,0,0,0,40,0,5,0,0,0,0,0,0,0,0,0,0,0,0,0,0,0,0,0,0,0,0,0,0,0,0,0,0,0,strafe_right
0,0,0,0,0,0,0,0,0,0,0,0,0,0,0,0,0,0,0,0,0,0,0,0,0,0,9,0,0,0,0,0,10,0,0,0,0,0,3,20,0,0,0,17,146,18,0,0,0,0,30,28,0,0,5,19,76,86,0,0,0,0,5,0,0,0,41,0,9,0,0,0,0,0,0,0,0,0,0,0,0,0,0,0,0,0,0,0,0,0,0,0,0,0,0,0,strafe_right
0,0,0,0,0,0,0,0,0,0,0,0,0,0,0,0,0,0,0,0,0,0,0,0,0,0,17,0,0,0,0,0,10,0,0,0,0,0,5,20,0,0,0,16,134,18,0,0,0,0,46,39,0,0,6,21,77,86,0,0,0,0,11,0,0,0,41,0,7,0,0,0,0,0,0,0,0,0,0,0,0,0,0,0,0,0,0,0,0,0,0,0,0,0,0,0,strafe_right
0,0,0,0,0,0,0,0,0,0,0,0,0,0,0,0,0,0,0,0,0,0,0,0,0,0,16,0,0,0,0,0,4,0,0,0,0,0,8,23,0,0,0,14,130,12,0,0,0,0,50,41,0,0,6,18,73,83,0,0,0,0,13,0,0,0,43,0,5,0,0,0,0,0,0,0,0,0,0,0,0,0,0,0,0,0,0,0,0,0,0,0,0,0,0,0,strafe_right
0,0,0,0,0,0,0,0,0,0,0,0,0,0,0,0,0,0,0,0,0,0,0,0,0,12,21,0,0,0,0,0,3,0,0,0,0,7,11,25,0,0,0,11,110,0,0,0,0,0,59,51,0,0,6,20,72,74,0,0,0,0,20,0,0,0,40,0,4,0,0,0,0,0,0,0,0,0,0,0,0,0,0,0,0,0,0,0,0,0,0,0,0,0,0,0,strafe_right
0,0,0,0,0,0,0,0,0,0,0,0,0,0,0,0,0,0,0,0,0,0,0,0,0,31,31,0,0,0,0,0,0,0,0,0,0,18,18,20,0,0,0,8,88,0,0,0,0,0,0,0,0,0,0,0,0,0,0,0,0,0,28,0,0,0,36,0,0,0,0,0,0,0,0,0,0,0,0,0,0,0,0,0,0,0,0,0,0,0,0,0,0,0,0,0,strafe_right
0,0,0,0,0,0,0,0,0,0,0,0,0,0,0,0,0,0,0,0,0,0,0,0,0,23,29,0,0,0,0,0,9,0,0,0,0,7,15,23,0,0,0,14,114,0,0,0,0,0,55,48,6,8,11,24,76,81,0,0,0,0,20,0,0,0,44,0,6,0,0,0,0,0,0,0,0,0,0,0,0,0,0,0,0,0,0,0,0,0,0,0,0,0,0,0,strafe_right
0,0,0,0,0,0,0,0,0,0,0,0,0,0,0,0,0,0,0,0,0,0,0,0,0,46,45,0,0,0,0,0,19,0,0,0,0,28,27,26,0,0,0,11,100,0,0,0,0,0,0,0,0,0,0,0,0,0,0,0,0,0,25,0,0,0,34,0,0,0,0,0,0,0,0,0,0,0,0,0,0,0,0,0,0,0,0,0,0,0,0,0,0,0,0,0,strafe_right
0,0,0,0,0,0,0,0,0,0,0,0,0,0,0,0,0,0,0,0,0,0,0,0,13,51,53,0,0,0,0,0,17,0,0,0,0,0,6,26,0,0,0,11,88,0,0,0,4,0,0,10,0,0,0,4,47,54,0,0,0,0,8,0,0,0,56,0,32,12,0,0,0,0,0,0,0,0,0,0,4,0,0,0,0,0,0,0,0,0,0,0,0,0,0,0,strafe_right
0,0,0,0,0,0,0,0,0,0,0,0,0,0,0,0,0,0,0,0,0,0,0,0,3,48,48,0,0,0,0,0,16,0,0,0,0,7,15,35,0,0,0,23,102,0,0,0,8,0,0,9,0,0,0,6,51,57,0,0,0,0,0,0,0,0,49,0,27,7,0,0,0,0,0,0,0,0,0,0,6,5,0,0,0,0,0,0,0,0,0,0,0,0,0,0,strafe_right
0,0,0,0,0,0,0,0,0,0,0,0,0,0,0,0,0,0,0,0,0,0,0,0,11,54,53,0,0,0,0,0,26,0,0,0,0,3,11,29,0,0,0,9,91,0,0,0,0,0,0,4,0,0,0,4,49,57,0,0,0,0,5,0,0,0,53,0,30,11,0,0,0,0,0,0,0,0,0,0,8,7,0,0,0,0,0,0,0,0,0,0,0,0,0,0,strafe_right
0,0,0,0,0,0,0,0,0,0,0,0,0,0,0,0,0,0,0,0,0,0,0,0,7,48,48,0,0,0,0,0,9,0,0,0,0,0,6,29,0,0,0,18,96,0,0,0,0,0,3,13,0,0,0,5,47,53,0,0,9,0,14,0,0,0,49,0,30,12,0,0,0,0,0,0,0,0,0,0,3,5,0,0,0,0,0,0,0,0,0,0,0,0,0,0,strafe_right
0,0,0,0,0,0,0,0,0,0,0,0,0,0,0,0,0,0,0,0,0,0,0,0,3,50,49,0,0,0,0,0,20,0,0,0,0,12,19,41,0,0,0,28,101,5,0,0,0,0,4,9,0,0,0,0,42,50,0,0,0,0,7,0,0,0,43,0,25,8,0,0,0,0,0,0,0,0,0,0,10,10,0,0,0,0,0,0,0,0,0,0,0,0,0,0,strafe_right
0,0,0,0,0,0,0,0,0,0,0,0,0,0,0,0,0,0,0,0,0,0,0,0,0,50,49,0,0,0,0,0,18,0,0,0,0,5,12,33,0,0,0,19,88,0,0,0,5,0,15,20,0,0,0,4,45,51,0,0,4,0,7,0,0,0,37,0,22,5,0,0,0,0,0,0,0,0,0,0,11,12,0,0,0,0,0,0,0,0,0,0,0,0,0,0,strafe_right
0,0,0,0,0,0,0,0,0,0,0,0,0,0,0,0,0,0,0,0,0,0,0,0,6,53,54,0,0,0,0,0,28,0,0,0,0,0,9,29,0,0,0,13,76,0,0,0,0,0,10,18,0,0,0,4,46,54,0,0,6,0,12,0,0,0,44,0,27,12,0,0,0,0,0,0,0,0,0,0,11,13,0,0,0,0,0,0,0,0,0,0,0,0,0,0,strafe_right
0,0,0,0,0,0,0,0,0,0,0,0,0,0,4,0,0,0,0,0,0,0,0,0,0,39,39,0,0,0,0,0,12,0,0,0,0,0,8,30,0,0,0,19,92,0,0,0,6,0,9,17,0,0,0,7,49,60,0,0,4,0,4,0,0,0,37,0,22,7,0,0,0,0,0,0,0,0,0,0,12,15,0,0,0,0,0,0,0,0,0,0,0,0,0,0,strafe_right
0,19,25,0,0,0,0,0,0,0,0,0,3,38,47,0,0,0,0,0,20,0,0,0,4,56,59,0,0,0,0,0,20,0,0,0,0,0,0,0,0,0,0,0,0,0,0,0,0,0,0,0,0,0,0,0,6,5,0,0,7,0,20,0,0,0,0,0,10,4,0,0,0,0,46,5,0,0,0,0,12,22,0,0,0,0,0,0,0,0,0,0,0,26,0,0,none
0,0,8,0,0,0,0,0,13,0,0,0,17,42,50,0,0,0,0,0,23,0,0,0,0,50,51,0,0,0,0,0,19,0,0,0,0,0,0,0,0,0,0,0,12,0,0,0,0,0,0,0,0,0,0,0,7,8,0,0,3,0,12,0,0,0,0,0,6,4,0,0,0,0,41,4,0,0,0,0,15,24,0,0,0,0,0,0,0,0,0,0,0,24,0,0,none
0,0,6,0,0,0,0,0,12,0,0,0,8,43,49,0,0,0,0,0,30,0,0,0,9,58,58,0,0,0,0,0,18,0,0,0,0,0,0,0,0,0,0,0,13,0,0,0,0,0,0,0,0,0,0,0,13,12,0,0,4,0,10,0,0,0,0,0,5,0,0,0,0,0,40,3,0,0,0,0,14,23,0,0,0,0,0,0,0,0,0,0,0,28,0,0,none
0,0,6,0,0,0,0,0,12,0,0,0,6,43,50,0,0,0,0,0,32,0,0,0,9,63,60,0,0,0,0,0,20,0,0,0,0,0,0,0,0,0,0,0,18,0,0,0,0,0,0,0,0,0,0,0,13,10,0,0,0,0,9,0,0,0,0,0,5,4,0,0,0,0,38,0,0,0,0,0,15,24,0,0,0,0,0,0,0,0,0,0,0,26,0,0,none
0,6,13,0,0,0,0,0,9,0,0,0,0,31,37,0,0,0,0,0,17,0,0,0,3,61,60,0,0,0,0,0,31,0,0,0,0,0,0,0,0,0,0,10,27,0,0,0,0,0,0,0,0,0,0,0,13,11,0,0,7,0,15,0,0,0,0,0,12,10,0,0,0,0,41,5,0,0,0,0,13,20,0,0,0,0,0,0,0,0,0,0,0,21,0,0,none
0,0,7,0,0,0,0,0,10,0,0,0,5,41,46,0,0,0,0,0,27,0,0,0,15,71,69,0,0,0,0,0,33,0,0,0,0,0,0,0,0,0,0,0,15,0,0,0,0,0,0,0,0,0,0,0,15,14,0,0,7,0,10,0,0,0,0,0,5,0,0,0,0,0,38,0,0,0,0,0,13,22,0,0,0,0,0,0,0,0,0,0,0,23,0,0,none
0,0,0,0,0,0,0,0,0,0,0,0,0,33,43,0,0,0,0,0,22,0,0,0,6,64,63,0,0,0,0,0,34,0,0,0,0,0,0,5,0,0,0,9,29,0,0,0,0,0,0,0,0,0,0,0,15,14,0,0,11,0,14,0,0,0,0,0,11,7,0,0,0,0,33,0,0,0,0,0,8,19,0,0,0,0,0,0,0,0,0,0,0,23,0,0,none
0,0,5,0,0,0,0,0,12,0,0,0,3,41,47,0,0,0,0,0,33,0,0,0,10,66,65,0,0,0,0,0,30,0,0,0,0,0,0,0,0,0,0,0,21,0,0,0,0,0,0,0,0,0,0,0,13,9,0,0,3,0,6,0,0,0,0,0,6,6,0,0,0,0,32,0,0,0,0,0,16,26,0,0,0,0,0,0,0,0,0,0,0,28,0,0,none
0,0,0,0,0,0,0,0,11,0,0,0,12,37,45,0,0,0,0,0,33,0,0,0,8,49,49,0,0,0,0,0,25,0,0,0,0,0,0,0,0,0,0,5,26,0,0,0,0,0,0,0,0,0,0,0,9,8,0,0,0,0,0,0,0,0,0,0,9,7,0,0,0,0,29,0,0,0,0,0,17,30,0,0,0,0,0,0,0,0,0,0,0,29,0,0,none
0,0,0,0,0,0,0,5,20,0,0,0,13,18,26,0,0,0,0,0,17,0,0,0,0,27,37,0,0,0,0,0,39,0,0,0,0,0,0,0,0,0,0,9,37,0,0,0,0,0,0,0,0,0,0,0,13,14,0,0,0,0,0,0,0,0,0,0,12,8,0,0,0,0,24,0,0,0,0,0,18,31,0,0,0,0,0,0,0,0,0,0,0,25,0,0,none
0,0,0,0,0,0,0,5,20,0,0,0,14,11,18,0,0,0,0,0,14,0,0,0,0,17,33,0,0,0,0,0,47,0,0,0,0,0,0,0,0,0,0,10,42,0,0,0,0,0,0,0,0,0,0,0,12,16,0,0,0,0,0,0,0,0,0,0,13,12,0,0,0,0,19,0,0,0,0,0,17,33,0,0,0,0,0,0,0,0,0,0,0,27,0,0,none
0,0,0,0,0,0,0,0,8,0,0,0,11,20,26,0,0,0,0,0,26,0,0,0,11,41,52,0,0,0,0,3,56,0,0,0,0,0,0,0,0,0,0,0,32,0,0,0,0,0,0,0,0,0,0,0,17,19,0,0,0,0,0,0,0,0,0,0,7,5,0,0,0,0,20,0,0,0,0,0,17,32,0,0,0,0,0,0,0,0,0,0,0,30,0,4,none
0,0,0,0,0,0,0,5,20,0,0,0,18,17,23,0,0,0,0,0,17,0,0,0,0,22,38,0,0,0,0,0,47,0,0,0,0,0,0,0,0,0,0,10,44,0,0,0,0,0,0,0,0,0,0,0,9,14,0,0,0,0,0,0,0,0,0,0,14,12,0,0,0,0,12,0,0,0,0,0,22,36,0,0,0,0,0,0,0,0,0,0,0,25,0,0,none
0,0,0,0,0,0,0,0,0,0,0,0,11,6,16,0,0,0,0,0,27,0,0,0,6,23,40,0,0,0,0,0,56,0,0,0,0,0,0,0,0,0,0,11,43,0,0,0,0,0,0,0,0,0,0,0,17,20,0,0,0,0,0,0,0,0,0,0,12,6,0,0,0,0,0,0,0,0,0,0,15,33,0,0,0,0,0,0,0,0,0,0,0,28,0,0,none
0,0,0,0,0,0,0,0,15,0,0,0,22,18,26,0,0,0,0,0,29,0,0,0,0,18,34,0,0,0,0,0,45,0,0,0,0,0,0,0,0,0,0,9,43,0,0,0,0,0,0,0,0,0,0,0,6,12,0,0,0,0,0,0,0,0,0,0,14,11,0,0,0,0,0,0,0,0,0,0,21,37,0,0,0,0,0,0,0,0,0,0,0,20,0,0,none
0,0,0,0,0,0,0,0,16,0,0,0,23,18,25,0,0,0,0,0,28,0,0,0,0,19,34,0,0,0,0,0,45,0,0,0,0,0,0,0,0,0,0,10,44,0,0,0,0,0,0,0,0,0,0,0,8,12,0,0,0,0,0,0,0,0,0,0,14,12,0,0,0,0,0,0,0,0,0,0,23,44,0,0,0,0,0,0,0,0,0,0,0,19,0,0,none
0,0,0,0,0,0,0,0,0,0,0,0,10,8,17,0,0,0,0,0,26,0,0,0,3,27,43,0,0,0,0,0,57,0,0,0,0,0,0,4,0,0,0,13,46,0,0,0,0,0,0,0,0,0,0,0,16,20,0,0,0,0,0,0,0,0,0,0,13,10,0,0,0,0,0,0,0,0,0,0,18,36,0,0,0,0,0,0,0,0,0,0,0,27,0,6,none
0,0,0,0,0,0,0,0,10,0,0,0,17,13,25,0,0,0,0,0,36,0,0,0,7,23,40,0,0,0,0,0,46,0,0,0,0,0,0,0,0,0,0,10,44,0,0,0,0,0,0,0,0,0,0,0,6,12,0,0,0,0,0,0,0,0,0,0,15,13,0,0,0,0,0,0,0,0,0,0,20,41,0,0,0,0,0,0,0,0,0,0,0,28,0,9,none
0,0,0,0,0,0,0,0,9,0,0,0,23,14,24,0,0,0,0,0,32,0,0,0,0,15,32,0,0,0,0,0,43,0,0,0,0,0,0,0,0,0,0,11,44,0,0,0,0,0,0,0,0,0,0,0,6,12,0,0,0,0,0,0,0,0,0,0,16,12,0,0,0,0,0,0,0,0,0,0,22,40,0,0,0,0,0,0,0,0,0,0,0,28,0,9,none
0,0,0,0,0,0,0,0,0,0,0,0,4,0,6,0,0,0,0,0,24,0,0,0,0,18,36,0,0,0,0,0,54,0,0,0,0,0,0,0,0,0,0,19,52,0,0,0,0,0,0,0,0,0,0,0,12,17,0,0,0,0,0,0,0,0,0,0,20,16,0,0,0,0,0,0,0,0,0,0,18,37,0,0,0,0,0,0,0,0,0,0,0,30,0,14,none
0,0,0,0,0,0,0,0,0,0,0,0,9,0,10,0,0,0,0,0,25,0,0,0,3,15,36,0,0,0,0,0,54,0,0,0,0,0,0,5,0,0,0,18,50,0,0,0,0,0,0,0,0,0,0,0,15,23,0,0,0,0,0,0,0,0,0,0,16,13,0,0,0,0,0,0,0,0,0,0,16,36,0,0,0,0,0,0,0,0,0,0,0,30,0,13,none
0,0,0,0,0,0,0,0,0,0,0,0,7,0,13,0,0,0,0,0,25,0,0,0,0,23,42,0,0,0,0,0,53,0,0,0,0,0,0,6,0,0,0,18,47,0,0,0,0,0,0,0,0,0,0,0,13,18,0,0,10,0,0,0,0,0,0,0,11,8,0,0,0,0,23,0,0,0,0,0,13,28,0,0,0,0,0,0,0,0,0,0,0,26,0,0,none
0,0,0,0,0,0,0,0,18,0,0,0,20,18,25,0,0,0,0,0,29,0,0,0,0,20,34,0,0,0,0,0,44,0,0,0,0,0,0,0,0,0,0,13,44,0,0,0,0,0,0,0,0,0,0,0,7,6,0,0,11,0,17,0,0,0,0,0,3,0,0,0,0,0,48,7,0,0,0,0,13,22,0,0,0,0,0,0,0,0,0,0,0,17,0,0,none
0,0,0,0,0,0,0,0,20,0,0,0,14,18,24,0,0,0,0,0,18,0,0,0,0,25,42,0,0,0,0,0,47,0,0,0,0,0,0,0,0,0,0,14,47,0,0,0,0,0,3,0,0,0,0,0,7,3,0,0,13,0,22,0,0,0,0,0,0,0,0,0,0,0,53,11,0,0,0,0,10,18,0,0,0,0,0,0,0,0,0,0,0,12,0,0,none
0,0,9,0,0,0,0,0,22,0,0,0,13,29,32,0,0,0,0,0,15,0,0,0,0,32,44,0,0,0,0,0,43,0,0,0,0,0,0,3,0,0,0,15,47,0,0,0,0,0,12,4,0,0,0,0,6,6,0,0,14,0,25,0,0,0,0,0,0,0,0,0,0,0,54,13,0,0,0,0,10,17,0,0,0,0,0,0,0,0,0,0,0,8,0,0,none
0,0,14,0,0,0,0,0,16,0,0,0,4,28,28,0,0,0,0,0,12,0,0,0,0,47,54,0,0,0,0,0,46,0,0,0,0,0,0,3,0,0,0,16,47,0,0,0,0,0,16,6,0,0,0,0,11,10,0,0,12,0,27,3,0,0,0,0,3,0,0,0,0,0,56,13,0,0,0,0,8,15,0,0,0,0,0,0,0,0,0,0,0,8,0,0,none
0,0,15,0,0,0,0,0,16,0,0,0,0,29,27,0,0,0,0,0,12,0,0,0,0,46,52,0,0,0,0,0,46,0,0,0,0,0,0,6,0,0,0,11,47,0,0,0,0,0,28,17,0,0,0,0,10,8,0,0,14,0,30,6,0,0,0,0,0,0,0,0,0,0,61,16,0,0,0,0,7,11,0,0,0,0,0,0,0,0,0,0,0,7,0,0,none
0,0,0,0,0,0,0,0,9,0,0,0,8,37,36,0,0,0,0,0,27,0,0,0,10,56,62,0,0,0,0,0,51,0,0,0,0,0,0,0,0,0,0,0,35,0,0,0,0,0,35,26,0,0,0,0,15,13,0,0,14,0,21,0,0,0,0,0,0,0,0,0,0,0,57,12,0,0,0,0,7,13,0,0,0,0,0,0,0,0,0,0,0,17,0,0,none
0,0,0,0,0,0,0,0,8,0,0,0,9,30,32,0,0,0,0,0,30,0,0,0,11,48,56,0,0,0,0,0,54,0,0,0,0,0,0,0,0,0,0,0,34,0,0,0,0,0,10,10,0,0,0,0,16,14,0,0,12,0,15,0,0,0,0,0,0,0,0,0,0,0,46,6,0,0,0,0,13,20,0,0,0,0,0,0,0,0,0,0,0,22,0,0,none
0,0,0,0,0,0,0,0,9,0,0,0,10,31,33,0,0,0,0,0,38,0,0,0,8,41,52,0,0,0,0,0,49,0,0,0,0,0,0,0,0,0,0,3,34,0,0,0,0,0,0,0,0,0,0,0,9,9,0,0,9,0,10,0,0,0,0,0,3,0,0,0,0,0,43,4,0,0,0,0,14,21,0,0,0,0,0,0,0,0,0,0,0,30,0,0,none
0,0,0,0,0,0,0,0,7,0,0,0,14,14,22,0,0,0,0,0,37,0,0,0,8,31,45,0,0,0,0,0,47,0,0,0,0,0,0,0,0,0,0,5,50,0,0,0,0,0,0,0,0,0,0,0,7,7,0,0,5,0,6,0,0,0,0,0,6,3,0,0,0,0,37,0,0,0,0,0,15,27,0,0,0,0,0,0,0,0,0,0,0,32,0,4,none
0,0,0,0,0,0,0,0,11,0,0,0,9,6,11,0,0,0,0,0,16,0,0,0,0,30,46,0,0,0,0,0,53,0,0,0,0,0,0,6,0,0,0,17,60,0,0,0,0,0,0,0,0,0,0,0,10,12,0,0,9,0,0,0,0,0,0,0,14,12,0,0,0,0,29,0,0,0,0,0,15,23,0,0,0,0,0,0,0,0,0,0,0,29,0,3,none
0,0,5,0,0,0,0,0,8,0,0,0,8,13,17,0,0,0,0,0,17,0,0,0,0,38,50,0,0,0,0,0,49,0,0,0,0,0,0,8,0,0,0,17,51,0,0,0,0,0,0,0,0,0,0,0,11,12,0,0,13,0,12,0,0,0,0,0,11,7,0,0,0,0,33,0,0,0,0,0,13,24,0,0,0,0,0,0,0,0,0,0,0,29,0,0,none
0,0,4,0,0,0,0,0,0,0,0,0,3,29,29,0,0,0,0,0,20,0,0,0,0,40,54,0,0,0,0,0,49,0,0,0,0,0,0,11,0,0,0,16,44,0,0,0,0,0,0,0,0,0,0,0,12,12,0,0,17,0,20,0,0,0,0,0,9,3,0,0,0,0,42,0,0,0,0,0,12,20,0,0,0,0,0,0,0,0,0,0,0,23,0,3,none
0,0,0,0,0,0,0,0,0,0,0,0,9,31,35,0,0,0,0,0,19,0,0,0,0,53,59,0,0,0,0,0,50,0,0,0,0,0,0,9,0,0,0,11,39,0,0,0,0,0,32,20,0,0,0,0,17,13,0,0,15,0,32,6,0,0,0,0,0,0,0,0,0,0,56,9,0,0,0,0,7,10,0,0,0,0,0,0,0,0,0,0,0,17,0,0,none
0,0,0,0,0,0,0,0,0,0,0,0,7,30,35,0,0,0,0,0,22,0,0,0,0,50,56,0,0,0,0,0,51,0,0,0,0,0,0,7,0,0,0,8,37,0,0,0,0,0,35,19,0,0,0,0,16,13,0,0,14,0,32,6,0,0,0,0,0,0,0,0,0,0,56,10,0,0,0,0,6,9,0,0,0,0,0,0,0,0,0,0,0,19,0,0,none
0,124,63,0,0,0,0,0,0,0,0,0,9,105,83,0,0,0,0,0,0,0,0,0,0,136,93,0,0,0,0,0,0,0,0,0,0,0,0,0,0,0,0,0,0,0,0,0,0,0,165,62,0,0,0,0,0,0,0,0,0,0,90,48,0,0,0,0,0,0,0,0,0,0,86,48,0,0,0,0,0,0,0,0,0,0,11,8,0,0,0,0,0,0,0,0,backward
0,118,58,0,0,0,0,0,0,0,0,0,11,110,95,0,0,0,0,0,0,0,0,0,10,136,90,0,0,0,0,0,0,0,0,0,0,0,0,0,0,0,0,0,0,0,0,0,0,0,169,68,0,0,0,0,0,0,0,0,0,0,93,48,0,0,0,0,0,0,0,0,0,0,86,46,0,0,0,0,0,0,0,0,0,0,8,5,0,0,0,0,0,0,0,0,backward
0,120,55,0,0,0,0,0,0,0,0,0,6,106,89,0,0,0,0,0,0,0,0,0,17,146,102,0,0,0,0,0,0,0,0,0,0,0,0,0,0,0,0,0,0,0,0,0,0,0,166,64,0,0,0,0,0,0,0,0,0,4,95,52,0,0,0,0,0,0,0,0,0,0,86,44,0,0,0,0,0,0,0,0,0,0,8,5,0,0,0,0,0,0,0,0,backward
0,125,55,0,0,0,0,0,0,0,0,0,8,110,90,0,0,0,0,0,0,0,0,0,18,152,103,0,0,0,0,0,0,0,0,0,0,0,0,0,0,0,0,0,0,0,0,0,0,0,173,64,0,0,0,0,0,0,0,0,0,4,95,46,0,0,0,0,0,0,0,0,0,0,86,44,0,0,0,0,0,0,0,0,0,0,8,0,0,0,0,0,0,0,0,0,backward
0,120,47,0,0,0,0,0,0,0,0,0,0,107,89,0,0,0,0,0,0,0,0,0,11,156,104,0,0,0,0,0,0,0,0,0,0,0,0,0,0,0,0,0,0,0,0,0,0,0,163,43,0,0,0,0,0,0,0,0,0,15,98,46,0,0,0,0,0,0,0,0,0,0,95,50,0,0,0,0,0,0,0,0,0,0,5,0,0,0,0,0,0,0,0,0,backward
0,109,53,0,0,0,0,0,0,0,0,0,0,98,92,0,0,0,0,0,0,0,0,0,4,141,104,0,0,0,0,0,0,0,0,0,0,0,0,0,0,0,0,0,0,0,0,0,0,0,159,71,0,0,0,0,0,0,0,0,0,0,82,46,0,0,0,0,0,0,0,0,0,0,91,51,0,0,0,0,0,0,0,0,0,0,6,10,0,0,0,0,0,0,0,0,backward
0,81,43,0,0,0,0,0,0,0,0,0,0,98,89,0,0,0,0,0,0,0,0,0,8,128,100,0,0,0,0,0,0,0,0,0,0,0,0,0,0,0,0,0,0,0,0,0,0,0,65,23,0,0,0,0,0,0,0,0,0,0,56,28,0,0,0,0,0,0,0,0,0,0,72,33,0,0,0,0,0,0,0,0,0,0,21,25,0,0,0,0,0,0,0,0,backward
0,95,52,0,0,0,0,0,0,0,0,0,0,101,92,0,0,0,0,0,0,0,0,0,6,122,91,0,0,0,0,0,0,0,0,0,0,0,0,0,0,0,0,0,0,0,0,0,0,0,56,16,0,0,0,0,0,0,0,0,0,0,59,29,0,0,0,0,0,0,0,0,0,0,73,34,0,0,0,0,0,0,0,0,0,0,26,30,0,0,0,0,0,0,0,0,backward
0,93,54,0,0,0,0,0,0,0,0,0,0,103,92,0,0,0,0,0,0,0,0,0,8,122,93,0,0,0,0,0,0,0,0,0,0,0,0,0,0,0,0,0,0,0,0,0,0,0,55,13,0,0,0,0,0,0,0,0,0,0,59,30,0,0,0,0,0,0,0,0,0,0,73,36,0,0,0,0,0,0,0,0,0,0,23,26,0,0,0,0,0,0,0,0,backward
0,93,52,0,0,0,0,0,0,0,0,0,0,97,86,0,0,0,0,0,0,0,0,0,14,130,102,0,0,0,0,0,0,0,0,0,0,0,0,0,0,0,0,0,0,0,0,0,0,0,62,21,0,0,0,0,0,0,0,0,0,0,55,28,0,0,0,0,0,0,0,0,0,0,71,33,0,0,0,0,0,0,0,0,0,0,25,30,0,0,0,0,0,0,0,0,backward
0,88,42,0,0,0,0,0,0,0,0,0,0,92,84,0,0,0,0,0,0,0,0,0,9,124,97,0,0,0,0,0,0,0,0,0,0,0,0,0,0,0,0,0,0,0,0,0,0,0,66,24,0,0,0,0,0,0,0,0,0,0,56,27,0,0,0,0,0,0,0,0,0,0,70,32,0,0,0,0,0,0,0,0,0,0,23,30,0,0,0,0,0,0,0,0,backward
0,53,44,0,0,0,0,0,0,0,0,0,0,78,71,0,0,0,0,0,0,0,0,0,5,95,80,0,0,0,0,0,6,0,0,0,0,0,0,0,0,0,0,12,0,0,0,0,0,0,59,18,0,0,0,0,0,0,0,0,0,0,61,33,0,0,0,0,0,0,0,0,0,0,71,32,0,0,0,0,0,0,0,0,0,0,17,25,0,0,0,0,0,0,0,0,backward
0,50,40,0,0,0,0,0,0,0,0,0,0,99,93,0,0,0,0,0,4,0,0,0,16,112,86,0,0,0,0,0,5,0,0,0,0,0,0,0,0,0,0,6,0,0,0,0,0,0,32,9,0,0,0,0,0,0,0,0,15,0,39,19,0,0,0,0,3,0,0,0,0,0,57,15,0,0,0,0,0,0,0,0,0,0,5,14,0,0,0,0,0,7,0,0,backward
0,15,12,0,0,0,0,6,12,0,0,0,0,43,41,0,0,0,0,0,0,0,0,0,0,62,70,0,0,0,0,0,91,0,0,0,0,0,0,0,0,0,0,13,23,0,0,0,0,0,0,0,0,0,0,0,0,0,0,0,0,0,20,0,0,0,0,0,0,0,0,0,0,0,44,4,0,0,0,0,7,33,0,0,0,0,0,0,0,0,0,0,0,23,0,0,none
0,11,3,0,0,0,0,0,0,0,0,0,3,58,53,0,0,0,0,0,4,0,0,0,15,70,78,0,0,0,0,0,85,0,0,0,0,0,0,0,0,0,0,0,6,0,0,0,0,0,0,0,0,0,0,0,0,0,0,0,8,0,22,3,0,0,0,0,0,0,0,0,0,0,39,0,0,0,0,0,0,27,0,0,0,0,0,0,0,0,0,0,0,27,0,0,none
0,4,0,0,0,0,0,4,0,0,0,0,8,33,34,0,0,0,0,0,0,0,0,0,7,53,65,0,0,0,0,0,98,0,0,0,0,0,0,0,0,0,0,11,26,0,0,0,0,0,0,0,0,0,0,0,0,0,0,0,0,0,20,0,0,0,0,0,0,0,0,0,0,0,46,4,0,0,0,0,4,30,0,0,0,0,0,0,0,0,0,0,0,24,0,0,none
0,0,0,0,0,0,0,12,15,0,0,0,20,42,39,0,0,0,0,0,13,0,0,0,6,57,72,0,0,0,0,0,124,0,0,0,0,0,0,0,0,0,0,0,16,0,0,0,0,0,0,0,0,0,0,0,0,0,0,0,7,0,27,6,0,0,0,0,4,3,0,0,0,0,45,0,0,0,0,0,0,25,0,0,0,0,0,0,0,0,0,0,0,22,0,0,none
0,0,0,0,0,0,0,28,25,0,0,0,29,37,37,0,0,0,0,0,11,0,0,0,0,46,61,0,0,0,0,0,123,0,0,0,0,0,0,0,0,0,0,0,25,0,0,0,0,0,0,0,0,0,0,0,0,0,0,0,0,0,22,3,0,0,0,0,0,0,0,0,0,0,48,6,0,0,0,0,4,29,0,0,0,0,0,0,0,0,0,0,0,26,0,0,none
0,0,0,0,0,0,0,19,18,0,0,0,25,48,45,0,0,0,0,0,21,0,0,0,0,53,60,0,0,0,0,0,117,0,0,0,0,0,0,0,0,0,0,0,21,0,0,0,0,0,4,0,0,0,0,0,0,3,0,0,4,0,24,0,0,0,0,0,0,0,0,0,0,0,44,4,0,0,0,0,3,27,0,0,0,0,0,0,0,0,0,0,0,25,0,0,none
0,0,0,0,0,0,0,10,20,0,0,0,8,39,33,0,0,0,0,0,6,0,0,0,0,62,73,0,0,0,0,0,129,0,0,0,0,13,0,4,0,0,0,11,31,0,0,0,0,0,0,0,0,0,0,0,0,0,0,0,0,0,24,5,0,0,0,0,0,3,0,0,0,0,48,8,0,0,0,0,6,30,0,0,0,0,0,0,0,0,0,0,0,20,0,0,none
0,0,0,0,0,0,0,3,11,0,0,0,7,43,39,0,0,0,0,0,14,0,0,0,0,61,75,0,0,0,0,0,131,0,0,0,0,10,0,0,0,0,0,5,28,0,0,0,0,0,0,0,0,0,0,0,0,0,0,0,3,0,24,5,0,0,0,0,0,0,0,0,0,0,49,9,0,0,0,0,6,31,0,0,0,0,0,0,0,0,0,0,0,20,0,0,none
0,0,0,0,0,0,0,0,0,0,0,0,21,23,30,0,0,0,0,0,18,0,0,0,0,22,44,0,0,0,0,0,135,0,0,0,0,0,0,0,0,0,0,9,36,0,0,0,0,0,5,0,0,0,0,0,0,0,0,0,4,0,22,0,0,0,0,0,0,0,0,0,0,0,45,5,0,0,0,0,4,27,0,0,0,0,0,0,0,0,0,0,0,27,0,0,none
0,0,0,0,0,0,0,0,0,0,0,0,7,8,14,0,0,0,0,0,0,0,0,0,0,28,52,0,0,0,0,0,149,0,0,0,0,0,0,5,0,0,0,17,45,0,0,0,0,0,0,0,0,0,0,0,0,0,0,0,0,0,27,7,0,0,0,0,0,0,0,0,0,0,54,11,0,0,0,0,7,31,0,0,0,0,0,0,0,0,0,0,0,20,0,0,none
0,0,0,0,0,0,0,0,0,0,0,0,5,12,19,0,0,0,0,0,9,0,0,0,0,31,56,0,0,0,0,0,147,0,0,0,0,0,0,7,0,0,0,14,39,0,0,0,0,0,17,0,0,0,0,0,0,0,0,0,3,0,33,12,0,0,0,0,0,0,0,0,0,0,59,15,0,0,0,0,4,25,0,0,0,0,0,0,0,0,0,0,0,16,0,0,none
0,0,0,0,0,0,0,3,21,0,0,0,13,21,28,0,0,0,0,0,15,0,0,0,0,40,60,0,0,0,0,0,141,0,0,0,0,0,0,0,0,0,0,0,30,0,0,0,0,0,29,7,0,0,0,0,0,0,0,0,0,0,34,12,0,0,0,0,0,0,0,0,0,0,55,10,0,0,0,0,0,21,0,0,0,0,0,0,0,0,0,0,0,20,0,0,none
0,0,0,0,0,0,0,0,0,0,0,0,14,32,36,0,0,0,0,0,9,0,0,0,6,47,59,0,0,0,0,0,84,0,0,0,0,0,0,0,0,0,0,0,23,0,0,0,0,0,33,13,0,0,0,0,0,0,0,0,0,0,34,11,0,0,0,0,0,0,0,0,0,0,59,13,0,0,0,0,0,19,0,0,0,0,0,0,0,0,0,0,0,17,0,0,none
0,0,0,0,0,0,0,0,0,0,0,0,0,0,0,0,0,0,0,0,0,0,0,0,0,0,0,0,0,0,0,0,0,0,0,0,0,0,0,0,0,0,0,0,0,0,0,0,0,0,17,13,0,0,0,0,0,10,0,0,12,0,28,13,0,0,0,0,6,11,0,0,0,0,54,14,0,0,0,0,26,72,0,0,0,0,0,6,0,0,0,0,32,86,0,76,none
0,0,36,0,0,0,0,0,5,0,0,0,15,0,44,0,0,0,0,0,6,13,0,0,0,0,12,0,0,0,0,0,14,0,0,0,0,0,0,0,0,0,0,0,0,0,0,0,0,0,117,80,0,0,0,0,0,0,0,0,6,0,52,28,0,0,0,0,0,0,0,0,0,0,71,28,0,0,0,0,7,24,0,0,0,0,0,0,0,0,0,0,0,23,0,0,none
0,0,42,0,0,0,0,0,6,0,0,0,26,0,51,14,0,0,0,0,29,38,0,0,10,0,16,0,0,0,0,0,22,4,0,0,0,0,0,0,0,0,0,0,25,0,0,0,0,0,0,0,0,0,0,0,0,8,0,0,9,0,21,4,0,0,0,0,10,14,0,0,0,0,39,3,0,0,0,0,9,34,0,0,0,0,0,0,0,0,0,0,0,15,0,0,none
6,0,17,0,0,0,0,0,0,0,0,0,23,0,18,0,0,0,0,0,14,26,0,0,0,0,0,0,0,0,0,0,39,22,0,0,0,0,0,0,0,0,0,0,37,0,0,0,0,0,0,0,0,0,0,0,0,16,0,0,10,0,13,0,0,0,0,0,7,8,0,0,0,0,24,0,0,0,0,0,7,37,0,0,0,0,0,0,0,0,0,0,0,25,0,0,none
0,0,16,0,0,0,0,0,8,0,0,0,28,0,31,0,0,0,0,0,23,37,0,0,3,0,17,0,0,0,0,0,41,25,0,0,0,0,0,0,0,0,0,0,33,0,0,0,0,0,0,0,0,0,0,0,0,8,0,0,9,0,10,0,0,0,0,0,10,12,0,0,0,0,26,0,0,0,0,0,13,41,0,0,0,0,0,0,0,0,0,0,0,26,0,0,none
0,0,45,0,0,0,0,0,15,0,0,0,23,0,31,0,0,0,0,0,9,21,0,0,0,0,17,0,0,0,0,0,34,16,0,0,0,0,0,0,0,0,0,0,31,0,0,0,0,0,0,0,0,0,0,0,0,14,0,0,14,0,24,6,0,0,0,0,9,10,0,0,0,0,34,0,0,0,0,0,3,30,0,0,0,0,0,0,0,0,0,0,0,24,0,0,none
0,0,42,0,0,0,0,0,6,0,0,0,25,0,45,9,0,0,0,0,19,28,0,0,0,0,36,0,0,0,0,0,41,22,0,0,0,0,0,0,0,0,0,0,22,0,0,0,0,0,20,9,0,0,0,0,0,0,0,0,11,0,30,9,0,0,0,0,4,3,0,0,0,0,51,8,0,0,0,0,5,28,0,0,0,0,0,0,0,0,0,0,0,15,0,0,none
0,24,60,5,0,0,0,0,22,4,0,0,29,0,54,15,0,0,0,0,7,16,0,0,0,0,26,0,0,0,0,0,28,8,0,0,0,0,0,0,0,0,0,0,25,0,0,0,0,0,38,22,0,0,0,0,0,8,0,0,15,0,36,14,0,0,0,0,0,0,0,0,0,0,52,6,0,0,0,0,0,19,0,0,0,0,0,0,0,0,0,0,0,12,0,0,none
0,12,49,0,0,0,0,0,5,0,0,0,23,0,52,15,0,0,0,0,19,27,0,0,0,0,38,0,0,0,0,0,38,17,0,0,0,0,0,0,0,0,0,0,19,0,0,0,0,0,44,24,0,0,0,0,0,0,0,0,8,0,33,11,0,0,0,0,0,0,0,0,0,0,57,11,0,0,0,0,0,19,0,0,0,0,0,0,0,0,0,0,0,12,0,0,none
0,30,60,0,0,0,0,0,18,0,0,0,33,0,59,21,0,0,0,0,19,24,0,0,0,0,24,0,0,0,0,0,23,0,0,0,0,0,0,0,0,0,0,0,25,0,0,0,0,0,52,30,0,0,0,0,0,4,0,0,11,0,41,21,0,0,0,0,4,3,0,0,0,0,58,11,0,0,0,0,0,10,0,0,0,0,0,0,0,0,0,0,0,8,0,0,none
0,20,51,0,0,0,0,0,0,0,0,0,25,0,52,16,0,0,0,0,16,22,0,0,0,0,33,0,0,0,0,0,34,15,0,0,0,0,0,0,0,0,0,0,29,0,0,0,0,0,58,32,0,0,0,0,0,0,0,0,4,0,34,13,0,0,0,0,0,0,0,0,0,0,59,13,0,0,0,0,0,12,0,0,0,0,0,0,0,0,0,0,0,11,0,0,none
0,26,60,0,0,0,0,0,13,0,0,0,32,0,60,23,0,0,0,0,26,29,0,0,0,0,31,0,0,0,0,0,22,0,0,0,0,0,0,0,0,0,0,0,26,0,0,0,0,0,38,19,0,0,0,0,0,0,0,0,7,0,34,14,0,0,0,0,6,8,0,0,0,0,55,11,0,0,0,0,0,18,0,0,0,0,0,0,0,0,0,0,0,10,0,0,none
0,24,58,0,0,0,0,0,21,0,0,0,36,0,57,20,0,0,0,0,23,29,0,0,0,0,16,0,0,0,0,0,23,3,0,0,0,0,0,0,0,0,0,0,22,0,0,0,0,0,16,0,0,0,0,0,0,3,0,0,8,0,30,9,0,0,0,0,8,11,0,0,0,0,48,5,0,0,0,0,3,25,0,0,0,0,0,0,0,0,0,0,0,24,0,0,none
6,7,47,3,0,0,0,7,34,0,0,0,34,0,51,14,0,0,0,0,25,33,0,0,0,0,4,0,0,0,0,0,22,0,0,0,0,0,0,0,0,0,0,0,18,0,0,0,0,0,0,0,0,0,0,0,0,0,0,0,7,0,21,5,0,0,0,0,6,8,0,0,0,0,37,0,0,0,0,0,3,30,0,0,0,0,0,0,0,0,0,0,5,37,0,0,none
12,0,24,0,0,0,0,6,30,0,0,0,35,0,35,0,0,0,0,0,26,37,0,0,0,0,0,0,0,0,0,0,29,10,0,0,0,0,0,0,0,0,0,0,31,0,0,0,0,0,0,0,0,0,0,0,0,4,0,0,0,0,0,0,0,0,0,0,9,12,0,0,0,0,5,0,0,0,0,0,10,42,0,0,0,0,0,0,0,0,0,0,4,40,0,19,none
3,0,8,0,0,0,0,0,10,0,0,0,26,0,26,0,0,0,0,0,27,41,0,0,0,0,0,0,0,0,0,0,45,26,0,0,0,0,0,0,0,0,0,0,33,0,0,0,0,0,0,0,0,0,0,0,0,0,0,0,0,0,0,0,0,0,0,0,10,14,0,0,0,0,3,0,0,0,0,0,14,47,0,0,0,0,0,0,0,0,0,0,6,39,0,21,none
3,0,33,0,0,0,0,0,10,0,0,0,17,0,33,0,0,0,0,0,25,40,0,0,0,0,7,0,0,0,0,0,40,23,0,0,0,0,0,0,0,0,0,0,42,0,0,0,0,0,14,7,0,0,0,0,0,4,0,0,3,0,20,0,0,0,0,0,0,3,0,0,0,0,42,3,0,0,0,0,6,30,0,0,0,0,0,0,0,0,0,0,0,28,0,0,none
0,4,46,0,0,0,0,0,17,0,0,0,24,0,49,14,0,0,0,0,30,41,0,0,0,0,19,0,0,0,0,0,31,11,0,0,0,0,0,0,0,0,0,0,30,0,0,0,0,0,34,17,0,0,0,0,0,5,0,0,9,0,36,13,0,0,0,0,4,6,0,0,0,0,56,10,0,0,0,0,0,18,0,0,0,0,0,0,0,0,0,0,0,15,0,0,none
0,41,62,6,0,0,0,0,9,0,0,0,28,0,52,15,0,0,0,0,17,19,0,0,0,0,39,0,0,0,0,0,28,6,0,0,0,0,0,0,0,0,0,0,17,0,0,0,0,0,48,24,0,0,0,0,0,0,0,0,7,0,38,17,0,0,0,0,0,0,0,0,0,0,62,14,0,0,0,0,0,14,0,0,0,0,0,0,0,0,0,0,0,6,0,0,none
0,68,79,7,0,0,0,0,0,0,0,0,20,0,58,20,0,0,0,0,11,8,0,0,0,0,36,0,0,0,0,0,24,0,0,0,0,0,0,0,0,0,0,0,21,0,0,0,0,0,50,22,0,0,0,0,0,0,0,0,3,0,35,11,0,0,0,0,0,0,0,0,0,0,59,12,0,0,0,0,0,14,0,0,0,0,0,0,0,0,0,0,0,13,0,0,none
0,0,33,0,0,0,0,0,0,0,0,0,18,0,43,8,0,0,0,0,14,16,0,0,0,0,9,0,0,0,0,0,29,7,0,0,0,0,0,0,0,0,0,0,35,0,0,0,0,0,41,17,0,0,0,0,0,0,0,0,5,0,37,16,0,0,0,0,0,0,0,0,0,0,58,11,0,0,0,0,0,15,0,0,0,0,0,0,0,0,0,0,0,8,0,0,none
0,0,37,0,0,0,0,0,0,0,0,0,31,0,50,16,0,0,0,0,21,24,0,0,0,0,0,0,0,0,0,0,21,0,0,0,0,0,0,0,0,0,0,0,33,0,0,0,0,0,43,21,0,0,0,0,0,0,0,0,8,0,40,22,0,0,0,0,0,0,0,0,0,0,54,7,0,0,0,0,0,8,0,0,0,0,0,0,0,0,0,0,0,8,0,0,none
0,0,39,0,0,0,0,0,0,0,0,0,18,0,30,0,0,0,0,0,9,12,0,0,0,0,4,0,0,0,0,0,32,9,0,0,0,0,0,0,0,0,0,0,42,0,0,0,0,0,42,17,0,0,0,0,0,0,0,0,4,0,36,17,0,0,0,0,0,0,0,0,0,0,57,12,0,0,0,0,0,12,0,0,0,0,0,0,0,0,0,0,0,8,0,0,none
0,0,34,0,0,0,0,0,0,0,0,0,25,0,38,8,0,0,0,0,22,26,0,0,0,0,8,0,0,0,0,0,28,7,0,0,0,0,0,0,0,0,0,0,34,0,0,0,0,0,45,20,0,0,0,0,0,0,0,0,10,0,41,23,0,0,0,0,3,0,0,0,0,0,54,8,0,0,0,0,0,8,0,0,0,0,0,0,0,0,0,0,0,5,0,0,none
0,0,42,0,0,0,0,0,8,0,0,0,26,0,31,0,0,0,0,0,8,10,0,0,0,0,0,0,0,0,0,0,31,10,0,0,0,0,0,0,0,0,0,0,35,0,0,0,0,0,36,14,0,0,0,0,0,0,0,0,4,0,32,13,0,0,0,0,0,0,0,0,0,0,52,7,0,0,0,0,0,16,0,0,0,0,0,0,0,0,0,0,0,12,0,0,none
0,0,26,0,0,0,0,0,0,0,0,0,26,0,38,5,0,0,0,0,18,23,0,0,0,0,10,0,0,0,0,0,37,16,0,0,0,0,0,0,0,0,0,0,32,0,0,0,0,0,28,11,0,0,0,0,0,0,0,0,8,0,35,18,0,0,0,0,6,6,0,0,0,0,53,8,0,0,0,0,0,15,0,0,0,0,0,0,0,0,0,0,0,10,0,0,none
0,0,36,0,0,0,0,0,10,0,0,0,30,0,43,9,0,0,0,0,17,20,0,0,0,0,0,0,0,0,0,0,26,5,0,0,0,0,0,0,0,0,0,0,38,0,0,0,0,0,30,16,0,0,0,0,0,4,0,0,7,0,29,11,0,0,0,0,0,0,0,0,0,0,51,6,0,0,0,0,0,19,0,0,0,0,0,0,0,0,0,0,0,13,0,0,none
0,0,34,0,0,0,0,0,4,0,0,0,32,0,45,14,0,0,0,0,25,28,0,0,0,0,0,0,0,0,0,0,25,3,0,0,0,0,0,0,0,0,0,0,36,0,0,0,0,0,27,13,0,0,0,0,0,5,0,0,10,0,34,16,0,0,0,0,0,0,0,0,0,0,49,3,0,0,0,0,0,19,0,0,0,0,0,0,0,0,0,0,0,13,0,0,none
0,0,30,0,0,0,0,0,3,0,0,0,29,0,43,13,0,0,0,0,25,30,0,0,0,0,0,0,0,0,0,0,25,3,0,0,0,0,0,0,0,0,0,0,33,0,0,0,0,0,29,16,0,0,0,0,0,6,0,0,9,0,33,15,0,0,0,0,0,0,0,0,0,0,49,3,0,0,0,0,0,19,0,0,0,0,0,0,0,0,0,0,0,14,0,0,none
0,14,55,0,0,0,0,0,3,0,0,0,17,0,38,5,0,0,0,0,8,11,0,0,0,0,9,0,0,0,0,0,30,8,0,0,0,0,0,0,0,0,0,0,35,0,0,0,0,0,37,17,0,0,0,0,0,0,0,0,7,0,37,18,0,0,0,0,0,0,0,0,0,0,56,10,0,0,0,0,0,15,0,0,0,0,0,0,0,0,0,0,0,7,0,0,none
4,0,39,0,0,0,0,0,6,0,0,0,17,0,29,0,0,0,0,0,11,17,0,0,0,0,0,0,0,0,0,0,33,12,0,0,0,0,0,0,0,0,0,0,40,0,0,0,0,0,8,0,0,0,0,0,0,0,0,0,8,0,28,8,0,0,0,0,5,5,0,0,0,0,48,5,0,0,0,0,5,26,0,0,0,0,0,0,0,0,0,0,0,14,0,0,none
0,0,28,0,0,0,0,0,5,0,0,0,29,0,43,9,0,0,0,0,28,35,0,0,0,0,0,0,0,0,0,0,26,5,0,0,0,0,0,0,0,0,0,0,35,0,0,0,0,0,22,12,0,0,0,0,0,5,0,0,11,0,30,7,0,0,0,0,0,0,0,0,0,0,49,5,0,0,0,0,0,22,0,0,0,0,0,0,0,0,0,0,0,13,0,0,none
0,0,38,0,0,0,0,0,0,0,0,0,16,0,33,0,0,0,0,0,19,26,0,0,0,0,3,0,0,0,0,0,35,12,0,0,0,0,0,0,0,0,0,0,41,0,0,0,0,0,30,15,0,0,0,0,0,0,0,0,7,0,36,17,0,0,0,0,6,7,0,0,0,0,58,12,0,0,0,0,4,25,0,0,0,0,0,0,0,0,0,0,0,10,0,0,none
0,0,0,0,0,0,0,0,0,0,0,0,0,0,0,0,0,0,0,0,0,0,0,0,0,0,0,0,0,0,0,0,0,0,0,0,0,0,0,0,0,0,0,0,0,0,0,0,0,0,0,0,0,0,0,0,0,0,0,0,0,0,0,0,0,0,0,0,0,0,0,0,0,0,0,0,0,0,0,0,0,0,0,0,0,0,0,0,0,0,0,0,0,0,0,0,none
0,0,0,0,0,0,0,0,0,0,0,0,0,0,0,0,0,0,0,0,0,0,0,0,0,0,0,0,0,0,0,0,0,0,0,0,0,0,0,0,0,0,0,0,0,0,0,0,0,0,0,0,0,0,0,0,0,0,0,0,0,0,0,0,0,0,0,0,0,0,0,0,0,0,0,0,0,0,0,0,0,0,0,0,0,0,0,0,0,0,0,0,0,0,0,0,none
0,0,0,0,0,0,0,0,0,0,0,0,0,0,0,0,0,0,0,0,0,0,0,0,0,0,0,0,0,0,0,0,0,0,0,0,0,0,0,0,0,0,0,0,0,0,0,0,0,0,0,0,0,0,0,0,0,0,0,0,0,0,0,0,0,0,0,0,0,0,0,0,0,0,0,0,0,0,0,0,0,0,0,0,0,0,0,0,0,0,0,0,0,0,0,0,none
0,0,51,0,0,0,0,15,67,10,0,0,0,0,86,38,0,0,0,0,0,24,0,0,0,0,118,56,0,0,0,0,0,8,0,0,0,0,40,0,0,0,0,0,0,0,0,0,0,0,0,0,0,0,0,0,41,0,0,0,0,0,0,14,0,0,0,0,21,0,0,0,0,0,57,0,0,0,0,0,13,0,0,0,0,0,53,3,0,0,0,0,3,0,0,0,none
0,0,21,0,0,0,0,18,63,8,0,0,0,0,56,16,0,0,0,0,14,39,0,0,0,0,78,29,0,0,0,0,9,16,0,0,0,0,25,0,0,0,0,0,0,0,0,0,0,0,0,0,0,0,0,5,56,0,0,0,0,0,0,0,0,0,0,0,25,8,0,0,0,0,32,0,0,0,0,0,13,0,0,0,0,0,36,0,0,0,0,0,4,0,0,0,none
0,0,9,0,0,0,0,17,65,15,0,0,0,0,62,19,0,0,0,0,16,42,0,0,0,0,87,38,0,0,0,0,17,24,0,0,0,0,26,0,0,0,0,0,0,0,0,0,0,0,0,0,0,0,0,7,52,0,0,0,0,0,0,9,0,0,0,0,22,6,0,0,0,0,45,0,0,0,0,0,11,0,0,0,0,0,46,0,0,0,0,0,0,0,0,0,none
0,0,45,0,0,0,0,31,72,22,0,0,0,0,72,28,0,0,0,0,0,23,0,0,0,0,96,40,0,0,0,0,6,14,0,0,0,0,40,0,0,0,0,0,0,0,0,0,0,0,0,0,0,0,0,3,50,0,0,0,0,0,0,19,0,0,0,0,25,11,0,0,0,0,54,0,0,0,0,0,12,0,0,0,0,0,43,0,0,0,0,0,0,0,0,0,none
0,0,48,0,0,0,0,27,71,18,0,0,0,0,67,23,0,0,0,0,0,23,0,0,0,0,100,44,0,0,0,0,7,16,0,0,0,0,44,0,0,0,0,0,0,0,0,0,0,0,0,0,0,0,0,3,50,0,0,0,0,0,0,20,0,0,0,0,26,11,0,0,0,0,52,0,0,0,0,0,10,0,0,0,0,0,45,0,0,0,0,0,0,0,0,0,none
0,0,33,0,0,0,0,14,65,11,0,0,0,0,75,30,0,0,0,0,9,30,0,0,0,0,110,51,0,0,0,0,12,19,0,0,0,0,45,0,0,0,0,0,0,0,0,0,0,0,0,0,0,0,0,7,54,0,0,0,0,0,0,16,0,0,0,0,20,4,0,0,0,0,53,0,0,0,0,0,9,0,0,0,0,0,49,0,0,0,0,0,0,0,0,0,none
0,0,42,0,0,0,0,18,57,9,0,0,0,0,76,30,0,0,0,0,12,29,0,0,0,0,113,53,0,0,0,0,10,13,0,0,0,0,44,0,0,0,0,0,0,0,0,0,0,0,0,0,0,0,0,5,49,0,0,0,0,0,6,29,0,0,0,0,11,0,0,0,0,0,72,4,0,0,0,0,4,0,0,0,0,0,58,6,0,0,0,0,0,0,0,0,none
0,0,73,0,0,0,0,15,26,0,0,0,0,0,101,43,0,0,0,0,0,3,0,0,0,0,128,52,0,0,0,0,0,0,0,0,0,0,58,0,0,0,0,0,0,0,0,0,0,0,0,0,0,0,0,0,36,0,0,0,0,0,24,47,0,0,0,0,9,0,0,0,0,0,98,21,0,0,0,0,5,0,0,0,0,0,70,11,0,0,0,0,0,0,0,0,backward
0,0,63,0,0,0,0,0,7,0,0,0,0,0,94,39,0,0,0,0,0,0,0,0,0,0,143,64,0,0,0,0,0,0,0,0,0,0,62,0,0,0,0,0,0,0,0,0,0,0,0,0,0,0,0,0,38,0,0,0,0,0,19,44,0,0,0,0,6,0,0,0,0,0,94,17,0,0,0,0,4,0,0,0,0,0,75,17,0,0,0,0,0,0,0,0,backward
0,0,70,0,0,0,0,0,8,0,0,0,0,0,97,41,0,0,0,0,0,0,0,0,0,0,152,69,0,0,0,0,0,0,0,0,0,0,62,0,0,0,0,0,0,0,0,0,0,0,0,0,0,0,0,0,32,0,0,0,0,0,20,43,0,0,0,0,7,0,0,0,0,0,98,19,0,0,0,0,3,0,0,0,0,0,76,16,0,0,0,0,0,0,0,0,backward
0,0,101,20,0,0,0,15,26,0,0,0,0,0,98,40,0,0,0,0,0,0,0,0,0,0,162,74,0,0,0,0,0,0,0,0,0,0,71,0,0,0,0,0,0,0,0,0,0,0,0,0,0,0,0,0,36,0,0,0,0,0,23,43,0,0,0,0,0,0,0,0,0,0,100,18,0,0,0,0,0,0,0,0,0,0,73,13,0,0,0,0,0,0,0,0,backward
0,0,87,5,0,0,0,6,18,0,0,0,0,0,107,49,0,0,0,0,0,0,0,0,0,0,168,81,0,0,0,0,0,0,0,0,0,0,68,0,0,0,0,0,0,0,0,0,0,0,0,0,0,0,0,0,26,0,0,0,0,0,22,44,0,0,0,0,6,0,0,0,0,0,105,23,0,0,0,0,3,0,0,0,0,0,73,13,0,0,0,0,0,0,0,0,backward
0,0,85,5,0,0,0,7,20,0,0,0,0,0,106,51,0,0,0,0,0,6,0,0,0,0,159,73,0,0,0,0,0,0,0,0,0,0,65,0,0,0,0,0,0,0,0,0,0,0,0,0,0,0,0,0,29,0,0,0,0,0,24,47,0,0,0,0,8,0,0,0,0,0,103,22,0,0,0,0,0,0,0,0,0,0,71,11,0,0,0,0,0,0,0,0,backward
0,0,13,0,0,0,0,19,63,11,0,0,0,0,49,12,4,0,0,0,24,48,0,0,0,0,65,18,0,0,0,0,14,19,0,0,0,0,3,0,0,0,0,0,0,0,0,0,0,0,0,0,0,0,0,0,44,0,0,0,0,0,0,0,0,0,0,0,27,11,0,0,0,0,32,0,0,0,0,0,16,0,0,0,0,0,41,0,0,0,0,0,5,0,0,0,none
0,0,20,0,0,0,0,29,75,23,0,0,7,0,55,18,9,0,0,0,26,49,0,0,0,0,57,13,0,0,0,0,6,11,0,0,0,0,0,0,0,0,0,0,0,0,0,0,0,0,0,0,0,0,0,0,48,0,0,0,0,0,0,0,0,0,0,0,30,15,0,0,0,0,35,0,0,0,0,0,15,0,0,0,0,0,37,0,0,0,0,0,0,0,0,0,none
0,0,18,0,0,0,0,30,76,26,0,0,9,0,56,18,8,0,0,0,26,50,0,0,0,0,58,12,0,0,0,0,8,14,0,0,0,0,0,0,0,0,0,0,0,0,0,0,0,0,0,0,0,0,0,0,49,0,0,0,0,0,0,3,0,0,0,0,31,16,0,0,0,0,35,0,0,0,0,0,11,0,0,0,0,0,37,0,0,0,0,0,0,0,0,0,none
0,0,6,0,0,0,0,18,61,13,0,0,0,0,49,11,0,0,0,0,25,50,0,0,0,0,65,19,0,0,0,0,18,24,0,0,0,0,0,0,0,0,0,0,0,0,0,0,0,0,0,0,0,0,0,3,51,0,0,0,0,0,0,0,0,0,0,0,25,11,0,0,0,0,31,0,0,0,0,0,15,0,0,0,0,0,36,0,0,0,0,0,4,0,0,0,none
0,0,28,0,0,0,0,17,60,12,0,0,0,0,54,12,0,0,0,0,18,42,0,0,0,0,92,38,0,0,0,0,17,22,0,0,0,0,22,0,0,0,0,0,0,0,0,0,0,0,0,0,0,0,0,7,54,0,0,0,0,0,0,26,0,0,0,0,25,7,0,0,0,0,46,0,0,0,0,0,8,0,0,0,0,0,50,0,0,0,0,0,0,0,0,0,none
0,0,0,0,0,0,0,64,118,71,0,0,0,0,0,0,0,0,0,0,52,110,129,0,0,0,0,0,0,0,0,0,10,39,0,0,0,0,0,0,0,0,0,0,0,0,0,0,0,0,0,0,0,0,0,0,65,6,0,0,0,0,0,0,0,0,0,0,66,114,0,0,0,0,0,0,0,0,0,0,59,28,0,0,0,0,0,0,0,0,0,0,30,3,0,0,forward
0,0,0,0,0,0,0,30,137,35,0,0,0,0,6,0,0,0,0,0,61,39,0,0,0,0,35,0,0,0,0,54,94,23,0,0,0,0,0,0,0,0,0,0,27,0,0,0,0,0,0,0,0,0,0,0,51,0,0,0,0,0,0,0,0,0,0,14,89,189,0,0,0,0,0,0,0,0,0,0,66,25,0,0,0,0,0,0,0,0,0,0,22,0,0,0,forward
0,0,0,0,0,0,0,34,142,49,0,0,0,0,4,0,0,0,0,0,69,47,0,0,0,0,15,0,0,0,0,44,92,24,0,0,0,0,0,0,0,0,0,0,26,0,0,0,0,0,0,0,0,0,0,0,47,0,0,0,0,0,0,0,0,0,0,10,85,190,0,0,0,0,0,0,0,0,0,0,68,28,0,0,0,0,0,0,0,0,0,0,24,0,0,0,forward
0,0,0,0,0,0,0,25,151,43,0,0,0,0,0,0,0,0,0,0,80,59,0,0,0,0,0,0,0,0,0,30,94,34,0,0,0,0,0,0,0,0,0,0,33,0,0,0,0,0,0,0,0,0,0,0,49,3,0,0,0,0,0,0,0,0,0,9,90,196,0,0,0,0,0,0,0,0,0,0,63,24,0,0,0,0,0,0,0,0,0,0,22,3,0,0,forward
0,0,0,0,0,0,0,28,140,33,0,0,0,0,0,0,0,0,0,0,79,57,0,0,0,0,0,0,0,0,0,45,102,35,0,0,0,0,0,0,0,0,0,0,39,0,0,0,0,0,0,0,0,0,0,0,50,3,0,0,0,0,0,0,0,0,0,6,95,212,0,0,0,0,0,0,0,0,0,0,69,26,0,0,0,0,0,0,0,0,0,0,24,6,0,0,forward
0,0,0,0,0,0,0,31,111,27,0,0,0,0,58,5,0,0,0,0,33,21,0,0,0,0,107,20,0,0,0,46,78,14,0,0,0,0,20,0,0,0,0,0,7,0,0,0,0,0,0,0,0,0,0,0,51,0,0,0,0,0,0,0,0,0,0,4,63,127,0,0,0,0,18,60,0,0,0,0,54,11,0,0,0,0,40,0,0,0,0,0,9,0,0,0,none
0,0,0,0,0,0,0,21,103,16,0,0,0,0,59,6,0,0,0,0,38,26,0,0,0,0,113,25,0,0,0,49,79,15,0,0,0,0,17,0,0,0,0,0,5,0,0,0,0,0,0,0,0,0,0,0,57,0,0,0,0,0,0,0,0,0,0,4,63,127,0,0,0,0,14,57,0,0,0,0,51,9,0,0,0,0,40,0,0,0,0,0,11,0,0,0,none
0,0,0,6,49,21,10,34,177,37,0,0,0,5,108,41,0,0,0,0,36,12,0,0,0,0,93,5,0,0,0,16,53,0,0,0,0,0,6,0,0,0,0,0,0,0,0,0,0,0,0,0,0,0,0,0,16,0,0,0,0,0,0,0,0,0,0,0,51,113,0,0,0,0,0,24,0,0,0,0,52,19,0,0,0,0,36,0,0,0,0,0,32,18,0,0,strafe_left
0,0,6,18,60,30,19,39,169,35,0,0,0,0,107,38,0,0,0,0,32,9,0,0,0,0,97,7,0,0,0,15,47,0,0,0,0,0,4,0,0,0,0,0,0,0,0,0,0,0,0,0,0,0,0,0,15,0,0,0,0,0,0,0,0,0,0,0,50,112,0,0,0,0,0,26,0,0,0,0,55,22,0,0,0,0,39,0,0,0,0,0,31,17,0,0,strafe_left
0,0,9,21,58,28,20,46,169,41,0,0,0,20,125,52,6,0,0,4,31,15,0,0,0,0,102,5,0,0,0,6,40,0,0,0,0,0,0,0,0,0,0,0,0,0,0,0,0,0,0,0,0,0,0,0,21,0,0,0,0,0,0,0,0,0,0,0,45,106,0,0,0,0,0,26,0,0,0,0,49,18,0,0,0,0,44,0,0,0,0,0,32,17,0,0,strafe_left
0,8,33,36,62,30,21,43,145,32,0,0,0,22,124,40,0,0,0,0,9,0,0,0,0,0,127,15,0,0,0,15,49,0,0,0,0,0,0,0,0,0,0,0,0,0,0,0,0,0,0,0,0,0,0,0,13,0,0,0,0,0,0,0,0,0,0,0,48,107,0,0,0,0,0,31,0,0,0,0,52,19,0,0,0,0,47,0,0,0,0,0,32,12,0,0,strafe_left
0,20,36,36,60,26,18,39,139,23,0,0,0,32,143,51,0,0,0,0,7,0,0,0,0,0,134,16,0,0,0,14,48,0,0,0,0,0,0,0,0,0,0,0,0,0,0,0,0,0,0,0,0,0,0,0,14,0,0,0,0,0,0,0,0,0,0,0,47,102,0,0,0,0,7,39,0,0,0,0,52,19,0,0,0,0,45,0,0,0,0,0,27,8,0,0,strafe_left
0,15,30,26,48,18,11,35,135,22,0,0,0,52,163,67,8,0,0,0,19,14,0,0,0,0,148,22,0,0,0,10,39,0,0,0,0,0,0,0,0,0,0,0,0,0,0,0,0,0,0,0,0,0,0,0,19,0,0,0,0,0,0,0,0,0,0,0,46,98,0,0,0,0,8,37,0,0,0,0,44,10,0,0,0,0,53,0,0,0,0,0,28,9,0,0,strafe_left
0,27,44,38,61,25,18,40,141,16,0,0,0,38,150,54,0,0,0,0,6,0,0,0,0,0,141,18,0,0,0,8,44,0,0,0,0,0,11,0,0,0,0,0,0,0,0,0,0,0,0,0,0,0,0,0,9,0,0,0,0,0,0,0,0,0,0,0,37,73,0,0,0,0,25,57,0,0,0,0,43,10,0,0,0,0,71,0,0,0,0,0,26,4,0,0,strafe_left
0,0,0,10,59,39,28,56,202,57,0,0,4,6,91,33,6,0,0,7,38,14,0,0,0,0,68,0,0,0,0,6,42,0,0,0,0,0,0,0,0,0,0,0,0,0,0,0,0,0,0,0,0,0,0,0,27,0,0,0,0,0,0,0,0,0,0,0,23,24,0,0,0,0,8,0,0,0,0,0,11,7,0,0,0,0,48,45,0,0,0,0,19,19,0,0,strafe_left
0,0,0,5,53,28,13,36,185,39,0,0,0,0,91,30,0,0,0,4,31,7,0,0,0,0,68,0,0,0,0,9,48,0,0,0,0,0,0,0,0,0,0,0,0,0,0,0,0,0,0,0,0,0,0,0,19,0,0,0,0,0,0,0,0,0,0,0,18,19,0,0,0,0,16,0,0,0,0,0,14,8,0,0,0,0,51,57,0,0,0,0,27,25,0,0,strafe_left
0,0,0,6,62,42,28,48,198,48,0,0,0,0,99,32,0,0,0,0,26,7,0,0,0,0,79,0,0,0,0,9,43,0,0,0,0,0,0,0,0,0,0,0,0,0,0,0,0,0,0,0,0,0,0,0,16,0,0,0,0,0,0,0,0,0,0,0,19,23,0,0,0,0,14,0,0,0,0,0,18,12,0,0,0,0,45,44,0,0,0,0,19,17,0,0,strafe_left
0,0,26,36,84,56,41,63,190,54,0,0,0,19,115,39,0,0,0,0,10,0,0,0,0,0,88,0,0,0,0,0,35,0,0,0,0,0,0,0,0,0,0,0,0,0,0,0,0,0,0,0,0,0,0,0,22,0,0,0,0,0,0,0,0,0,0,0,17,19,0,0,0,0,17,0,0,0,0,0,8,0,0,0,0,0,57,58,0,0,0,0,22,19,0,0,strafe_left
0,0,0,9,61,34,18,39,177,32,0,0,0,15,113,43,0,0,0,0,23,5,0,0,0,0,92,6,0,0,0,11,48,0,0,0,0,0,0,0,0,0,0,0,0,0,0,0,0,0,0,0,0,0,0,0,16,0,0,0,0,0,0,0,0,0,0,0,19,21,0,0,0,0,15,0,0,0,0,0,14,8,0,0,0,0,50,52,0,0,0,0,22,20,0,0,strafe_left
0,0,0,0,32,17,15,46,217,45,0,0,0,0,22,0,0,0,0,0,43,16,0,0,0,0,31,0,0,0,0,37,68,0,0,0,0,0,0,0,0,0,0,0,0,0,0,0,0,0,0,0,0,0,0,0,18,0,0,0,0,0,0,0,0,0,0,0,23,27,0,0,0,0,0,0,0,0,0,0,23,18,0,0,0,0,19,9,0,0,0,0,19,20,0,0,strafe_left
0,0,17,30,69,45,36,57,187,53,0,0,0,0,80,25,0,0,0,0,6,0,0,0,0,0,79,0,0,0,0,4,42,0,0,0,0,0,0,0,0,0,0,0,0,0,0,0,0,0,0,0,0,0,0,0,23,0,0,0,0,0,0,0,0,0,0,0,22,27,0,0,0,0,0,0,0,0,0,0,20,12,0,0,0,0,27,18,0,0,0,0,27,27,0,0,strafe_left
0,0,6,11,45,18,8,26,143,22,0,0,0,18,108,44,0,0,0,0,10,0,0,0,0,0,110,5,0,0,0,6,42,0,0,0,0,0,3,0,0,0,0,0,0,0,0,0,0,0,0,0,0,0,0,0,21,0,0,0,0,0,0,0,0,0,0,0,17,18,0,0,0,0,4,0,0,0,0,0,16,11,0,0,0,0,42,50,0,0,0,0,28,27,0,0,strafe_left
0,0,17,24,61,35,25,47,173,45,0,0,0,30,119,52,11,0,0,0,14,0,0,0,0,0,104,0,0,0,0,0,31,0,0,0,0,0,0,0,0,0,0,0,0,0,0,0,0,0,0,0,0,0,0,0,18,0,0,0,0,0,0,0,0,0,0,0,17,21,0,0,0,0,27,0,0,0,0,0,10,5,0,0,0,0,61,78,0,0,0,0,21,21,0,0,strafe_left
0,0,0,14,56,29,16,36,166,24,0,0,0,23,112,43,0,0,0,0,8,0,0,0,0,0,104,7,0,0,0,10,45,0,0,0,0,0,0,0,0,0,0,0,0,0,0,0,0,0,0,0,0,0,0,0,25,0,0,0,0,0,0,0,0,0,0,0,14,18,0,0,0,0,40,5,0,0,0,0,11,5,0,0,0,0,68,48,0,0,0,0,26,17,0,0,strafe_left
0,33,42,45,65,35,29,49,159,31,0,0,0,32,131,50,0,0,0,0,0,0,0,0,0,0,141,24,0,0,0,8,44,0,0,0,0,0,4,0,0,0,0,0,0,0,0,0,0,0,0,0,0,0,0,0,35,0,0,0,0,0,0,0,0,0,0,0,22,22,0,0,0,0,38,0,0,0,0,0,6,0,0,0,0,0,59,36,0,0,0,0,19,7,0,0,strafe_left
0,0,3,9,30,5,0,29,148,17,0,0,0,34,134,54,5,0,0,0,14,5,0,0,0,0,139,31,0,0,0,20,54,0,0,0,0,0,10,0,0,0,0,0,0,0,0,0,0,0,0,0,0,0,0,0,35,0,0,0,0,0,0,0,0,0,0,0,18,17,0,0,0,0,45,10,0,0,0,0,13,4,0,0,0,0,62,38,0,0,0,0,21,5,0,0,strafe_left
0,0,0,0,30,25,27,58,211,62,0,0,5,0,20,0,0,0,0,0,32,9,0,0,0,0,46,0,0,0,0,31,59,0,0,0,0,0,0,0,0,0,0,0,0,0,0,0,0,0,0,0,0,0,0,0,36,0,0,0,0,0,0,0,0,0,0,0,29,28,0,0,0,0,13,0,0,0,0,0,10,0,0,0,0,0,38,14,0,0,0,0,19,8,0,0,strafe_left
0,0,0,0,24,17,16,49,208,54,0,0,7,0,42,9,0,0,0,8,43,19,0,0,0,0,59,0,0,0,0,26,58,0,0,0,0,0,0,0,0,0,0,0,0,0,0,0,0,0,0,0,0,0,0,0,33,0,0,0,0,0,0,0,0,0,0,0,25,27,0,0,0,0,14,0,0,0,0,0,16,7,0,0,0,0,39,12,0,0,0,0,25,15,0,0,strafe_left
0,0,0,5,53,37,34,61,208,63,0,0,7,0,77,29,0,0,0,0,23,0,0,0,0,0,65,0,0,0,0,11,47,0,0,0,0,0,0,0,0,0,0,0,0,0,0,0,0,0,0,0,0,0,0,0,33,0,0,0,0,0,0,0,0,0,0,0,28,30,0,0,0,0,27,0,0,0,0,0,11,0,0,0,0,0,43,18,0,0,0,0,22,13,0,0,strafe_left
0,0,0,0,40,20,14,37,171,39,0,0,0,0,88,34,0,0,0,0,22,7,0,0,0,0,102,11,0,0,0,19,52,0,0,0,0,0,0,0,0,0,0,0,0,0,0,0,0,0,0,0,0,0,0,0,36,0,0,0,0,0,0,0,0,0,0,0,19,21,0,0,0,0,30,0,0,0,0,0,15,5,0,0,0,0,50,28,0,0,0,0,23,14,0,0,strafe_left
0,0,7,17,53,29,21,43,152,40,0,0,3,29,114,51,9,0,0,0,15,6,0,0,0,0,115,5,0,0,0,0,34,0,0,0,0,0,4,0,0,0,0,0,0,0,0,0,0,0,0,0,0,0,0,0,32,0,0,0,0,0,0,0,0,0,0,0,22,22,0,0,0,0,44,12,0,0,0,0,16,6,0,0,0,0,60,32,0,0,0,0,18,3,0,0,strafe_left
0,11,13,12,36,9,0,21,101,3,0,0,0,41,129,51,0,0,0,0,5,0,0,0,0,0,153,18,0,0,0,10,45,0,0,0,0,0,5,0,0,0,0,0,0,0,0,0,0,0,0,0,0,0,0,0,35,0,0,0,0,0,0,0,0,0,0,0,16,17,0,0,0,0,40,7,0,0,0,0,13,4,0,0,0,0,68,40,0,0,0,0,23,6,0,0,strafe_left
0,15,21,26,56,31,19,41,137,25,0,0,0,41,132,64,15,0,0,0,16,6,0,0,0,0,143,11,0,0,0,0,34,0,0,0,0,0,4,0,0,0,0,0,0,0,0,0,0,0,0,0,0,0,0,0,29,0,0,0,0,0,0,0,0,0,0,0,19,18,0,0,0,0,46,14,0,0,0,0,17,7,0,0,0,0,70,44,0,0,0,0,18,0,0,0,strafe_left
0,17,14,17,52,27,13,35,100,6,0,0,0,43,136,57,5,0,0,0,0,0,0,0,0,0,144,13,0,0,0,5,33,0,0,0,0,0,0,0,0,0,0,0,0,0,0,0,0,0,0,0,0,0,0,0,28,0,0,0,0,0,0,0,0,0,0,0,8,12,0,0,0,0,56,15,0,0,0,0,10,0,0,0,0,0,89,62,0,0,0,0,23,5,0,0,strafe_left
0,11,16,27,64,35,19,42,136,16,0,0,0,37,127,52,0,0,0,0,0,0,0,0,0,0,126,9,0,0,0,4,32,0,0,0,0,0,0,0,0,0,0,0,0,0,0,0,0,0,0,0,0,0,0,0,23,0,0,0,0,0,0,0,0,0,0,0,14,16,0,0,0,0,61,19,0,0,0,0,12,4,0,0,0,0,89,68,0,0,0,0,28,16,0,0,strafe_left
0,0,0,11,58,33,16,40,164,22,0,0,0,3,84,30,0,0,0,0,0,0,0,0,0,0,74,0,0,0,0,0,34,0,0,0,0,0,0,0,0,0,0,0,0,0,0,0,0,0,0,0,0,0,0,0,28,0,0,0,0,0,0,0,0,0,0,0,17,24,0,0,0,0,35,7,0,0,0,0,16,4,0,0,0,0,67,52,0,0,0,0,32,29,0,0,strafe_left
0,0,0,9,69,56,47,73,225,57,0,0,9,0,52,15,0,0,0,0,11,0,0,0,0,0,44,0,0,0,0,0,25,0,0,0,0,0,0,0,0,0,0,0,0,0,0,0,0,0,0,0,0,0,0,0,24,0,0,0,0,0,0,0,0,0,0,0,24,29,0,0,0,0,14,0,0,0,0,0,22,14,0,0,0,0,33,18,0,0,0,0,27,21,0,0,strafe_left
0,0,0,5,63,55,50,75,239,67,0,0,17,0,32,0,0,0,0,0,16,0,0,0,0,0,36,0,0,0,0,0,38,0,0,0,0,0,0,0,0,0,0,0,0,0,0,0,0,0,0,0,0,0,0,0,24,0,0,0,0,0,0,0,0,0,0,0,27,34,0,0,0,0,5,0,0,0,0,0,19,11,0,0,0,0,30,13,0,0,0,0,31,26,0,0,strafe_left
0,0,0,0,54,35,25,50,209,39,0,0,6,0,58,14,0,0,0,0,15,0,0,0,0,0,62,0,0,0,0,11,45,0,0,0,0,0,0,0,0,0,0,0,0,0,0,0,0,0,0,0,0,0,0,0,29,0,0,0,0,0,0,0,0,0,0,0,19,26,0,0,0,0,17,0,0,0,0,0,15,9,0,0,0,0,43,28,0,0,0,0,32,27,0,0,strafe_left
0,32,35,45,73,35,16,33,102,0,0,0,0,46,136,54,0,0,0,0,0,0,0,0,0,0,139,0,0,0,0,0,5,0,0,0,0,0,0,0,0,0,0,0,0,0,0,0,0,0,0,0,0,0,0,0,30,0,0,0,0,0,0,0,0,0,0,0,15,25,0,0,0,0,23,0,0,0,0,0,13,8,0,0,0,0,49,40,0,0,0,0,31,27,0,0,strafe_left
0,0,6,33,89,59,40,61,190,31,0,0,0,14,108,49,9,0,0,4,8,0,0,0,0,0,70,0,0,0,0,0,8,0,0,0,0,0,0,0,0,0,0,0,0,0,0,0,0,0,0,0,0,0,0,0,21,0,0,0,0,0,0,0,0,0,0,0,21,31,0,0,0,0,19,0,0,0,0,0,17,14,0,0,0,0,44,34,0,0,0,0,30,27,0,0,strafe_left
0,0,0,21,81,56,43,65,201,30,0,0,0,0,55,14,0,0,0,0,6,0,0,0,0,0,50,0,0,0,0,3,30,0,0,0,0,0,0,0,0,0,0,0,0,0,0,0,0,0,0,0,0,0,0,0,26,0,0,0,0,0,0,0,0,0,0,0,24,31,0,0,0,0,4,0,0,0,0,0,13,8,0,0,0,0,34,16,0,0,0,0,29,27,0,0,strafe_left
0,0,0,6,60,49,42,68,221,47,0,0,7,0,48,14,0,0,0,5,26,4,0,0,0,0,46,0,0,0,0,4,30,0,0,0,0,0,0,0,0,0,0,0,0,0,0,0,0,0,0,0,0,0,0,0,19,0,0,0,0,0,0,0,0,0,0,0,23,36,0,0,0,0,0,0,0,0,0,0,20,15,0,0,0,0,27,7,0,0,0,0,32,28,0,0,strafe_left
0,0,0,0,59,51,42,70,224,52,0,0,9,0,46,13,0,0,0,7,29,4,0,0,0,0,48,0,0,0,0,0,31,0,0,0,0,0,0,0,0,0,0,0,0,0,0,0,0,0,0,0,0,0,0,0,20,0,0,0,0,0,0,0,0,0,0,0,27,37,0,0,0,0,0,0,0,0,0,0,20,14,0,0,0,0,30,11,0,0,0,0,31,28,0,0,strafe_left
0,0,0,13,66,56,46,70,229,49,0,0,0,0,37,0,0,0,0,0,13,0,0,0,0,0,45,0,0,0,0,8,39,0,0,0,0,0,0,0,0,0,0,0,0,0,0,0,0,0,0,0,0,0,0,0,27,0,0,0,0,0,0,0,0,0,0,0,28,38,0,0,0,0,0,0,0,0,0,0,12,8,0,0,0,0,30,10,0,0,0,0,31,29,0,0,strafe_left
0,0,13,32,74,53,35,53,161,31,0,0,0,22,116,53,11,0,0,4,8,0,0,0,0,0,86,0,0,0,0,0,7,0,0,0,0,0,0,0,0,0,0,0,0,0,0,0,0,0,0,0,0,0,0,0,23,0,0,0,0,0,0,0,0,0,0,0,23,32,0,0,0,0,17,0,0,0,0,0,20,12,0,0,0,0,45,27,0,0,0,0,28,26,0,0,strafe_left
0,48,53,46,64,26,7,24,105,0,0,0,0,78,172,70,0,0,0,0,0,0,0,0,0,0,163,10,0,0,0,0,6,0,0,0,0,0,0,0,0,0,0,0,0,0,0,0,0,0,0,0,0,0,0,0,30,0,0,0,0,0,0,0,0,0,0,0,17,24,0,0,0,0,26,0,0,0,0,0,16,10,0,0,0,0,44,27,0,0,0,0,31,28,0,0,strafe_left
0,76,81,67,87,54,33,47,120,11,0,0,0,99,197,81,0,0,0,0,0,0,0,0,0,0,153,0,0,0,0,0,0,0,0,0,0,0,0,0,0,0,0,0,0,0,0,0,0,0,0,0,0,0,0,0,27,0,0,0,0,0,0,0,0,0,0,0,21,27,0,0,0,0,31,0,0,0,0,0,16,9,0,0,0,0,43,29,0,0,0,0,25,22,0,0,strafe_left
0,78,82,68,86,54,33,48,128,10,0,0,0,97,194,81,0,0,0,0,0,0,0,0,0,0,150,0,0,0,0,0,0,0,0,0,0,0,0,0,0,0,0,0,0,0,0,0,0,0,0,0,0,0,0,0,27,0,0,0,0,0,0,0,0,0,0,0,19,25,0,0,0,0,33,0,0,0,0,0,14,7,0,0,0,0,50,34,0,0,0,0,25,19,0,0,strafe_left
0,82,77,59,71,38,20,34,72,0,0,0,0,111,205,88,0,0,0,0,0,0,0,0,0,0,151,0,0,0,0,0,0,0,0,0,0,0,0,0,0,0,0,0,0,0,0,0,0,0,0,0,0,0,0,0,23,0,0,0,0,0,0,0,0,0,0,0,18,24,0,0,0,0,34,0,0,0,0,0,18,10,0,0,0,0,54,40,0,0,0,0,24,19,0,0,strafe_left
0,14,31,46,82,55,34,52,148,6,0,0,0,29,127,62,8,0,0,0,0,0,0,0,0,0,88,0,0,0,0,0,0,0,0,0,0,0,0,0,0,0,0,0,0,0,0,0,0,0,0,0,0,0,0,0,23,0,0,0,0,0,0,0,0,0,0,0,22,32,0,0,0,0,16,0,0,0,0,0,19,12,0,0,0,0,39,24,0,0,0,0,24,25,0,0,strafe_left
0,0,15,40,81,55,35,53,161,9,0,0,0,15,113,52,4,0,0,0,0,0,0,0,0,0,82,0,0,0,0,0,0,0,0,0,0,0,0,0,0,0,0,0,0,0,0,0,0,0,0,0,0,0,0,0,22,0,0,0,0,0,0,0,0,0,0,0,23,32,0,0,0,0,12,0,0,0,0,0,18,12,0,0,0,0,41,23,0,0,0,0,33,30,0,0,strafe_left
0,0,13,37,85,64,44,60,182,20,0,0,0,0,70,22,0,0,0,0,0,0,0,0,0,0,57,0,0,0,0,0,3,0,0,0,0,0,0,0,0,0,0,0,0,0,0,0,0,0,0,0,0,0,0,0,27,0,0,0,0,0,0,0,0,0,0,0,25,33,0,0,0,0,14,0,0,0,0,0,12,5,0,0,0,0,44,25,0,0,0,0,30,30,0,0,strafe_left
0,0,0,5,54,45,32,58,214,39,0,0,0,0,66,23,0,0,0,0,17,0,0,0,0,0,65,0,0,0,0,5,38,0,0,0,0,0,0,0,0,0,0,0,0,0,0,0,0,0,0,0,0,0,0,0,31,0,0,0,0,0,0,0,0,0,0,0,20,28,0,0,0,0,33,0,0,0,0,0,15,8,0,0,0,0,53,37,0,0,0,0,30,23,0,0,strafe_left
0,0,0,0,0,0,0,0,0,0,0,0,0,0,25,0,0,0,0,0,0,0,0,0,0,36,197,41,0,0,0,6,62,7,0,0,16,0,56,16,0,0,0,0,67,0,0,0,0,0,0,19,14,25,27,59,148,8,0,0,0,0,0,9,0,0,27,0,18,0,0,0,0,0,37,0,0,0,0,0,0,0,0,0,0,0,6,0,0,0,0,0,0,0,0,0,strafe_right
0,0,0,0,0,0,0,0,0,0,0,0,0,0,25,0,0,0,0,0,0,0,0,0,0,42,199,39,0,0,0,0,58,7,0,0,25,0,56,17,0,0,0,0,71,0,0,0,0,0,0,22,20,28,30,61,146,6,0,0,0,0,0,10,0,0,19,0,11,0,0,0,0,0,45,0,0,0,0,0,0,0,0,0,0,0,6,0,0,0,0,0,0,0,0,0,strafe_right
0,0,0,0,0,0,0,0,0,0,0,0,0,0,20,0,0,0,0,0,0,0,0,0,0,37,190,33,0,0,0,0,59,7,0,0,19,0,54,17,0,0,0,0,71,0,0,0,0,0,0,27,18,26,30,59,142,5,0,0,0,0,0,12,0,0,20,0,8,0,0,0,0,0,47,0,0,0,0,0,0,0,0,0,0,0,5,0,0,0,0,0,0,0,0,0,strafe_right
0,0,0,0,0,0,0,0,0,0,0,0,0,0,16,0,0,0,0,0,0,0,0,0,0,14,150,16,0,0,0,0,52,0,0,0,4,0,47,19,0,0,0,0,86,0,0,0,0,0,0,29,18,27,35,63,149,9,0,0,0,0,0,11,0,0,21,0,8,0,0,0,0,0,45,0,0,0,0,0,0,0,0,0,0,0,0,0,0,0,0,0,0,0,0,0,strafe_right
0,0,0,0,0,0,0,0,0,0,0,0,0,0,0,0,0,0,0,0,0,0,0,0,0,0,111,5,0,0,0,4,63,9,0,0,0,0,43,16,0,0,0,0,98,0,0,0,0,0,0,16,13,25,33,64,158,8,0,0,0,0,0,3,0,0,20,0,12,0,0,0,0,0,29,0,0,0,0,0,0,0,0,0,0,0,0,0,0,0,0,0,0,0,0,0,strafe_right
0,0,0,0,0,0,0,0,0,0,0,0,0,0,0,0,0,0,0,0,0,0,0,0,0,0,104,0,0,0,0,7,69,11,0,0,0,0,41,14,0,0,0,0,101,0,0,0,0,0,0,10,6,22,34,66,168,14,0,0,0,0,0,0,0,0,23,0,17,0,0,0,0,0,25,0,0,0,0,0,0,0,0,0,0,0,0,0,0,0,0,0,0,0,0,0,strafe_right
0,0,0,0,0,0,0,0,0,0,0,0,0,0,11,0,0,0,0,0,0,4,0,0,0,0,115,14,0,0,0,18,76,17,0,0,0,0,36,7,0,0,0,0,91,0,0,0,0,0,0,0,0,15,24,61,176,20,0,0,0,0,0,0,0,0,27,0,23,0,0,0,0,0,23,0,0,0,0,0,0,0,0,0,0,0,0,0,0,0,0,0,0,0,0,0,strafe_right
0,0,0,0,0,0,0,0,7,0,0,0,0,0,32,0,0,0,0,0,0,0,0,0,0,33,217,47,0,0,0,22,66,9,0,0,30,0,61,19,0,0,0,0,42,0,0,0,0,0,0,13,0,5,0,46,97,0,0,0,0,0,0,14,0,0,29,0,27,0,0,0,0,0,59,9,0,0,0,0,5,0,0,0,0,0,37,0,0,0,0,0,0,0,0,0,strafe_right
0,0,0,0,0,0,0,0,16,0,0,0,0,0,22,0,0,0,0,0,0,0,0,0,0,29,209,42,0,0,0,15,66,8,0,0,28,3,64,23,0,0,0,0,52,0,0,0,0,0,0,23,8,16,9,57,117,15,0,0,0,0,0,17,0,0,32,0,23,0,0,0,0,0,60,8,0,0,0,0,0,0,0,0,0,0,32,0,0,0,0,0,0,0,0,0,strafe_right
0,0,0,0,0,0,0,0,10,0,0,0,0,0,31,0,0,0,0,0,0,0,0,0,0,42,214,50,0,0,0,20,71,13,0,0,28,0,54,14,0,0,0,0,47,0,0,0,0,0,0,16,0,9,4,54,119,12,0,0,0,0,0,20,0,0,39,0,28,0,0,0,0,0,61,9,0,0,0,0,3,0,0,0,0,0,28,0,0,0,0,0,0,0,0,0,strafe_right
0,0,0,0,0,0,0,0,0,0,0,0,0,0,28,0,0,0,0,0,0,0,0,0,0,34,206,43,0,0,0,20,71,14,0,0,34,8,65,25,0,0,0,0,61,0,0,0,0,0,0,15,0,10,5,52,120,10,0,0,0,0,0,18,0,0,38,0,27,0,0,0,0,0,56,7,0,0,0,0,4,0,0,0,0,0,28,0,0,0,0,0,0,0,0,0,strafe_right
0,0,0,0,0,0,0,0,13,0,0,0,0,0,30,0,0,0,0,0,0,0,0,0,0,23,197,30,0,0,0,3,55,0,0,0,37,7,65,27,0,0,0,0,72,0,0,0,0,0,0,22,8,17,14,58,126,12,0,0,0,0,0,23,0,0,43,0,29,0,0,0,0,0,57,0,0,0,0,0,0,0,0,0,0,0,24,0,0,0,0,0,0,0,0,0,strafe_right
0,0,0,0,0,0,0,0,0,0,0,0,0,0,18,0,0,0,0,0,0,0,0,0,0,29,204,39,0,0,0,11,65,8,0,0,42,15,73,35,0,0,0,0,76,0,0,0,0,0,0,23,7,12,11,55,125,8,0,0,0,0,0,17,0,0,37,0,25,0,0,0,0,0,59,4,0,0,0,0,0,0,0,0,0,0,23,0,0,0,0,0,0,0,0,0,strafe_right
0,0,0,0,0,0,0,0,5,0,0,0,0,0,29,0,0,0,0,0,0,5,0,0,0,32,201,37,0,0,0,4,54,0,0,0,31,0,57,21,0,0,0,0,72,0,0,0,0,0,0,23,7,18,18,59,130,13,0,0,0,0,0,22,0,0,38,0,27,0,0,0,0,0,55,0,0,0,0,0,0,0,0,0,0,0,17,0,0,0,0,0,0,0,0,0,strafe_right
0,0,0,0,0,0,0,0,7,0,0,0,0,0,19,0,0,0,0,0,0,0,0,0,0,31,195,36,0,0,0,9,63,6,0,0,24,0,63,28,0,0,0,0,78,0,0,0,0,0,0,26,8,20,19,57,127,12,0,0,0,0,0,15,0,0,29,0,17,0,0,0,0,0,56,0,0,0,0,0,0,0,0,0,0,0,20,0,0,0,0,0,0,0,0,0,strafe_right
0,0,0,0,0,0,0,0,0,0,0,0,0,0,22,0,0,0,0,0,0,0,0,0,0,39,199,40,0,0,0,13,65,8,0,0,25,3,60,22,0,0,0,0,69,0,0,0,0,0,0,23,9,20,19,57,129,10,0,0,0,0,0,19,0,0,35,0,24,0,0,0,0,0,55,0,0,0,0,0,0,0,0,0,0,0,13,0,0,0,0,0,0,0,0,0,strafe_right
0,0,0,0,0,0,0,0,13,0,0,0,0,0,18,0,0,0,0,0,0,0,0,0,0,5,165,24,0,0,0,12,64,3,0,0,14,0,57,26,0,0,0,0,79,0,0,0,0,0,0,29,15,25,24,65,139,17,0,0,0,0,0,13,0,0,35,0,20,0,0,0,0,0,48,0,0,0,0,0,0,0,0,0,0,0,14,0,0,0,0,0,0,0,0,0,strafe_right
0,0,0,0,0,0,0,0,9,0,0,0,0,0,29,0,0,0,0,0,0,0,0,0,0,39,217,52,0,0,0,27,71,11,0,0,46,4,71,28,0,0,0,0,58,0,0,0,0,0,0,33,0,3,0,40,82,0,0,0,0,0,9,32,0,0,31,0,18,0,0,0,0,0,88,34,0,0,0,0,9,0,0,0,0,0,66,0,0,0,0,0,0,0,0,0,strafe_right
0,0,0,0,0,0,0,0,14,0,0,0,0,0,24,0,0,0,0,0,0,7,0,0,0,21,179,38,0,0,0,22,68,9,0,0,8,0,45,13,0,0,0,0,69,0,0,0,0,0,0,23,8,21,11,56,125,17,0,0,0,0,0,24,0,0,45,0,25,0,0,0,0,0,68,12,0,0,0,0,0,0,0,0,0,0,44,0,0,0,0,0,0,0,0,0,strafe_right
0,0,0,0,0,0,0,0,13,0,0,0,0,0,19,0,0,0,0,0,0,0,0,0,0,27,190,37,0,0,0,15,66,9,0,0,29,0,60,24,0,0,0,0,84,0,0,0,0,0,0,24,5,13,0,48,116,8,0,0,0,0,4,24,0,0,42,0,25,0,0,0,0,0,78,24,0,0,0,0,7,0,0,0,0,0,48,0,0,0,0,0,0,0,0,0,strafe_right
0,0,0,0,0,0,0,0,8,0,0,0,0,0,24,0,0,0,0,0,0,0,0,0,0,36,197,44,0,0,0,17,67,13,0,0,36,0,53,18,0,0,0,0,71,0,0,0,0,0,0,27,11,20,10,54,125,15,0,0,0,0,4,26,0,0,45,0,23,0,0,0,0,0,71,15,0,0,0,0,0,0,0,0,0,0,43,0,0,0,0,0,0,0,0,0,strafe_right
0,0,0,0,0,0,0,0,0,0,0,0,0,0,20,0,0,0,0,0,0,0,0,0,0,22,178,34,0,0,0,18,71,13,0,0,34,0,59,28,0,0,0,0,77,0,0,0,0,0,0,24,7,20,11,52,125,11,0,0,0,0,0,25,0,0,47,0,28,0,0,0,0,0,70,16,0,0,0,0,0,0,0,0,0,0,36,0,0,0,0,0,0,0,0,0,strafe_right
0,0,0,0,0,0,0,0,11,0,0,0,0,0,22,0,0,0,0,0,0,0,0,0,0,8,161,19,0,0,0,3,58,0,0,0,23,0,51,22,0,0,0,0,85,0,0,0,0,0,0,23,7,19,11,51,122,7,0,0,0,0,0,22,0,0,42,0,24,0,0,0,0,0,62,10,0,0,0,0,0,0,0,0,0,0,31,0,0,0,0,0,0,0,0,0,strafe_right
0,0,0,0,0,0,0,0,0,0,0,0,0,0,6,0,0,0,0,0,0,0,0,0,0,0,125,16,0,0,0,13,69,11,0,0,10,0,49,28,0,0,0,0,104,0,0,0,0,0,0,14,6,18,15,61,136,16,0,0,0,0,0,18,0,0,47,0,32,0,0,0,0,0,53,3,0,0,0,0,4,0,0,0,0,0,18,0,0,0,0,0,0,0,0,0,strafe_right
0,0,0,0,0,0,0,0,12,0,0,0,0,0,24,0,0,0,0,0,0,0,0,0,0,16,175,25,0,0,0,3,58,4,0,0,36,5,62,27,0,0,0,0,86,0,0,0,0,0,0,24,10,20,9,51,118,7,0,0,0,0,0,22,0,0,37,0,20,0,0,0,0,0,76,19,0,0,0,0,0,0,0,0,0,0,38,0,0,0,0,0,0,0,0,0,strafe_right
0,0,0,0,0,0,0,0,0,0,0,0,0,0,32,0,0,0,0,0,0,0,0,0,0,28,191,25,0,0,0,0,47,0,0,0,47,10,67,29,0,0,0,0,79,0,0,0,0,0,0,27,11,20,7,47,110,3,0,0,0,0,3,24,0,0,32,0,18,0,0,0,0,0,80,22,0,0,0,0,0,0,0,0,0,0,45,0,0,0,0,0,0,0,0,0,strafe_right
0,0,0,0,0,0,0,0,0,0,0,0,0,0,22,0,0,0,0,0,0,0,0,0,0,38,209,31,0,0,0,0,56,4,0,0,60,21,76,33,0,0,0,0,83,0,0,0,0,0,0,38,17,25,13,54,119,8,0,0,0,0,0,29,0,0,37,0,23,0,0,0,0,0,75,18,0,0,0,0,0,0,0,0,0,0,39,0,0,0,0,0,0,0,0,0,strafe_right
0,0,0,0,0,0,0,0,4,0,0,0,0,0,40,0,0,0,0,0,0,5,0,0,0,45,221,46,0,0,0,8,56,0,0,0,28,0,51,12,0,0,0,0,65,0,0,0,0,0,0,27,3,11,0,45,94,0,0,0,0,0,0,21,0,0,30,0,23,0,0,0,0,0,78,19,0,0,0,0,12,0,0,0,0,0,56,0,0,0,0,0,0,0,0,0,strafe_right
0,0,0,0,0,0,0,13,35,0,0,0,0,70,140,13,0,0,0,0,0,0,0,0,0,105,318,76,0,0,0,3,45,0,0,0,98,13,93,0,0,0,0,0,0,0,0,0,0,0,0,0,0,0,0,4,44,0,0,0,0,0,33,36,0,0,0,0,15,0,0,0,0,15,118,45,0,0,0,0,11,0,0,0,0,0,115,25,0,0,0,0,0,0,0,0,backward
0,0,0,0,0,0,0,0,26,0,0,0,0,87,167,34,0,0,0,0,0,0,0,0,0,117,330,88,0,0,0,9,47,0,0,0,88,0,84,0,0,0,0,0,0,0,0,0,0,0,0,0,0,0,0,0,37,0,0,0,0,0,15,23,0,0,0,0,9,0,0,0,0,16,114,44,0,0,0,0,14,0,0,0,0,0,119,33,0,0,0,0,0,0,0,0,backward
0,0,0,0,0,0,0,14,29,0,0,0,0,46,115,26,0,0,0,0,0,0,0,0,0,79,266,64,0,0,0,0,39,0,0,0,4,0,76,0,0,0,0,0,0,0,0,0,0,0,0,54,0,0,0,9,35,0,0,0,0,12,103,41,0,0,0,0,0,0,0,0,0,0,151,78,0,0,0,0,25,0,0,0,0,0,74,0,0,0,0,0,0,0,0,0,backward
0,0,0,0,0,0,0,6,24,0,0,0,0,56,123,32,0,0,0,0,0,11,0,0,0,98,281,68,0,0,0,0,40,0,0,0,13,0,79,0,0,0,0,0,0,0,0,0,0,0,0,43,0,0,0,5,32,0,0,0,0,6,78,25,0,0,0,0,0,0,0,0,0,0,139,64,0,0,0,0,23,0,0,0,0,0,58,0,0,0,0,0,0,0,0,0,backward
0,0,0,0,0,0,0,4,26,0,0,0,0,0,43,0,0,0,0,0,6,8,0,0,0,7,175,50,0,0,0,36,65,0,0,0,0,0,44,0,0,0,0,0,8,0,0,0,0,0,0,17,0,0,0,29,60,0,0,0,0,0,6,0,0,0,0,0,6,0,0,0,0,0,71,15,0,0,0,0,30,0,0,0,0,0,7,0,0,0,0,0,0,0,0,0,backward
0,0,0,0,0,0,0,32,110,33,0,0,0,0,9,0,0,0,0,0,58,49,0,0,0,0,50,0,0,0,0,66,92,25,0,0,0,0,0,0,0,0,0,0,47,0,0,0,0,0,0,0,0,0,0,21,63,0,0,0,0,0,0,0,0,0,0,0,30,0,0,0,0,0,11,0,0,0,0,0,48,16,0,0,0,0,0,0,0,0,0,0,14,0,0,0,forward
0,0,0,0,0,0,0,39,114,40,0,0,0,0,0,0,0,0,0,0,48,38,0,0,0,0,42,0,0,0,0,65,93,26,0,0,0,0,0,0,0,0,0,0,57,0,0,0,0,0,0,0,0,0,0,28,72,6,0,0,0,0,0,0,0,0,0,0,36,6,0,0,0,0,8,0,0,0,0,0,45,14,0,0,0,0,0,0,0,0,0,0,13,0,0,0,forward
0,0,0,0,0,0,0,41,122,48,0,0,0,0,8,0,0,0,0,0,50,37,0,0,0,0,36,0,0,0,0,62,93,26,0,0,0,0,0,0,0,0,0,0,54,0,0,0,0,0,0,0,0,0,0,26,71,4,0,0,0,0,0,0,0,0,0,0,33,5,0,0,0,0,5,0,0,0,0,0,50,18,0,0,0,0,0,0,0,0,0,0,11,0,0,0,forward
0,0,0,0,0,0,0,18,94,26,0,0,0,0,0,0,0,0,0,0,64,57,0,0,0,0,26,0,0,0,0,68,105,40,0,0,0,0,0,0,0,0,0,0,53,0,0,0,0,0,0,0,0,0,0,31,77,8,0,0,0,0,0,0,0,0,0,0,32,5,0,0,0,0,0,0,0,0,0,0,49,22,0,0,0,0,0,0,0,0,0,0,13,0,0,0,forward
0,0,0,0,0,0,0,23,105,34,0,0,0,0,0,0,0,0,0,0,76,73,0,0,0,0,0,0,0,0,0,51,109,47,0,0,0,0,0,0,0,0,0,0,52,0,0,0,0,0,0,0,0,0,0,23,76,11,0,0,0,0,0,0,0,0,0,0,32,11,0,0,0,0,0,0,0,0,0,0,56,38,0,0,0,0,0,0,0,0,0,0,7,0,0,0,forward
0,0,0,0,0,0,0,26,104,32,0,0,0,0,0,0,0,0,0,0,74,69,0,0,0,0,0,0,0,0,0,55,105,41,0,0,0,0,0,0,0,0,0,0,60,0,0,0,0,0,0,0,0,0,0,27,80,13,0,0,0,0,0,0,0,0,0,0,33,8,0,0,0,0,0,0,0,0,0,0,61,39,0,0,0,0,0,0,0,0,0,0,6,0,0,0,forward
0,0,0,0,0,0,0,35,115,44,0,0,0,0,0,0,0,0,0,0,78,76,0,0,0,0,4,0,0,0,0,60,101,29,0,0,0,0,0,0,0,0,0,0,59,0,0,0,0,0,0,0,0,0,0,19,71,4,0,0,0,0,0,0,0,0,0,0,39,14,0,0,0,0,0,0,0,0,0,0,69,40,0,0,0,0,0,0,0,0,0,0,4,0,0,0,forward
0,0,0,0,0,0,0,38,114,39,0,0,0,0,0,0,0,0,0,0,81,68,0,0,0,0,0,0,0,0,0,66,104,27,0,0,0,0,0,0,0,0,0,0,58,0,0,0,0,0,0,0,0,0,0,16,66,0,0,0,0,0,0,0,0,0,0,0,40,12,0,0,0,0,0,0,0,0,0,0,74,37,0,0,0,0,0,0,0,0,0,0,5,0,0,0,forward
0,0,0,0,0,0,0,0,9,0,0,0,0,0,31,0,0,0,0,0,0,3,0,0,0,38,143,35,0,0,0,22,65,0,0,0,8,0,37,6,0,0,0,0,68,0,0,0,0,0,0,76,0,21,10,51,125,0,0,0,0,0,45,19,0,0,7,0,0,0,0,0,0,0,84,0,0,0,0,0,0,0,0,0,0,0,0,0,0,0,0,0,0,0,0,0,strafe_right
0,0,0,0,0,0,0,0,4,0,0,0,0,0,20,0,0,0,0,0,0,6,0,0,0,26,113,9,0,0,0,3,49,0,0,0,10,0,35,10,0,0,0,0,98,0,0,0,0,0,0,88,0,30,20,60,139,4,0,0,0,0,49,22,0,0,7,0,0,0,0,0,0,0,78,0,0,0,0,0,0,0,0,0,0,0,0,0,0,0,0,0,0,0,0,0,strafe_right
0,0,0,0,0,0,0,0,0,0,0,0,0,0,21,0,0,0,0,0,0,5,0,0,0,19,115,8,0,0,0,0,47,0,0,0,10,0,34,7,0,0,0,0,106,0,0,0,0,0,0,90,0,33,24,63,145,3,0,0,0,0,54,25,0,0,4,0,0,0,0,0,0,0,79,0,0,0,0,0,0,0,0,0,0,0,0,0,0,0,0,0,0,0,0,0,strafe_right
0,0,0,0,0,0,0,0,5,0,0,0,0,0,27,0,0,0,0,0,0,0,0,0,0,18,115,5,0,0,0,3,49,0,0,0,12,0,40,13,0,0,0,0,100,0,0,0,0,0,0,93,0,32,24,66,150,6,0,0,0,0,52,24,0,0,6,0,0,0,0,0,0,0,81,0,0,0,0,0,0,0,0,0,0,0,0,0,0,0,0,0,0,0,0,0,strafe_right
0,0,0,0,0,0,0,0,21,0,0,0,0,0,30,0,0,0,0,0,0,0,0,0,0,24,131,19,0,0,0,16,59,0,0,0,24,0,45,13,0,0,0,0,88,0,0,0,0,0,0,93,0,32,19,64,147,12,0,0,0,0,56,23,0,0,0,0,0,0,0,0,0,0,87,0,0,0,0,0,0,0,0,0,0,0,0,0,0,0,0,0,0,0,0,0,strafe_right
0,0,0,0,0,0,0,0,16,0,0,0,0,0,27,0,0,0,0,0,0,0,0,0,0,37,148,32,0,0,0,25,68,0,0,0,28,0,51,19,0,0,0,0,94,0,0,0,0,0,0,80,0,19,6,56,134,0,0,0,0,0,40,17,0,0,0,0,0,0,0,0,0,0,91,11,0,0,0,0,0,0,0,0,0,0,11,0,0,0,0,0,0,0,0,0,strafe_right
0,0,0,0,0,0,0,0,13,0,0,0,0,0,38,0,0,0,0,0,0,0,0,0,0,47,159,42,0,0,0,30,71,0,0,0,16,0,45,10,0,0,0,0,79,0,0,0,0,0,0,78,0,22,11,60,138,8,0,0,0,0,44,24,0,0,15,0,0,0,0,0,0,0,93,11,0,0,0,0,0,0,0,0,0,0,9,0,0,0,0,0,0,0,0,0,strafe_right
0,0,0,0,0,0,0,0,25,0,0,0,0,0,38,0,0,0,0,0,0,0,0,0,0,33,149,29,0,0,0,25,67,0,0,0,24,3,51,17,0,0,0,0,90,0,0,0,0,0,0,79,0,22,11,60,137,7,0,0,0,0,36,15,0,0,0,0,0,0,0,0,0,0,91,11,0,0,0,0,0,0,0,0,0,0,8,0,0,0,0,0,0,0,0,0,strafe_right
0,0,0,0,0,0,0,0,9,0,0,0,0,0,35,0,0,0,0,0,0,0,0,0,0,45,162,42,0,0,0,35,74,0,0,0,37,7,53,20,0,0,0,0,84,0,0,0,0,0,0,77,0,20,9,60,138,8,0,0,0,0,42,22,0,0,18,0,0,0,0,0,0,0,94,12,0,0,0,0,0,0,0,0,0,0,9,0,0,0,0,0,0,0,0,0,strafe_right
0,0,0,0,0,0,0,0,8,0,0,0,0,0,36,0,0,0,0,0,0,0,0,0,0,47,161,40,0,0,0,35,77,0,0,0,36,5,52,19,0,0,0,0,84,0,0,0,0,0,0,78,0,21,11,61,140,10,0,0,0,0,44,24,0,0,19,0,0,0,0,0,0,0,89,10,0,0,0,0,0,0,0,0,0,0,8,0,0,0,0,0,0,0,0,0,strafe_right
0,0,0,0,0,0,0,0,4,0,0,0,0,0,36,0,0,0,0,0,0,0,0,0,0,40,157,36,0,0,0,31,73,0,0,0,42,13,58,27,0,0,0,0,93,0,0,0,0,0,0,77,0,21,11,60,141,10,0,0,0,0,42,20,0,0,13,0,0,0,0,0,0,0,94,12,0,0,0,0,0,0,0,0,0,0,7,0,0,0,0,0,0,0,0,0,strafe_right
0,0,0,0,0,0,0,0,18,0,0,0,0,0,45,0,0,0,0,0,0,0,0,0,0,35,151,28,0,0,0,18,61,0,0,0,30,4,53,19,0,0,0,0,90,0,0,0,0,0,0,84,0,26,19,67,146,16,0,0,0,0,42,20,0,0,11,0,0,0,0,0,0,0,91,9,0,0,0,0,0,0,0,0,0,0,10,0,0,0,0,0,0,0,0,0,strafe_right
0,0,0,0,0,0,0,0,35,0,0,0,0,0,0,0,0,0,0,0,40,30,22,0,0,0,0,0,0,0,0,34,112,29,0,0,0,0,0,0,0,0,0,0,121,18,0,0,0,0,0,0,0,0,0,45,144,37,0,0,0,0,0,0,0,0,0,0,34,11,0,0,0,0,0,0,0,0,0,0,41,26,0,0,0,0,0,0,0,0,0,0,0,0,0,0,forward
0,0,0,0,0,0,0,8,34,0,0,0,0,0,0,0,0,0,0,0,40,27,20,0,0,0,0,0,0,0,0,42,116,28,0,0,0,0,0,0,0,0,0,0,126,18,0,0,0,0,0,0,0,0,0,35,131,31,0,0,0,0,0,0,0,0,0,0,36,13,0,0,0,0,0,0,0,0,0,0,44,25,0,0,0,0,0,0,0,0,0,0,0,0,0,0,forward
0,0,0,0,0,0,0,20,43,0,0,0,0,0,0,0,0,0,0,0,56,37,31,0,0,0,0,0,0,0,0,59,120,23,0,0,0,0,0,0,0,0,0,0,88,0,0,0,0,0,0,0,0,0,0,40,100,27,0,0,0,0,0,0,0,0,0,0,33,11,0,0,0,0,0,0,0,0,0,0,54,31,0,0,0,0,0,0,0,0,0,0,0,0,0,0,forward
0,0,0,0,0,0,0,22,43,0,0,0,0,0,0,0,0,0,0,0,46,28,22,0,0,0,0,0,0,0,0,57,123,33,0,0,0,0,0,0,0,0,0,0,101,0,0,0,0,0,0,0,0,0,0,26,85,18,0,0,0,0,0,0,0,0,0,0,36,18,0,0,0,0,0,0,0,0,0,0,56,35,0,0,0,0,0,0,0,0,0,0,0,0,0,0,forward
0,0,0,0,0,0,0,16,41,0,0,0,0,0,0,0,0,0,0,0,55,35,31,0,0,0,0,0,0,0,0,59,129,38,0,0,0,0,0,0,0,0,0,0,89,0,0,0,0,0,0,0,0,0,0,26,90,22,0,0,0,0,0,0,0,0,0,0,34,19,0,0,0,0,0,0,0,0,0,0,45,28,0,0,0,0,0,0,0,0,0,0,0,0,0,0,forward
0,0,0,0,0,0,0,0,27,0,0,0,0,0,0,0,0,0,0,0,56,47,48,0,0,0,0,0,0,0,0,16,101,31,0,0,0,0,0,0,0,0,0,0,104,8,0,0,0,0,0,0,0,0,0,5,68,12,0,4,0,0,0,0,0,0,0,0,21,17,0,0,0,0,0,0,0,0,0,0,34,31,0,18,0,0,0,0,0,0,0,0,0,0,0,0,forward
0,0,0,0,0,0,0,0,23,0,0,0,0,0,0,0,0,0,0,0,33,34,38,0,0,0,0,0,0,0,0,0,94,29,0,0,0,0,0,0,0,0,0,0,124,22,0,0,0,0,0,0,0,0,0,0,50,3,0,0,0,0,0,0,0,0,0,0,26,26,0,0,0,0,0,0,0,0,0,0,44,47,0,25,0,0,0,0,0,0,0,0,0,0,0,0,forward
0,0,0,0,0,0,0,0,30,0,0,0,0,0,0,0,0,0,0,0,45,34,30,0,0,0,0,0,0,0,0,38,119,36,0,0,0,0,0,0,0,0,0,0,118,18,0,0,0,0,0,0,0,0,0,4,92,28,0,0,0,0,0,0,0,0,0,0,39,29,0,0,0,0,0,0,0,0,0,0,49,42,0,0,0,0,0,0,0,0,0,0,0,0,0,0,forward
0,0,0,0,0,0,0,0,28,0,0,0,0,0,0,0,0,0,0,0,54,45,40,0,0,0,0,0,0,0,0,48,122,36,0,0,0,0,0,0,0,0,0,0,105,4,0,0,0,0,0,0,0,0,0,12,96,34,0,0,0,0,0,0,0,0,0,0,35,26,0,0,0,0,0,0,0,0,0,0,47,38,0,0,0,0,0,0,0,0,0,0,0,0,0,0,forward
0,0,0,0,0,0,0,0,0,0,0,0,0,31,74,0,0,0,0,0,0,0,0,0,0,130,314,42,0,0,0,0,0,0,0,0,163,83,183,25,0,0,0,0,0,0,0,0,0,0,0,30,0,0,0,15,29,0,0,0,0,0,100,41,0,0,0,0,0,0,0,0,0,15,134,78,0,0,0,0,0,0,0,0,0,0,143,8,0,0,0,0,0,0,0,0,backward
0,0,0,0,35,30,16,95,201,15,0,0,7,21,96,55,29,0,0,9,0,0,0,0,0,0,157,40,0,0,0,0,20,0,0,0,0,0,36,0,0,0,0,0,0,0,0,0,0,0,0,0,0,0,0,0,35,0,0,0,0,0,0,0,0,0,0,0,5,0,0,0,0,0,53,0,0,0,0,0,37,14,0,0,0,0,66,15,0,0,0,0,19,0,0,0,strafe_left
0,0,0,0,32,26,14,93,199,10,0,0,0,14,90,49,23,0,0,5,0,0,0,0,0,11,168,53,0,0,0,0,34,0,0,0,0,0,31,0,0,0,0,0,0,0,0,0,0,0,0,0,0,0,0,0,30,0,0,0,0,0,0,0,0,0,0,0,13,0,0,0,0,0,53,0,0,0,0,0,34,9,0,0,0,0,56,7,0,0,0,0,17,0,0,0,strafe_left
0,0,0,0,40,34,24,104,212,27,0,0,7,10,82,44,20,0,0,0,0,0,0,0,0,0,153,39,0,0,0,0,30,0,0,0,0,0,34,0,0,0,0,0,0,0,0,0,0,0,0,0,0,0,0,0,31,0,0,0,0,0,0,0,0,0,0,0,6,0,0,0,0,0,51,0,0,0,0,0,37,15,0,0,0,0,58,12,0,0,0,0,20,0,0,0,strafe_left
0,0,0,0,26,26,14,93,200,18,0,0,13,19,88,49,24,0,0,7,0,0,0,0,0,0,152,39,0,0,0,0,25,0,0,0,0,0,38,0,0,0,0,0,0,0,0,0,0,0,0,0,0,0,0,0,35,0,0,0,0,0,0,0,0,0,0,0,5,0,0,0,0,0,50,0,0,0,0,0,37,14,0,0,0,0,59,11,0,0,0,0,17,0,0,0,strafe_left
0,0,0,0,20,15,0,81,185,0,0,0,0,5,78,38,14,0,0,0,0,0,0,0,0,7,164,48,0,0,0,0,35,0,0,0,0,0,46,0,0,0,0,0,7,0,0,0,0,0,0,0,0,0,0,0,25,0,0,0,0,0,0,0,0,0,0,0,6,0,0,0,0,0,57,0,0,0,0,0,39,16,0,0,0,0,61,12,0,0,0,0,16,0,0,0,strafe_left
0,0,0,0,26,22,8,82,173,7,0,0,7,23,106,62,31,0,0,10,0,0,0,0,0,22,173,40,0,0,0,0,24,0,0,0,0,0,42,0,0,0,0,0,0,0,0,0,0,0,0,0,0,0,0,0,34,0,0,0,0,0,0,0,0,0,0,0,6,0,0,0,0,0,60,0,0,0,0,0,30,9,0,0,0,0,73,18,0,0,0,0,13,0,0,0,strafe_left
0,0,0,0,21,15,0,77,144,0,0,0,0,23,101,55,26,0,0,11,0,0,0,0,0,33,185,55,0,0,0,0,31,0,0,0,0,0,38,0,0,0,0,0,0,0,0,0,0,0,0,0,0,0,0,0,31,0,0,0,0,0,0,0,0,0,0,0,9,0,0,0,0,0,63,0,0,0,0,0,29,8,0,0,0,0,70,17,0,0,0,0,16,0,0,0,strafe_left
0,0,0,0,16,5,0,69,158,0,0,0,0,13,98,52,21,0,0,0,0,0,0,0,0,28,183,53,0,0,0,3,37,0,0,0,0,0,51,0,0,0,0,0,0,0,0,0,0,0,0,0,0,0,0,0,24,0,0,0,0,0,0,0,0,0,0,0,7,0,0,0,0,0,59,3,0,0,0,0,38,16,0,0,0,0,63,14,0,0,0,0,15,0,0,0,strafe_left
0,0,0,0,21,16,5,81,177,7,0,0,5,21,101,57,28,0,0,13,0,0,0,0,0,24,174,50,0,0,0,0,32,0,0,0,0,0,36,0,0,0,0,0,4,0,0,0,0,0,0,0,0,0,0,0,33,0,0,0,0,0,0,0,0,0,0,0,11,0,0,0,0,0,43,0,0,0,0,0,31,9,0,0,0,0,52,3,0,0,0,0,14,0,0,0,strafe_left
0,0,0,0,15,10,0,67,164,0,0,0,0,7,71,33,5,0,0,0,0,0,0,0,0,14,166,48,0,0,0,11,43,0,0,0,0,0,41,0,0,0,0,0,24,0,0,0,0,0,0,0,0,0,0,0,28,0,0,0,0,0,0,0,0,0,0,0,9,0,0,0,0,0,49,0,0,0,0,0,37,14,0,0,0,0,59,7,0,0,0,0,17,0,0,0,strafe_left
0,0,0,0,8,6,0,77,178,10,0,0,19,11,65,35,15,0,0,8,6,0,0,0,0,14,157,45,0,0,0,11,40,0,0,0,0,0,38,0,0,0,0,0,26,0,0,0,0,0,0,0,0,0,0,0,33,0,0,0,0,0,0,0,0,0,0,0,10,0,0,0,0,0,45,0,0,0,0,0,32,10,0,0,0,0,51,3,0,0,0,0,13,0,0,0,strafe_left
0,0,0,0,26,18,7,85,185,12,0,0,5,0,59,25,5,0,0,0,0,0,0,0,0,13,154,46,0,0,0,7,43,0,0,0,0,0,42,0,0,0,0,0,29,0,0,0,0,0,0,0,0,0,0,0,32,0,0,0,0,0,0,0,0,0,0,0,6,0,0,0,0,0,45,0,0,0,0,0,36,15,0,0,0,0,54,6,0,0,0,0,18,0,0,0,strafe_left
0,0,0,0,19,14,3,83,189,16,0,0,10,12,79,43,22,0,0,9,0,0,0,0,0,15,158,49,0,0,0,4,33,0,0,0,0,0,39,0,0,0,0,0,16,0,0,0,0,0,0,0,0,0,0,0,32,0,0,0,0,0,0,0,0,0,0,0,11,0,0,0,0,0,49,0,0,0,0,0,33,12,0,0,0,0,51,4,0,0,0,0,11,0,0,0,strafe_left
0,0,0,0,0,0,0,36,52,0,0,0,0,0,0,0,0,0,0,11,46,28,37,0,0,0,47,0,0,0,0,60,104,13,0,0,0,0,8,0,0,0,0,0,62,0,0,0,0,0,0,0,0,0,0,39,82,13,0,0,0,0,0,0,0,0,0,0,33,8,0,0,0,0,9,0,0,0,0,0,44,10,0,0,0,0,0,0,0,0,0,0,5,0,0,0,forward
0,0,0,0,0,0,0,42,59,0,0,0,0,0,0,0,0,0,0,0,30,13,22,0,0,0,45,0,0,0,0,58,101,13,0,0,0,0,22,0,0,0,0,0,71,0,0,0,0,0,0,0,0,0,0,42,84,15,0,0,0,0,0,0,0,0,0,0,26,0,0,0,0,0,4,0,0,0,0,0,45,13,0,0,0,0,0,0,0,0,0,0,11,0,0,0,forward
0,0,0,0,0,0,0,49,69,0,0,0,0,0,3,0,0,0,0,3,35,18,23,0,0,0,35,0,0,0,0,50,92,6,0,0,0,0,22,0,0,0,0,0,62,0,0,0,0,0,0,0,0,0,0,44,86,17,0,0,0,0,0,0,0,0,0,0,28,3,0,0,0,0,0,0,0,0,0,0,44,12,0,0,0,0,0,0,0,0,0,0,11,0,0,0,forward
0,0,0,0,0,0,0,35,55,0,0,0,0,0,0,0,0,0,0,3,38,21,26,0,0,0,44,0,0,0,0,68,109,20,0,0,0,0,19,0,0,0,0,0,63,0,0,0,0,0,0,0,0,0,0,33,73,3,0,0,0,0,0,0,0,0,0,0,32,15,0,0,0,0,0,0,0,0,0,0,50,19,0,0,0,0,0,0,0,0,0,0,13,0,0,0,forward
0,0,0,0,0,0,0,43,64,0,0,0,0,0,0,0,0,0,0,11,45,29,32,0,0,0,35,0,0,0,0,52,95,6,0,0,0,0,12,0,0,0,0,0,65,0,0,0,0,0,0,0,0,0,0,38,81,12,0,0,0,0,0,0,0,0,0,0,35,16,0,0,0,0,0,0,0,0,0,0,46,11,0,0,0,0,0,0,0,0,0,0,12,0,0,0,forward
0,0,0,0,0,0,0,49,71,0,0,0,0,0,0,0,0,0,0,5,39,22,26,0,0,0,34,0,0,0,0,51,97,8,0,0,0,0,18,0,0,0,0,0,69,0,0,0,0,0,0,0,0,0,0,38,82,12,0,0,0,0,0,0,0,0,0,0,33,16,0,0,0,0,0,0,0,0,0,0,43,8,0,0,0,0,0,0,0,0,0,0,11,0,0,0,forward
0,0,0,0,0,0,0,39,57,0,0,0,0,0,10,0,0,0,0,5,35,23,24,0,0,0,47,0,0,0,0,47,88,0,0,0,0,0,20,0,0,0,0,0,60,0,0,0,0,0,0,0,0,0,0,41,81,7,0,0,0,0,0,0,0,0,0,0,29,10,0,0,0,0,23,0,0,0,0,0,37,0,0,0,0,0,0,0,0,0,0,0,9,0,0,0,forward
0,0,0,0,0,0,0,39,52,0,0,0,0,0,16,0,0,0,0,0,27,16,13,0,0,0,51,0,0,0,0,40,77,0,0,0,0,0,22,0,0,0,0,0,56,0,0,0,0,0,0,0,0,0,0,39,78,7,0,0,0,0,0,0,0,0,0,0,22,4,0,0,0,0,37,0,0,0,0,0,29,0,0,0,0,0,0,0,0,0,0,0,4,0,0,0,forward
0,0,0,0,0,0,0,28,44,0,0,0,0,0,0,0,0,0,0,0,24,12,10,0,0,0,59,0,0,0,0,50,91,4,0,0,0,0,30,0,0,0,0,0,61,0,0,0,0,0,0,0,0,0,0,33,73,0,0,0,0,0,0,0,0,0,0,0,22,6,0,0,0,0,37,0,0,0,0,0,39,0,0,0,0,0,0,0,0,0,0,0,4,0,0,0,forward
0,0,0,0,0,0,0,31,46,0,0,0,0,0,0,0,0,0,0,0,31,16,17,0,0,0,49,0,0,0,0,54,99,10,0,0,0,0,28,0,0,0,0,0,64,0,0,0,0,0,0,0,0,0,0,34,76,3,0,0,0,0,0,0,0,0,0,0,25,8,0,0,0,0,27,0,0,0,0,0,42,5,0,0,0,0,0,0,0,0,0,0,4,0,0,0,forward
0,0,0,0,0,0,0,41,63,0,0,0,0,0,6,0,0,0,0,5,41,23,26,0,0,0,41,0,0,0,0,48,93,0,0,0,0,0,21,0,0,0,0,0,64,0,0,0,0,0,0,0,0,0,0,40,83,9,0,0,0,0,0,0,0,0,0,0,30,12,0,0,0,0,27,0,0,0,0,0,38,0,0,0,0,0,0,0,0,0,0,0,4,0,0,0,forward
0,0,0,0,0,0,0,40,56,0,0,0,0,0,0,0,0,0,0,0,26,14,18,0,0,0,53,0,0,0,0,56,101,10,0,0,0,0,31,0,0,0,0,0,71,0,0,0,0,0,0,0,0,0,0,39,80,5,0,0,0,0,0,0,0,0,0,0,20,5,0,0,0,0,33,0,0,0,0,0,40,0,0,0,0,0,0,0,0,0,0,0,0,0,0,0,forward
0,0,0,0,0,0,0,45,64,0,0,0,0,0,0,0,0,0,0,0,22,6,12,0,0,0,59,0,0,0,0,55,98,7,0,0,0,0,29,0,0,0,0,0,66,0,0,0,0,0,0,0,0,0,0,43,86,12,0,0,0,0,0,0,0,0,0,0,19,0,0,0,0,0,35,0,0,0,0,0,39,0,0,0,0,0,0,0,0,0,0,0,3,0,0,0,forward
0,0,0,0,0,0,0,40,61,0,0,0,0,0,5,0,0,0,0,0,33,18,23,0,0,0,66,3,0,0,0,62,102,11,0,0,0,0,21,0,0,0,0,0,52,0,0,0,0,0,0,0,0,0,0,35,80,8,0,0,0,0,0,0,0,0,0,0,28,10,0,0,0,0,32,0,0,0,0,0,47,6,0,0,0,0,0,0,0,0,0,0,0,0,0,0,forward
0,0,0,0,0,0,0,30,51,0,0,0,0,0,0,0,0,0,0,0,34,19,25,0,0,0,52,0,0,0,0,58,103,14,0,0,0,0,30,0,0,0,0,0,66,0,0,0,0,0,0,0,0,0,0,32,77,6,0,0,0,0,0,0,0,0,0,0,28,11,0,0,0,0,27,0,0,0,0,0,45,4,0,0,0,0,0,0,0,0,0,0,6,0,0,0,forward
0,0,0,0,0,0,0,38,56,0,0,0,0,0,0,0,0,0,0,0,31,17,24,0,0,0,42,0,0,0,0,59,105,13,0,0,0,0,21,0,0,0,0,0,74,0,0,0,0,0,0,0,0,0,0,40,83,10,0,0,0,0,0,0,0,0,0,0,28,8,0,0,0,0,17,0,0,0,0,0,46,8,0,0,0,0,0,0,0,0,0,0,8,0,0,0,forward
0,0,0,0,0,0,0,39,65,0,0,0,0,0,0,0,0,0,0,9,45,31,45,0,0,0,43,0,0,0,0,55,100,6,0,0,0,0,5,0,0,0,0,0,65,0,0,0,0,0,0,0,0,0,0,39,84,11,0,0,0,0,0,0,0,0,0,0,34,16,0,0,0,0,5,0,0,0,0,0,43,7,0,0,0,0,0,0,0,0,0,0,0,0,0,0,forward
0,0,0,0,0,0,0,35,63,0,0,0,0,0,0,0,0,0,0,14,46,34,58,0,0,0,37,0,0,0,0,48,88,5,0,0,0,0,4,0,0,0,0,0,64,0,0,0,0,0,0,0,0,0,0,38,84,13,0,0,0,0,0,0,0,0,0,0,40,22,0,0,0,0,0,0,0,0,0,0,42,4,0,0,0,0,0,0,0,0,0,0,0,0,0,0,forward
0,0,0,0,0,0,0,33,58,0,0,0,0,0,0,0,0,0,0,4,38,28,41,0,0,0,46,0,0,0,0,57,101,15,0,0,0,0,11,0,0,0,0,0,61,0,0,0,0,0,0,0,0,0,0,38,87,14,0,0,0,0,0,0,0,0,0,0,38,19,0,0,0,0,0,0,0,0,0,0,47,10,0,0,0,0,0,0,0,0,0,0,0,0,0,0,forward
0,0,0,0,0,0,0,28,55,0,0,0,0,0,0,0,0,0,0,5,37,23,35,0,0,0,47,0,0,0,0,67,113,24,0,0,0,0,17,0,0,0,0,0,61,0,0,0,0,0,0,0,0,0,0,36,83,11,0,0,0,0,0,0,0,0,0,0,36,17,0,0,0,0,0,0,0,0,0,0,48,11,0,0,0,0,0,0,0,0,0,0,0,0,0,0,forward
0,0,0,0,0,0,0,40,63,0,0,0,0,0,0,0,0,0,0,4,34,20,19,0,0,0,36,0,0,0,0,50,97,5,0,0,0,0,18,0,0,0,0,0,63,0,0,0,0,0,0,0,0,0,0,42,87,15,0,0,0,0,0,0,0,0,3,0,37,17,0,0,0,0,9,0,0,0,0,0,40,0,0,0,0,0,0,0,0,0,0,0,0,0,0,0,forward
0,0,0,0,0,0,0,42,61,0,0,0,0,0,4,0,0,0,0,10,39,26,22,0,0,0,49,0,0,0,0,50,97,4,0,0,0,0,15,0,0,0,0,0,63,0,0,0,0,0,0,0,0,0,0,40,85,12,0,0,0,0,0,0,0,0,0,0,35,16,0,0,0,0,21,0,0,0,0,0,44,4,0,0,0,0,0,0,0,0,0,0,0,0,0,0,forward
0,0,0,0,0,0,0,44,61,0,0,0,0,0,0,0,0,0,0,0,24,8,3,0,0,0,50,0,0,0,0,58,103,9,0,0,0,0,23,0,0,0,0,0,68,0,0,0,0,0,0,0,0,0,0,44,89,16,0,0,0,0,0,0,0,0,0,0,28,10,0,0,0,0,17,0,0,0,0,0,45,6,0,0,0,0,0,0,0,0,0,0,0,0,0,0,forward
0,0,0,0,0,0,0,40,61,0,0,0,0,0,0,0,0,0,0,4,37,23,24,0,0,0,53,0,0,0,0,62,105,13,0,0,0,0,14,0,0,0,0,0,59,0,0,0,0,0,0,0,0,0,0,37,85,12,0,0,0,0,0,0,0,0,0,0,32,15,0,0,0,0,20,0,0,0,0,0,46,5,0,0,0,0,0,0,0,0,0,0,0,0,0,0,forward
0,0,0,0,0,0,0,39,55,0,0,0,0,0,11,0,0,0,0,5,36,22,17,0,0,0,58,0,0,0,0,48,89,0,0,0,0,0,18,0,0,0,0,0,62,0,0,0,0,0,0,0,0,0,0,38,86,12,0,0,0,0,0,0,0,0,0,0,34,16,0,0,0,0,22,0,0,0,0,0,43,0,0,0,0,0,0,0,0,0,0,0,0,0,0,0,forward
0,0,0,0,0,0,0,48,64,0,0,0,0,0,3,0,0,0,0,0,20,7,0,0,0,0,54,0,0,0,0,56,96,5,0,0,0,0,22,0,0,0,0,0,61,0,0,0,0,0,0,0,0,0,0,46,94,19,0,0,0,0,0,0,0,0,0,0,31,13,0,0,0,0,15,0,0,0,0,0,42,3,0,0,0,0,0,0,0,0,0,0,0,0,0,0,forward
0,0,0,0,0,0,0,36,54,0,0,0,0,0,0,0,0,0,0,0,31,14,12,0,0,0,60,0,0,0,0,67,108,16,0,0,0,0,21,0,0,0,0,0,54,0,0,0,0,0,0,0,0,0,0,37,85,9,0,0,0,0,0,0,0,0,0,0,33,16,0,0,0,0,15,0,0,0,0,0,47,9,0,0,0,0,0,0,0,0,0,0,0,0,0,0,forward
0,0,0,0,0,0,0,45,64,0,0,0,0,0,0,0,0,0,0,4,35,19,21,0,0,0,36,0,0,0,0,53,97,4,0,0,0,0,18,0,0,0,0,0,65,0,0,0,0,0,0,0,0,0,0,43,91,16,0,0,0,0,0,0,0,0,4,0,36,20,0,0,0,0,0,0,0,0,0,0,41,4,0,0,0,0,0,0,0,0,0,0,0,0,0,0,forward
0,0,0,0,0,0,0,25,51,0,0,0,0,0,0,0,0,0,0,3,36,20,29,0,0,0,44,0,0,0,0,66,116,20,0,0,0,0,18,0,0,0,0,0,68,0,0,0,0,0,0,0,0,0,0,37,87,11,0,0,0,0,0,0,0,0,4,0,36,18,0,0,0,0,0,0,0,0,0,0,47,11,0,0,0,0,0,0,0,0,0,0,5,0,0,0,forward
0,0,0,0,0,0,0,42,62,0,0,0,0,0,0,0,0,0,0,0,29,15,25,0,0,0,43,0,0,0,0,62,110,15,0,0,0,0,11,0,0,0,0,0,74,0,0,0,0,0,0,0,0,0,0,47,96,21,0,0,0,0,0,0,0,0,0,0,31,14,0,0,0,0,0,0,0,0,0,0,46,10,0,0,0,0,0,0,0,0,0,0,3,0,0,0,forward
0,0,0,0,0,0,0,36,59,0,0,0,0,0,0,0,0,0,0,11,50,33,45,0,0,0,34,0,0,0,0,61,112,18,0,0,0,0,0,0,0,0,0,0,66,0,0,0,0,0,0,0,0,0,0,42,93,15,0,0,0,0,0,0,0,0,3,0,39,22,0,0,0,0,0,0,0,0,0,0,50,14,0,0,0,0,0,0,0,0,0,0,0,0,0,0,forward
0,0,0,0,0,0,0,37,59,0,0,0,0,0,0,0,0,0,0,0,42,21,36,0,0,0,17,0,0,0,0,60,115,23,0,0,0,0,0,0,0,0,0,0,79,0,0,0,0,0,0,0,0,0,0,47,98,22,0,0,0,0,0,0,0,0,0,0,35,18,0,0,0,0,0,0,0,0,0,0,49,10,0,0,0,0,0,0,0,0,0,0,4,0,0,0,forward
0,0,0,0,0,0,0,24,53,0,0,0,0,0,0,0,0,0,0,9,49,33,56,0,0,0,15,0,0,0,0,65,121,32,0,0,0,0,0,0,0,0,0,0,62,0,0,0,0,0,0,0,0,0,0,31,86,15,0,0,0,0,0,0,0,0,0,0,37,23,0,0,0,0,0,0,0,0,0,0,49,18,0,0,0,0,0,0,0,0,0,0,0,0,0,0,forward
0,0,0,0,0,0,0,30,62,0,0,0,0,0,0,0,0,0,0,14,52,40,64,0,0,0,4,0,0,0,0,57,112,28,0,0,0,0,0,0,0,0,0,0,72,0,0,0,0,0,0,0,0,0,0,34,91,16,0,0,0,0,0,0,0,0,0,0,39,27,0,0,0,0,0,0,0,0,0,0,49,19,0,0,0,0,0,0,0,0,0,0,0,0,0,0,forward
0,0,0,0,0,0,0,30,59,0,0,0,0,0,0,0,0,0,0,0,39,29,52,0,0,0,0,0,0,0,0,46,112,32,0,0,0,0,0,0,0,0,0,0,90,0,0,0,0,0,0,0,0,0,0,30,94,22,0,0,0,0,0,0,0,0,0,0,41,28,0,0,0,0,0,0,0,0,0,0,36,10,0,0,0,0,0,0,0,0,0,0,0,0,0,0,forward
0,0,0,0,0,0,0,13,46,0,0,0,0,0,0,0,0,0,0,0,47,37,59,0,0,0,0,0,0,0,0,57,122,39,0,0,0,0,0,0,0,0,0,0,86,0,0,0,0,0,0,0,0,0,0,33,92,16,0,0,0,0,0,0,0,0,0,0,40,27,0,0,0,0,0,0,0,0,0,0,45,17,0,0,0,0,0,0,0,0,0,0,0,0,0,0,forward
0,0,0,0,0,0,0,22,54,0,0,0,0,0,0,0,0,0,0,9,51,33,41,0,0,0,20,0,0,0,0,68,127,37,0,0,0,0,0,0,0,0,0,0,77,0,0,0,0,0,0,0,0,0,0,41,104,23,0,0,0,0,0,0,0,0,0,0,41,22,0,0,0,0,0,0,0,0,0,0,44,14,0,0,0,0,0,0,0,0,0,0,0,0,0,0,forward
0,0,0,0,0,0,0,30,39,0,0,0,0,12,61,0,0,0,0,0,0,0,0,0,0,86,244,68,0,0,0,5,42,0,0,0,98,50,102,0,0,0,0,0,31,0,0,0,0,0,0,11,0,0,0,12,39,0,0,0,0,7,71,20,0,0,0,0,0,0,0,0,0,0,126,30,0,0,0,0,14,0,0,0,0,0,111,16,0,0,0,0,0,0,0,0,backward
0,0,0,0,0,0,0,43,50,0,0,0,0,12,62,0,0,0,0,0,0,0,0,0,0,79,238,63,0,0,0,0,41,0,0,0,86,48,96,0,0,0,0,0,31,0,0,0,0,0,0,13,0,0,0,16,44,0,0,0,0,9,73,23,0,0,0,0,0,0,0,0,0,0,122,26,0,0,0,0,10,0,0,0,0,0,112,16,0,0,0,0,0,0,0,0,backward
0,0,0,0,0,0,0,34,35,0,0,0,0,36,103,21,0,0,0,0,0,0,0,0,0,104,277,81,0,0,0,0,29,0,0,0,92,49,101,0,0,0,0,0,7,0,0,0,0,0,0,10,0,0,0,6,32,0,0,0,0,9,78,23,0,0,0,0,0,0,0,0,0,0,135,37,0,0,0,0,7,0,0,0,0,0,124,16,0,0,0,0,0,0,0,0,backward
0,0,0,0,0,0,0,45,35,0,0,0,0,65,133,31,0,0,0,0,0,0,0,0,0,96,300,74,0,0,0,0,4,0,0,0,107,53,115,0,0,0,0,0,0,0,0,0,0,0,0,14,0,0,0,9,33,0,0,0,0,13,84,27,0,0,0,0,0,0,0,0,0,6,135,37,0,0,0,0,7,0,0,0,0,0,140,26,0,0,0,0,0,0,0,0,backward
0,0,0,0,0,0,0,33,27,0,0,0,0,69,139,39,0,0,0,0,0,0,0,0,0,99,297,79,0,0,0,0,8,0,0,0,91,33,96,0,0,0,0,0,0,0,0,0,0,0,0,8,0,0,0,7,28,0,0,0,0,3,67,15,0,0,0,0,0,0,0,0,0,6,136,36,0,0,0,0,11,0,0,0,0,0,136,28,0,0,0,0,0,0,0,0,backward
0,0,0,0,0,0,0,58,65,0,0,0,0,48,127,41,0,0,0,0,0,0,0,0,0,81,265,66,0,0,0,0,21,0,0,0,33,21,86,0,0,0,0,0,0,0,0,0,0,0,0,0,0,0,0,0,26,0,0,0,0,0,61,11,0,0,0,0,0,0,0,0,0,8,128,34,0,0,0,0,17,0,0,0,0,0,128,23,0,0,0,0,0,0,0,0,backward
0,0,0,0,0,0,0,65,84,0,0,0,18,3,50,11,0,0,0,0,0,0,0,0,0,41,165,47,0,0,0,0,44,0,0,0,4,7,61,0,0,0,0,0,23,0,0,0,0,0,0,0,0,0,0,24,51,0,0,0,0,0,25,0,0,0,0,0,6,0,0,0,0,0,84,19,0,0,0,0,18,0,0,0,0,0,66,0,0,0,0,0,0,0,0,0,backward
0,0,0,0,0,0,0,45,54,0,0,0,0,11,74,7,0,0,0,0,0,0,0,0,0,94,255,71,0,0,0,0,41,0,0,0,92,65,115,14,0,0,0,0,30,0,0,0,0,0,0,0,0,0,0,16,44,0,0,0,0,0,46,0,0,0,0,0,0,0,0,0,0,0,99,20,0,0,0,0,13,0,0,0,0,0,82,0,0,0,0,0,0,0,0,0,backward
0,0,0,0,0,0,0,33,47,0,0,0,0,14,78,0,0,0,0,0,0,0,0,0,0,87,260,65,0,0,0,0,39,0,0,0,101,67,121,23,0,0,0,0,36,0,0,0,0,0,0,10,0,0,0,28,54,0,0,0,0,0,50,7,0,0,0,0,0,0,0,0,0,0,98,17,0,0,0,0,6,0,0,0,0,0,70,0,0,0,0,0,0,0,0,0,backward
0,0,0,0,0,0,0,11,26,0,0,0,0,7,66,0,0,0,0,0,0,0,0,0,0,95,269,77,0,0,0,9,56,0,0,0,98,92,136,30,0,0,0,0,34,0,0,0,0,0,0,21,0,0,0,33,60,0,0,0,0,0,45,0,0,0,0,0,0,0,0,0,0,0,99,17,0,0,0,0,7,0,0,0,0,0,60,0,0,0,0,0,0,0,0,0,backward
0,0,0,0,0,0,0,25,41,0,0,0,0,19,75,0,0,0,0,0,0,0,0,0,0,91,261,66,0,0,0,0,36,0,0,0,116,91,139,30,0,0,0,0,41,0,0,0,0,0,0,20,0,0,0,26,53,0,0,0,0,0,58,9,0,0,0,0,0,0,0,0,0,0,110,21,0,0,0,0,10,0,0,0,0,0,74,0,0,0,0,0,0,0,0,0,backward
0,0,0,0,0,0,0,16,32,0,0,0,0,9,68,0,0,0,0,0,0,0,0,0,0,102,270,81,0,0,0,11,56,0,0,0,131,96,141,32,0,0,0,0,33,0,0,0,0,0,0,21,0,0,0,24,49,0,0,0,0,0,55,6,0,0,0,0,0,0,0,0,0,0,106,19,0,0,0,0,8,0,0,0,0,0,78,0,0,0,0,0,0,0,0,0,backward
0,0,0,0,0,0,0,16,33,0,0,0,0,8,59,0,0,0,0,0,0,0,0,0,0,97,269,71,0,0,0,0,40,0,0,0,123,85,138,30,0,0,0,0,43,0,0,0,0,0,0,22,0,0,0,26,57,0,0,0,0,4,61,11,0,0,0,0,0,0,0,0,0,0,111,21,0,0,0,0,8,0,0,0,0,0,63,0,0,0,0,0,0,0,0,0,backward
0,0,0,0,0,0,0,0,17,0,0,0,0,0,52,0,0,0,0,0,0,0,0,0,0,94,266,71,0,0,0,7,52,0,0,0,137,98,151,44,0,0,0,0,46,0,0,0,0,0,0,30,0,0,0,31,58,0,0,0,0,3,60,10,0,0,0,0,0,0,0,0,0,0,107,17,0,0,0,0,0,0,0,0,0,0,63,0,0,0,0,0,0,0,0,0,backward
0,0,0,0,0,0,0,13,31,0,0,0,0,11,59,0,0,0,0,0,0,0,0,0,0,88,260,61,0,0,0,0,38,0,0,0,135,93,149,40,0,0,0,0,46,0,0,0,0,0,0,28,0,0,0,31,59,0,0,0,0,7,64,13,0,0,0,0,0,0,0,0,0,0,108,19,0,0,0,0,0,0,0,0,0,0,60,0,0,0,0,0,0,0,0,0,backward
0,0,0,7,103,90,55,140,177,0,0,0,0,0,67,27,13,0,0,0,0,0,0,0,0,0,68,0,0,0,0,0,0,0,0,0,0,0,9,0,0,0,0,0,0,0,0,0,0,0,0,0,0,0,0,0,22,0,0,0,0,0,0,0,0,0,0,0,3,0,0,0,0,0,46,0,0,0,0,0,36,19,0,0,0,0,64,11,0,0,0,0,28,3,0,0,strafe_left
0,0,0,0,0,0,0,0,17,0,0,0,0,0,20,0,0,0,0,0,0,4,0,0,0,18,129,14,0,0,0,12,46,0,0,0,57,36,106,52,0,0,0,0,65,0,0,0,0,0,0,23,0,5,4,46,120,0,0,0,0,0,31,0,0,0,0,0,0,0,0,0,0,0,73,0,0,0,0,0,0,0,0,0,0,0,12,0,0,0,0,0,0,0,0,0,strafe_right
0,0,0,0,0,0,0,0,0,0,0,0,0,0,7,0,0,0,0,0,0,4,0,0,0,21,120,12,0,0,0,24,53,0,0,0,59,42,109,58,0,0,0,0,73,0,0,0,0,0,0,38,0,13,12,51,124,4,0,0,0,0,35,0,0,0,0,0,0,0,0,0,0,0,73,0,0,0,0,0,0,0,0,0,0,0,14,0,0,0,0,0,0,0,0,0,strafe_right
0,0,0,0,0,0,0,0,8,0,0,0,0,0,17,0,0,0,0,0,0,11,3,0,0,23,111,0,0,0,0,9,42,0,0,0,54,32,100,49,0,0,0,0,68,0,0,0,0,0,0,31,0,3,5,48,121,0,0,0,0,0,37,0,0,0,0,0,0,0,0,0,0,0,77,0,0,0,0,0,0,0,0,0,0,0,12,0,0,0,0,0,0,0,0,0,strafe_right
0,0,0,0,0,0,0,0,7,0,0,0,0,0,12,0,0,0,0,0,0,10,3,0,0,30,129,18,0,0,0,18,50,0,0,0,66,32,97,42,0,0,0,0,60,0,0,0,0,0,0,27,0,0,0,41,114,0,0,0,0,0,34,0,0,0,0,0,0,0,0,0,0,0,75,0,0,0,0,0,0,0,0,0,0,0,14,0,0,0,0,0,0,0,0,0,strafe_right
0,0,0,0,0,0,0,0,13,0,0,0,0,0,9,0,0,0,0,0,0,0,0,0,0,32,148,14,0,0,0,0,40,0,0,0,76,61,125,54,0,0,0,0,66,0,0,0,0,0,0,38,0,6,0,44,100,0,0,0,0,0,50,6,0,0,0,0,0,0,0,0,0,0,87,0,0,0,0,0,0,0,0,0,0,0,17,0,0,0,0,0,0,0,0,0,strafe_right
0,0,0,0,0,0,0,0,13,0,0,0,0,0,23,0,0,0,0,0,0,0,0,0,0,48,169,10,0,0,0,0,34,0,0,0,94,83,146,58,0,0,0,0,68,0,0,0,0,0,0,41,0,4,0,41,92,0,0,0,0,0,64,13,0,0,0,0,0,0,0,0,0,0,100,0,0,0,0,0,0,0,0,0,0,0,21,0,0,0,0,0,0,0,0,0,strafe_right
0,0,0,0,0,0,0,0,0,0,0,0,0,0,8,0,0,0,0,0,0,0,0,0,0,58,180,22,0,0,0,5,41,0,0,0,111,101,157,68,0,0,0,0,73,0,0,0,0,0,0,48,0,10,7,50,106,0,0,0,0,0,58,9,0,0,0,0,0,0,0,0,0,0,93,0,0,0,0,0,0,0,0,0,0,0,23,0,0,0,0,0,0,0,0,0,strafe_right
0,0,0,0,0,0,0,0,5,0,0,0,0,0,24,0,0,0,0,0,0,0,0,0,0,60,187,19,0,0,0,0,30,0,0,0,105,96,152,56,0,0,0,0,65,0,0,0,0,0,0,37,0,0,0,32,81,0,0,0,0,0,61,12,0,0,0,0,0,0,0,0,0,0,107,7,0,0,0,0,0,0,0,0,0,0,27,0,0,0,0,0,0,0,0,0,strafe_right
0,0,0,0,0,0,0,0,11,0,0,0,0,0,8,0,0,0,0,0,0,0,0,0,0,45,163,22,0,0,0,19,48,0,0,0,72,69,125,57,0,0,0,0,71,0,0,0,0,0,0,29,0,7,4,48,116,0,0,0,0,0,36,0,0,0,0,0,0,0,0,0,0,0,69,0,0,0,0,0,0,0,0,0,0,0,14,0,0,0,0,0,0,0,0,0,strafe_right
0,0,0,0,0,0,0,0,5,0,0,0,0,0,0,0,0,0,0,0,0,5,0,0,0,0,86,0,0,0,0,30,58,0,0,0,32,6,70,37,0,0,0,0,72,0,0,0,0,0,0,11,0,5,6,53,134,11,0,0,0,0,6,0,0,0,0,0,0,0,0,0,0,0,59,0,0,0,0,0,0,0,0,0,0,0,0,0,0,0,0,0,0,0,0,0,strafe_right
0,0,0,0,0,0,0,0,15,0,0,0,0,0,0,0,0,0,0,0,0,0,0,0,0,0,63,0,0,0,0,39,63,0,0,0,16,0,46,22,0,0,0,0,72,0,0,0,0,0,0,10,0,0,0,54,151,14,0,0,0,0,0,0,0,0,0,0,6,0,0,0,0,0,50,0,0,0,0,0,0,0,0,0,0,0,0,0,0,0,0,0,0,0,0,0,strafe_right
0,0,0,0,0,0,0,0,11,0,0,0,0,0,5,0,0,0,0,0,0,6,4,0,0,7,108,12,0,0,0,41,67,7,0,0,56,9,72,34,0,0,0,0,64,0,0,0,0,0,0,21,0,9,5,51,126,3,0,0,0,0,13,0,0,0,0,0,0,0,0,0,0,0,74,0,0,0,0,0,0,0,0,0,0,0,0,0,0,0,0,0,0,0,0,0,strafe_right
0,0,0,0,0,0,0,0,8,0,0,0,0,0,12,0,0,0,0,0,0,0,0,0,0,44,159,25,0,0,0,14,49,0,0,0,78,63,127,54,0,0,0,0,61,0,0,0,0,0,0,38,0,0,0,32,77,0,0,0,0,0,57,6,0,0,0,0,0,0,0,0,0,0,98,3,0,0,0,0,0,0,0,0,0,0,24,0,0,0,0,0,0,0,0,0,strafe_right
0,0,0,0,0,0,0,0,12,0,0,0,0,0,22,0,0,0,0,0,0,0,0,0,0,30,151,15,0,0,0,5,34,0,0,0,84,61,122,53,0,0,0,0,73,0,0,0,0,0,0,53,0,0,0,42,95,0,0,0,0,0,68,15,0,0,0,0,0,0,0,0,0,0,103,5,0,0,0,0,0,0,0,0,0,0,23,0,0,0,0,0,0,0,0,0,strafe_right
0,0,0,0,0,0,0,0,8,0,0,0,0,0,14,0,0,0,0,0,0,0,0,0,0,50,173,35,0,0,0,26,54,0,0,0,74,53,110,42,0,0,0,0,62,0,0,0,0,0,0,54,0,3,0,39,90,0,0,0,0,0,64,12,0,0,0,0,0,0,0,0,0,0,104,5,0,0,0,0,0,0,0,0,0,0,29,0,0,0,0,0,0,0,0,0,strafe_right
0,0,0,0,0,0,0,23,38,0,0,0,0,0,0,0,0,0,0,0,0,0,0,0,0,0,52,0,0,0,0,69,95,0,0,0,9,0,17,0,0,0,0,0,62,0,0,0,0,0,0,35,0,0,0,41,90,0,0,0,0,0,56,12,0,0,0,0,0,0,0,0,0,0,95,7,0,0,0,0,0,0,0,0,0,0,37,0,0,0,0,0,0,0,0,0,strafe_right
0,0,0,0,0,0,0,46,61,0,0,0,0,18,88,17,0,0,0,0,41,8,0,0,0,88,235,69,0,0,0,39,53,0,0,0,34,0,71,15,0,0,0,0,25,0,0,0,0,0,0,0,0,0,0,36,81,0,0,0,0,0,0,0,0,0,0,0,13,0,0,0,0,0,56,0,0,0,0,0,15,0,0,0,0,0,16,0,0,0,0,0,0,0,0,0,none
0,0,0,0,0,0,0,38,54,0,0,0,0,23,90,24,0,0,0,0,54,21,0,0,0,95,240,76,0,0,0,46,58,0,0,0,28,0,65,10,0,0,0,0,18,0,0,0,0,0,0,0,0,0,0,43,86,3,0,0,0,0,0,0,0,0,0,0,7,0,0,0,0,0,52,0,0,0,0,0,16,0,0,0,0,0,24,0,0,0,0,0,0,0,0,0,none
0,0,0,0,0,0,0,36,53,0,0,0,0,27,100,27,0,0,0,0,62,24,0,0,0,95,242,75,0,0,0,48,56,0,0,0,35,0,65,0,0,0,0,0,16,0,0,0,0,0,0,0,0,0,0,32,68,0,0,0,0,0,7,0,0,0,0,0,4,0,0,0,0,0,69,3,0,0,0,0,15,0,0,0,0,0,45,0,0,0,0,0,0,0,0,0,none
0,0,0,0,0,0,0,47,66,0,0,0,12,0,15,0,0,0,0,0,11,0,0,0,0,73,115,26,0,0,0,9,38,0,0,0,0,0,27,0,0,0,0,0,27,0,0,0,0,0,0,0,0,0,0,26,59,0,0,0,0,0,0,0,0,0,0,0,10,0,0,0,0,0,65,0,0,0,0,0,25,0,0,0,0,0,58,0,0,0,0,0,0,0,0,0,none
0,0,0,0,0,0,0,48,71,0,0,0,16,0,0,0,0,0,0,0,32,19,0,0,0,0,47,0,0,0,0,15,60,0,0,0,0,0,0,0,0,0,0,0,36,0,0,0,0,0,0,0,0,0,0,25,56,0,0,0,0,0,0,0,0,0,0,0,8,0,0,0,0,0,61,0,0,0,0,0,39,0,0,0,0,0,53,0,0,0,0,0,0,0,0,0,none
0,0,0,0,0,0,0,32,33,0,0,0,16,0,0,0,0,0,0,0,33,18,0,0,0,0,46,0,0,0,0,13,60,0,0,0,0,0,6,0,0,0,0,0,42,0,0,0,0,0,0,0,0,0,0,21,53,0,0,0,0,0,0,0,0,0,0,0,13,0,0,0,0,0,59,0,0,0,0,0,35,0,0,0,0,0,51,0,0,0,0,0,0,0,0,0,none
0,0,0,0,0,0,0,53,81,0,0,0,15,0,0,0,0,0,0,0,44,29,0,0,0,0,36,0,0,0,0,3,50,0,0,0,0,0,0,0,0,0,0,0,43,0,0,0,0,0,0,0,0,0,0,13,48,0,0,0,0,0,0,0,0,0,0,0,12,0,0,0,0,0,51,0,0,0,0,0,38,0,0,0,0,0,41,0,0,0,0,0,0,0,0,0,none
0,0,0,0,0,0,0,39,32,0,0,0,0,0,0,0,0,0,0,0,27,19,0,0,0,0,36,0,0,0,0,13,59,0,0,0,0,0,0,0,0,0,0,0,54,0,0,0,0,0,0,0,0,0,0,16,48,0,0,0,0,0,0,0,0,0,0,0,17,0,0,0,0,0,42,0,0,0,0,0,38,6,0,0,0,0,25,0,0,0,0,0,3,0,0,0,none
0,0,0,0,0,0,0,78,81,0,0,0,9,47,60,3,0,0,0,0,51,68,0,0,0,118,81,4,0,0,0,0,43,0,0,0,0,11,57,0,0,0,0,0,34,0,0,0,0,0,0,0,0,0,0,60,99,174,0,0,0,0,28,3,0,0,0,0,28,19,0,0,0,0,72,19,0,0,0,0,90,25,0,0,0,0,83,0,0,0,0,0,0,0,0,0,none
0,0,0,0,0,0,0,73,71,0,0,0,4,39,57,3,0,0,0,0,59,84,0,0,0,106,81,12,0,0,0,0,55,0,0,0,0,0,51,0,0,0,0,0,21,0,0,0,0,0,0,0,0,0,0,50,94,170,0,0,0,0,25,0,0,0,0,0,27,20,0,0,0,0,84,30,0,0,0,0,107,36,0,0,0,0,96,0,0,0,0,0,0,0,0,0,none
0,0,0,0,0,0,0,30,3,0,0,0,0,197,118,20,0,0,0,0,44,18,0,0,0,308,161,31,0,0,0,0,56,0,0,0,0,92,90,0,0,0,0,0,21,0,0,0,0,0,0,9,0,0,0,47,74,118,0,0,6,0,57,9,0,0,0,0,16,6,0,0,0,57,142,68,0,0,0,0,79,10,0,0,0,44,176,16,0,0,0,0,0,0,0,0,backward
0,0,0,0,0,0,0,28,0,0,0,0,0,196,117,19,0,0,0,0,42,16,0,0,0,305,159,24,0,0,0,0,53,0,0,0,0,99,95,0,0,0,0,0,29,0,0,0,0,0,0,6,0,0,0,47,74,116,0,0,6,0,58,10,0,0,0,0,14,4,0,0,0,58,144,72,0,0,0,0,82,12,0,0,0,47,175,17,0,0,0,0,0,0,0,0,backward
0,0,0,0,0,0,0,38,13,0,0,0,0,200,121,26,0,0,0,3,50,24,0,0,0,310,160,23,0,0,0,0,45,0,0,0,0,94,87,0,0,0,0,0,25,0,0,0,0,0,0,11,0,0,0,51,77,115,0,0,7,0,59,11,0,0,0,0,10,0,0,0,0,55,143,68,0,0,0,0,78,8,0,0,0,47,184,23,0,0,0,0,0,0,0,0,backward
0,0,0,0,0,0,0,38,10,0,0,0,0,189,110,15,0,0,0,0,37,11,0,0,0,314,161,22,0,0,0,0,53,0,0,0,0,95,91,0,0,0,0,0,32,0,0,0,0,0,0,5,0,0,0,41,66,96,0,0,4,0,58,8,0,0,0,0,10,0,0,0,0,63,152,73,0,0,0,0,83,12,0,0,0,51,185,23,0,0,0,0,0,0,0,0,backward
0,0,0,0,0,0,0,37,9,0,0,0,0,195,113,16,0,0,0,0,37,14,0,0,0,310,160,24,0,0,0,0,53,0,0,0,0,101,94,0,0,0,0,0,32,0,0,0,0,0,0,3,0,0,0,44,67,99,0,0,4,0,57,7,0,0,0,0,9,0,0,0,0,60,149,72,0,0,0,0,83,12,0,0,0,50,189,24,0,0,0,0,0,0,0,0,backward
0,0,0,0,0,0,0,25,0,0,0,0,0,205,120,20,0,0,0,0,41,15,0,0,0,302,158,26,0,0,0,0,54,0,0,0,0,112,95,0,0,0,0,0,31,0,0,0,0,0,0,7,0,0,0,45,67,90,0,0,6,0,57,8,0,0,0,0,13,0,0,0,0,55,142,69,0,0,0,0,77,3,0,0,0,50,183,18,0,0,0,0,0,0,0,0,backward
0,0,3,0,0,0,0,34,6,0,0,0,0,203,112,14,0,0,0,0,36,9,0,0,0,309,160,25,0,0,0,0,55,0,0,0,0,118,97,0,0,0,0,0,36,0,0,0,0,0,0,0,0,0,0,41,65,91,0,0,4,0,56,8,0,0,0,0,11,0,0,0,0,52,140,68,0,0,0,0,80,7,0,0,0,53,183,19,0,0,0,0,0,0,0,0,backward
0,0,0,0,0,0,0,35,6,0,0,0,0,211,122,22,0,0,0,0,42,18,0,0,0,305,163,31,0,0,0,0,56,0,0,0,0,109,89,0,0,0,0,0,22,0,0,0,0,0,0,10,0,0,0,50,73,97,0,0,7,0,58,9,0,0,0,0,9,0,0,0,0,47,139,62,0,0,0,0,77,0,0,0,0,54,187,18,0,0,0,0,0,0,0,0,backward
0,0,9,0,0,0,0,42,12,0,0,0,0,212,116,13,0,0,0,0,33,10,0,0,0,319,163,25,0,0,0,0,55,0,0,0,0,115,96,0,0,0,0,0,32,0,0,0,0,0,0,6,0,0,0,37,62,84,0,0,4,0,56,6,0,0,0,0,10,0,0,0,0,52,142,67,0,0,0,0,78,5,0,0,0,53,189,20,0,0,0,0,0,0,0,0,backward
0,0,0,0,0,0,0,20,0,0,0,0,0,202,116,11,0,0,0,0,35,22,0,0,0,323,169,33,0,0,0,0,63,0,0,0,0,150,108,0,0,0,0,0,27,0,0,0,0,0,0,10,0,0,0,45,72,91,0,0,11,0,59,11,0,0,0,0,12,0,0,0,0,49,143,64,0,0,0,0,70,0,0,0,0,38,179,4,0,0,0,0,0,0,0,0,backward
0,0,0,0,0,0,0,35,0,0,0,0,0,115,75,0,0,0,0,0,19,16,0,0,0,343,172,23,0,0,0,0,55,0,0,0,0,207,131,0,0,0,0,0,46,0,0,0,0,0,0,6,0,0,0,25,53,0,0,0,5,0,57,6,0,0,0,0,27,0,0,0,0,23,127,60,0,0,0,0,27,0,0,0,0,37,166,0,0,0,0,0,0,0,0,0,backward
0,0,0,0,0,0,0,36,0,0,0,0,0,109,74,0,0,0,0,0,19,10,0,0,0,342,171,23,0,0,0,0,57,0,0,0,0,224,138,0,0,0,0,0,49,0,0,0,0,0,0,11,0,0,0,24,41,0,0,0,0,3,70,17,0,0,0,0,19,0,0,0,0,34,146,77,0,0,0,0,0,0,0,0,0,59,194,0,0,0,0,0,0,0,0,0,backward
0,0,0,0,0,0,0,33,0,0,0,0,0,108,71,0,0,0,0,0,17,0,0,0,0,367,178,26,0,0,0,0,55,0,0,0,0,225,139,0,0,0,0,0,48,0,0,0,0,0,0,12,0,0,0,23,41,0,0,0,0,9,75,18,0,0,0,0,11,0,0,0,0,31,142,72,0,0,0,0,0,0,0,0,0,53,195,0,0,0,0,0,0,0,0,0,backward
0,0,0,0,0,0,0,25,0,0,0,0,0,99,64,0,0,0,0,0,9,0,0,0,0,361,181,24,0,0,0,0,53,0,0,0,0,261,157,6,0,0,0,0,57,0,0,0,0,0,0,22,0,0,0,21,28,0,0,0,0,45,118,46,0,0,0,0,0,0,0,0,0,20,100,60,0,0,0,0,0,0,0,0,0,52,195,0,0,0,0,0,0,0,0,0,backward
0,0,0,0,0,0,0,21,0,0,0,0,0,80,54,0,0,0,0,0,5,0,0,0,0,380,186,23,0,0,0,0,56,0,0,0,0,250,155,5,0,0,0,0,57,0,0,0,0,0,0,21,0,0,0,27,35,0,0,0,0,63,130,54,0,0,0,0,5,0,0,0,0,14,101,53,0,0,0,0,0,0,0,0,0,65,203,0,0,0,0,0,0,0,0,0,backward
0,0,0,0,0,0,0,13,0,0,0,0,0,77,57,0,0,0,0,0,14,0,0,0,0,358,183,29,0,0,0,0,62,0,0,0,0,254,151,3,0,0,0,0,46,0,0,0,0,0,0,30,0,0,0,35,51,0,0,0,0,49,125,51,0,0,0,0,11,0,0,0,0,11,100,54,0,0,0,0,0,0,0,0,0,53,194,0,0,0,0,0,0,0,0,0,backward
0,0,0,0,0,0,0,14,0,0,0,0,0,69,47,0,0,0,0,0,11,0,0,0,0,354,176,23,0,0,0,0,52,0,0,0,0,256,158,10,0,0,0,0,58,0,0,0,0,0,0,26,0,0,0,33,53,0,0,0,0,51,127,53,0,0,0,0,20,0,0,0,0,6,98,52,0,0,0,0,0,0,0,0,0,45,189,0,0,0,0,0,0,0,0,0,backward
0,0,0,0,0,0,0,28,0,0,0,0,0,69,51,0,0,0,0,0,3,0,0,0,0,355,177,23,0,0,0,0,54,0,0,0,0,255,155,6,0,0,0,0,56,0,0,0,0,0,0,29,0,0,0,31,49,0,0,0,0,54,132,56,0,0,0,0,20,0,0,0,0,7,101,55,0,0,0,0,0,0,0,0,0,45,193,0,0,0,0,0,0,0,0,0,backward
0,0,0,0,0,0,0,22,0,0,0,0,0,82,55,0,0,0,0,0,0,0,0,0,0,382,185,24,0,0,0,0,53,0,0,0,0,299,167,7,0,0,0,0,60,0,0,0,0,0,0,25,0,0,0,22,27,0,0,0,0,73,147,61,0,0,0,0,0,0,0,0,0,30,114,62,0,0,0,0,0,0,0,0,0,88,229,0,0,0,0,0,0,0,0,0,backward
0,0,0,0,0,0,0,18,0,0,0,0,0,63,60,0,0,0,0,0,8,0,0,0,0,344,170,11,0,0,0,0,43,0,0,0,0,259,156,5,0,0,0,0,49,0,0,0,0,0,0,6,0,44,3,45,72,0,0,0,0,78,229,387,51,0,0,27,70,0,0,0,0,7,138,36,0,0,0,0,0,0,0,0,0,0,88,0,0,0,0,0,0,0,0,0,backward
0,0,0,0,0,0,0,8,0,0,0,0,0,48,49,0,0,0,0,0,0,0,0,0,0,305,161,8,0,0,0,0,47,0,0,0,29,236,157,0,0,0,0,0,46,0,0,0,0,0,0,8,0,39,0,37,65,0,0,0,0,86,238,399,48,0,0,27,68,0,0,0,0,6,142,40,0,0,0,0,0,0,0,0,0,0,102,0,0,0,0,0,0,0,0,0,backward
0,0,0,0,0,0,0,27,0,0,0,0,0,92,75,0,0,0,0,0,12,0,0,0,0,317,165,8,0,0,0,0,40,0,0,0,0,209,146,0,0,0,0,0,37,0,0,0,0,0,0,0,0,27,0,31,70,10,0,0,0,54,183,353,56,0,0,33,99,0,0,0,0,8,129,39,0,0,0,0,78,0,0,0,0,0,119,0,0,0,0,0,0,0,0,0,backward
0,0,0,0,0,0,0,35,0,0,0,0,0,88,66,0,0,0,0,0,10,0,0,0,0,290,161,14,0,0,0,0,48,0,0,0,0,197,130,0,0,0,0,0,44,0,0,0,0,0,0,3,0,20,0,30,66,12,0,0,0,44,166,329,47,0,0,27,93,0,0,0,0,6,125,39,0,0,0,0,95,0,0,0,0,0,132,0,0,0,0,0,0,0,0,0,backward
0,0,0,0,0,0,0,37,0,0,0,0,5,94,75,0,0,0,0,0,32,0,0,0,0,271,155,18,0,0,0,0,50,0,0,0,0,139,105,0,0,0,0,0,31,0,0,0,0,0,0,0,0,15,0,28,67,18,0,0,0,36,154,312,46,0,0,31,99,0,0,0,0,5,127,43,0,0,0,0,109,0,0,0,0,0,127,0,0,0,0,0,0,0,0,0,backward
0,0,0,0,0,0,0,42,0,0,0,0,0,103,80,4,0,0,0,0,36,10,0,0,0,266,152,17,0,0,0,0,46,0,0,0,0,124,102,0,0,0,0,0,26,0,0,0,0,0,0,0,0,8,0,20,62,16,0,0,0,30,143,295,33,0,0,35,102,0,0,0,0,4,122,37,0,0,0,0,134,0,0,0,0,0,137,0,0,0,0,0,0,0,0,0,backward
0,0,0,0,0,0,0,39,8,0,0,0,5,102,88,13,0,0,0,0,37,16,0,0,0,275,146,11,0,0,0,0,44,0,0,0,0,164,118,0,0,0,0,0,33,0,0,0,0,0,0,0,0,9,0,19,65,16,0,0,0,33,143,291,33,0,0,32,94,0,0,0,0,3,124,40,0,0,0,0,138,0,0,0,0,0,140,0,0,0,0,0,0,0,0,0,backward
0,0,0,0,0,0,0,35,0,0,0,0,0,105,80,0,0,0,0,0,28,0,0,0,0,306,162,21,0,0,0,0,54,0,0,0,0,180,128,0,0,0,0,0,40,0,0,0,0,0,0,0,0,8,0,15,63,5,0,0,0,33,145,298,27,0,0,29,89,0,0,0,0,5,121,38,0,0,0,0,113,0,0,0,0,0,148,0,0,0,0,0,0,0,0,0,backward
0,0,0,0,0,0,0,38,0,0,0,0,0,137,99,15,0,0,0,6,41,6,0,0,0,342,179,28,0,0,0,0,48,0,0,0,0,177,125,0,0,0,0,0,27,0,0,0,0,0,0,0,0,9,0,15,60,13,0,0,0,45,165,314,33,0,0,33,92,0,0,0,0,9,128,42,0,0,0,0,123,0,0,0,0,0,156,0,0,0,0,0,0,0,0,0,backward
0,0,0,0,0,0,0,41,15,0,0,0,17,48,59,7,0,0,0,4,57,41,0,0,0,139,97,7,0,0,0,0,39,0,0,0,0,24,49,0,0,0,0,0,30,0,0,0,0,0,0,0,0,31,0,44,103,96,0,0,0,0,81,199,27,0,0,15,80,25,0,0,0,0,87,17,0,0,0,0,151,4,0,0,0,0,91,0,0,0,0,0,0,0,0,0,backward
0,0,0,0,0,0,0,28,3,0,0,0,0,71,66,0,0,0,0,0,37,22,0,0,0,262,144,22,0,0,0,0,55,0,0,0,0,132,110,0,0,0,0,0,46,0,0,0,0,0,0,9,0,49,0,48,116,131,0,0,0,4,106,263,42,0,0,13,79,31,0,0,0,0,102,24,0,0,0,0,129,4,0,0,0,0,97,0,0,0,0,0,0,0,0,0,backward
0,0,0,0,0,0,0,41,11,0,0,0,3,79,75,8,0,0,0,0,47,32,0,0,0,256,148,29,0,0,0,0,61,0,0,0,0,102,90,0,0,0,0,0,31,0,0,0,0,0,0,13,0,53,7,57,124,147,0,0,0,0,109,266,47,0,0,16,84,37,0,0,0,0,101,22,0,0,0,0,135,0,0,0,0,0,95,0,0,0,0,0,0,0,0,0,backward
0,0,0,0,0,0,0,42,13,0,0,0,13,113,92,18,0,0,0,0,40,14,0,0,0,284,149,10,0,0,0,0,42,0,0,0,0,139,104,0,0,0,0,0,33,0,0,0,0,0,0,19,0,41,0,43,104,112,0,0,0,9,126,288,40,0,0,14,76,26,0,0,0,0,112,30,0,0,0,0,137,0,0,0,0,0,123,0,0,0,0,0,0,0,0,0,backward
0,0,0,0,0,0,0,38,8,0,0,0,0,124,94,14,0,0,0,0,38,14,0,0,0,319,171,28,0,0,0,0,57,0,0,0,0,150,109,0,0,0,0,0,27,0,0,0,0,0,0,3,0,37,0,51,116,148,0,0,0,0,72,216,32,0,0,13,71,41,0,0,0,0,91,20,0,0,0,0,143,18,0,0,0,0,100,0,0,0,0,0,0,0,0,0,backward
0,0,0,0,0,0,0,53,25,0,0,0,7,134,104,32,0,0,0,8,43,18,0,0,0,270,145,14,0,0,0,0,41,0,0,0,0,73,82,0,0,0,0,0,18,0,0,0,0,0,0,3,0,10,0,33,96,144,0,0,0,0,30,136,0,0,0,0,48,39,0,0,0,0,85,25,0,0,0,0,152,39,0,0,0,0,155,0,0,0,0,0,0,0,0,0,backward
0,0,0,0,0,0,0,43,14,0,0,0,0,126,93,19,0,0,0,0,38,13,0,0,0,272,150,23,0,0,0,0,51,0,0,0,0,85,88,0,0,0,0,0,24,0,0,0,0,0,0,0,0,12,0,37,102,151,0,0,0,0,32,136,0,0,0,0,55,43,0,0,0,0,85,26,0,0,0,0,153,39,0,0,0,0,147,0,0,0,0,0,0,0,0,0,backward
0,0,0,0,0,0,0,56,27,0,0,0,8,137,106,34,0,0,0,8,44,21,0,0,0,265,140,13,0,0,0,0,42,0,0,0,0,77,82,0,0,0,0,0,15,0,0,0,0,0,0,4,0,12,0,38,102,150,0,0,0,0,27,131,0,0,0,0,50,38,0,0,0,0,83,25,0,0,0,0,154,40,0,0,0,0,154,0,0,0,0,0,0,0,0,0,backward
0,0,0,0,0,0,0,71,40,0,0,0,8,127,96,24,0,0,0,0,31,15,0,0,0,232,135,15,0,0,0,0,49,0,0,0,0,72,82,0,0,0,0,0,19,0,0,0,0,0,0,0,0,12,0,33,97,151,0,0,0,0,27,137,0,0,0,0,54,43,0,0,0,0,83,24,0,0,0,0,164,44,0,0,0,0,144,0,0,0,0,0,0,0,0,0,backward
0,0,0,0,0,0,0,52,20,0,0,0,0,121,93,23,0,0,0,0,39,21,0,0,0,241,142,24,0,0,0,0,59,0,0,0,0,78,87,0,0,0,0,0,23,0,0,0,0,0,0,0,0,20,0,43,107,161,0,0,0,0,31,142,0,0,0,4,57,44,0,0,0,0,79,20,0,0,0,0,160,39,0,0,0,0,138,0,0,0,0,0,0,0,0,0,backward
0,0,0,0,0,0,0,46,16,0,0,0,0,110,88,18,0,0,0,0,43,23,0,0,0,244,143,25,0,0,0,0,51,0,0,0,0,77,84,0,0,0,0,0,24,0,0,0,0,0,0,0,0,16,0,40,107,165,0,0,0,0,29,138,0,0,0,5,58,46,0,0,0,0,81,23,0,0,0,0,175,46,0,0,0,0,156,0,0,0,0,0,0,0,0,0,backward
0,0,0,0,0,0,0,73,60,0,0,0,10,129,101,32,0,0,0,11,54,33,0,0,0,241,138,21,0,0,0,0,43,0,0,0,0,63,69,0,0,0,0,0,19,0,0,0,0,0,0,0,0,9,0,32,96,149,0,0,0,0,40,156,0,0,0,3,57,45,0,0,0,0,99,33,0,0,0,0,165,44,0,0,0,0,172,0,0,0,0,0,0,0,0,0,backward
0,0,0,0,0,0,0,61,57,0,0,0,0,113,87,18,0,0,0,0,45,32,0,0,0,234,136,24,0,0,0,0,53,0,0,0,0,61,78,0,0,0,0,0,26,0,0,0,0,0,0,0,0,20,0,44,110,167,0,0,0,0,35,148,0,0,0,6,62,48,0,0,0,0,85,25,0,0,0,0,164,40,0,0,0,0,150,0,0,0,0,0,0,0,0,0,backward
0,0,0,0,0,0,0,90,58,11,0,0,0,0,24,0,0,0,0,47,114,107,0,0,0,0,26,0,0,0,0,0,50,0,0,0,0,0,0,0,0,0,0,0,32,0,0,0,0,0,0,0,0,10,0,57,135,247,0,0,0,0,0,33,0,0,0,0,69,60,0,0,0,0,37,0,0,0,0,0,197,57,0,0,0,0,24,0,0,0,0,0,0,0,0,0,forward
0,0,0,0,0,0,0,88,54,9,0,0,0,0,12,0,0,0,0,46,113,111,0,0,0,0,25,0,0,0,0,0,66,0,0,0,0,0,0,0,0,0,0,0,26,0,0,0,0,0,0,0,0,5,0,55,139,250,0,0,0,0,0,18,0,0,0,0,70,59,0,0,0,0,34,0,0,0,0,0,203,57,0,0,0,0,19,0,0,0,0,0,0,0,0,0,forward
0,0,0,0,0,0,0,75,44,0,0,0,0,0,0,0,0,0,0,51,117,115,0,0,0,0,14,0,0,0,0,0,62,0,0,0,0,0,0,0,0,0,0,0,38,0,0,0,0,0,0,0,0,4,0,60,145,257,0,0,0,0,0,0,0,0,0,0,68,60,0,0,0,0,24,0,0,0,0,0,209,60,0,0,0,0,9,0,0,0,0,0,0,0,0,0,forward
0,0,0,0,0,0,0,94,60,15,0,0,0,0,0,0,0,0,0,54,123,118,0,0,0,0,7,0,0,0,0,0,57,0,0,0,0,0,0,0,0,0,0,0,40,0,0,0,0,0,0,0,0,0,0,55,144,260,0,0,0,0,0,10,0,0,0,0,71,63,0,0,0,0,36,0,0,0,0,0,203,60,0,0,0,0,7,0,0,0,0,0,0,0,0,0,forward
0,0,0,0,0,0,0,92,51,0,0,0,0,0,0,0,0,0,0,43,112,104,0,0,0,0,16,0,0,0,0,0,66,0,0,0,0,0,0,0,0,0,0,0,45,0,0,0,0,0,0,0,0,12,0,63,144,252,0,0,0,0,0,23,0,0,0,0,68,58,0,0,0,0,43,0,0,0,0,0,197,56,0,0,0,0,25,0,0,0,0,0,0,0,0,0,forward
0,0,0,0,0,0,0,92,56,9,0,0,0,0,13,0,0,0,0,54,120,112,0,0,0,0,23,0,0,0,0,0,65,0,0,0,0,0,0,0,0,0,0,0,40,0,0,0,0,0,0,0,0,3,0,57,141,257,0,0,0,0,0,30,0,0,0,0,75,65,0,0,0,0,45,0,0,0,0,0,196,58,0,0,0,0,30,0,0,0,0,0,0,0,0,0,forward
0,0,68,19,18,37,27,157,75,0,0,0,0,153,103,36,0,0,0,33,48,0,0,0,0,60,70,0,0,0,0,0,17,0,0,0,0,0,0,0,0,0,0,0,0,0,0,0,0,0,0,0,0,0,0,12,45,91,0,0,0,0,0,40,0,0,0,0,37,40,0,0,0,0,68,18,0,0,0,0,162,56,0,0,0,0,182,30,0,0,0,0,0,13,0,0,strafe_left
4,0,78,30,33,53,44,169,86,0,0,0,0,147,98,31,0,0,0,27,43,0,0,0,0,56,67,0,0,0,0,0,17,0,0,0,0,0,0,0,0,0,0,0,0,0,0,0,0,0,0,0,0,0,0,18,47,96,0,0,0,0,0,40,0,0,0,0,34,37,0,0,0,0,67,18,0,0,0,0,171,57,0,0,0,0,180,27,0,0,0,0,0,12,0,0,strafe_left
3,0,75,28,30,52,43,169,81,0,0,0,0,144,99,35,0,0,0,29,40,0,0,0,0,44,62,0,0,0,0,0,15,0,0,0,0,0,0,0,0,0,0,0,0,0,0,0,0,0,0,0,0,0,0,15,46,88,0,0,0,0,0,32,0,0,0,0,33,37,0,0,0,0,67,19,0,0,0,0,181,62,0,0,0,0,178,30,0,0,0,0,0,16,0,0,strafe_left
0,0,73,22,22,39,29,162,75,0,0,0,0,183,116,45,0,0,0,30,30,0,0,0,0,69,77,0,0,0,0,0,15,0,0,0,0,0,0,0,0,0,0,0,0,0,0,0,0,0,0,0,0,0,0,8,35,81,0,0,0,0,0,33,0,0,0,0,35,39,0,0,0,0,68,22,0,0,0,0,185,66,0,0,0,0,179,29,0,0,0,0,0,7,0,0,strafe_left
3,0,104,44,38,51,44,166,79,0,0,0,0,205,127,51,0,0,0,13,12,0,0,0,0,88,81,0,0,0,0,0,0,0,0,0,0,0,0,0,0,0,0,0,0,0,0,0,0,0,0,0,0,0,0,13,39,74,0,0,0,0,0,42,0,0,0,0,29,31,0,0,0,0,73,19,0,0,0,0,169,56,0,0,0,8,191,32,0,0,0,0,0,11,0,0,strafe_left
3,6,113,53,49,60,44,168,77,0,0,0,0,234,131,48,0,0,0,11,0,0,0,0,0,101,86,0,0,0,0,0,0,0,0,0,0,0,0,0,0,0,0,0,0,0,0,0,0,0,0,0,0,0,0,4,22,40,0,0,0,0,0,26,0,0,0,0,20,19,0,0,0,0,78,22,0,0,0,0,163,54,0,0,0,32,232,56,0,0,0,0,0,19,0,0,strafe_left
0,16,96,36,47,55,38,134,42,0,0,0,0,150,92,17,0,0,0,0,0,0,0,0,0,0,39,0,0,0,0,0,0,0,0,0,0,0,0,0,0,0,0,0,0,0,0,0,0,0,0,0,0,0,0,0,0,0,0,0,0,0,0,0,0,0,0,0,3,0,0,0,0,0,73,0,0,0,0,0,102,23,0,0,0,42,227,53,0,0,0,0,5,17,0,0,strafe_left
0,0,60,27,43,62,49,165,67,0,0,0,0,129,82,23,0,0,0,4,0,0,0,0,0,0,46,0,0,0,0,0,0,0,0,0,0,0,0,0,0,0,0,0,0,0,0,0,0,0,0,0,0,0,0,0,0,29,0,0,0,0,0,26,0,0,0,0,8,20,0,0,0,0,81,15,0,0,0,0,101,37,0,0,0,0,122,0,0,0,0,0,5,0,0,0,strafe_left
0,0,60,32,52,76,68,181,86,0,0,0,0,68,55,7,0,0,0,0,0,0,0,0,0,0,30,0,0,0,0,0,0,0,0,0,0,0,0,0,0,0,0,0,0,0,0,0,0,0,0,0,0,0,0,0,0,36,0,0,0,0,0,24,0,0,0,0,8,23,0,0,0,0,71,10,0,0,0,0,112,40,0,0,0,0,96,0,0,0,0,0,6,0,0,0,strafe_left
0,0,27,5,32,60,53,173,74,0,0,0,0,15,33,0,0,0,0,0,0,0,0,0,0,0,20,0,0,0,0,0,0,0,0,0,0,0,0,0,0,0,0,0,0,0,0,0,0,0,0,0,0,0,0,0,0,42,0,0,0,0,0,20,0,0,0,0,12,23,0,0,0,0,61,9,0,0,0,0,119,46,0,0,0,0,85,0,0,0,0,0,4,0,0,0,strafe_left
0,0,15,0,29,65,60,190,92,0,0,0,5,4,25,0,0,0,0,9,5,0,0,0,0,0,23,0,0,0,0,0,0,0,0,0,0,0,0,0,0,0,0,0,0,0,0,0,0,0,0,0,0,0,0,0,0,51,0,0,0,0,0,27,0,0,0,0,12,26,0,0,0,0,70,13,0,0,0,0,111,42,0,0,0,0,91,0,0,0,0,0,0,0,0,0,strafe_left
0,0,47,21,48,78,69,192,97,0,0,0,0,32,33,0,0,0,0,0,0,0,0,0,0,0,32,0,0,0,0,0,0,0,0,0,0,0,0,0,0,0,0,0,0,0,0,0,0,0,0,0,0,0,0,0,3,59,0,0,0,0,0,28,0,0,0,0,10,24,0,0,0,0,69,11,0,0,0,0,111,43,0,0,0,0,97,0,0,0,0,0,0,0,0,0,strafe_left
0,0,39,12,39,68,59,182,85,0,0,0,0,52,47,10,0,0,0,5,0,0,0,0,0,0,40,0,0,0,0,0,0,0,0,0,0,0,0,0,0,0,0,0,0,0,0,0,0,0,0,0,0,0,0,0,0,55,0,0,0,0,0,37,0,0,0,0,14,27,0,0,0,0,74,15,0,0,0,0,112,43,0,0,0,0,103,0,0,0,0,0,0,0,0,0,strafe_left
0,0,42,7,32,60,50,169,75,0,0,0,0,56,52,13,0,0,0,5,0,0,0,0,0,0,38,0,0,0,0,0,0,0,0,0,0,0,0,0,0,0,0,0,0,0,0,0,0,0,0,0,0,0,0,0,0,54,0,0,0,0,0,39,0,0,0,0,13,25,0,0,0,0,75,14,0,0,0,0,108,40,0,0,0,0,107,0,0,0,0,0,0,0,0,0,strafe_left
0,0,36,6,29,53,44,162,71,0,0,0,0,73,58,15,0,0,0,8,3,0,0,0,0,0,40,0,0,0,0,0,0,0,0,0,0,0,0,0,0,0,0,0,0,0,0,0,0,0,0,0,0,0,0,0,0,61,0,0,0,0,0,35,0,0,0,0,13,26,0,0,0,0,72,13,0,0,0,0,105,39,0,0,0,0,110,0,0,0,0,0,0,0,0,0,strafe_left
7,12,95,44,49,51,41,134,56,0,0,0,0,164,93,29,0,0,0,0,0,0,0,0,0,17,49,0,0,0,0,0,0,0,0,0,0,0,0,0,0,0,0,0,0,0,0,0,0,0,0,0,0,0,0,0,7,62,0,0,0,0,0,42,0,0,0,0,10,20,0,0,0,0,76,15,0,0,0,0,100,32,0,0,0,0,112,0,0,0,0,0,0,0,0,0,strafe_left
0,0,68,20,17,28,28,126,54,0,0,0,0,182,110,38,0,0,0,9,0,0,0,0,0,63,70,0,0,0,0,0,0,0,0,0,0,0,0,0,0,0,0,0,0,0,0,0,0,0,0,0,0,0,0,0,26,70,0,0,0,0,24,73,0,0,0,0,22,28,0,0,0,0,79,17,0,0,0,0,86,26,0,0,0,0,99,0,0,0,0,0,0,0,0,0,strafe_left
0,0,0,0,0,0,0,0,0,0,0,0,0,0,4,0,0,0,0,0,0,0,0,0,0,145,96,0,0,0,0,0,52,0,10,0,0,98,90,0,0,0,0,0,73,0,0,0,0,0,0,64,11,50,28,60,122,111,0,0,0,0,30,48,0,0,0,0,21,0,0,0,0,0,47,0,0,0,0,0,23,0,0,0,0,0,10,0,0,0,0,0,0,0,0,0,strafe_right
0,0,0,0,0,0,0,0,0,0,0,0,0,0,0,0,0,0,0,0,0,0,0,0,0,149,98,0,0,0,0,0,58,0,21,0,0,88,84,3,0,0,0,0,73,0,0,0,0,0,0,62,9,50,26,59,119,110,0,0,0,0,33,51,0,0,0,0,25,0,0,0,0,0,47,0,0,0,0,0,17,0,0,0,0,0,5,0,0,0,0,0,0,0,0,0,strafe_right
0,0,0,0,0,0,0,0,0,0,0,0,0,0,0,0,0,0,0,0,0,0,0,0,0,144,94,0,0,0,0,0,54,0,18,0,0,99,93,9,0,0,0,0,84,0,0,0,0,0,0,57,8,50,27,59,120,109,0,0,0,0,33,48,0,0,0,0,22,0,0,0,0,0,47,0,0,0,0,0,15,0,0,0,0,0,4,0,0,0,0,0,0,0,0,0,strafe_right
0,0,0,0,0,0,0,0,0,0,0,0,0,0,0,0,0,0,0,0,0,0,0,0,0,144,94,0,0,0,0,0,48,0,11,0,0,102,91,5,0,0,0,0,84,0,0,0,0,0,0,63,14,55,33,64,129,111,0,0,0,0,33,47,0,0,0,0,19,0,0,0,0,0,43,0,0,0,0,0,9,0,0,0,0,0,6,0,0,0,0,0,0,0,0,0,strafe_right
0,0,0,0,0,0,0,0,0,0,0,0,0,0,0,0,0,0,0,0,0,0,0,0,0,154,101,0,0,0,0,0,57,0,18,0,0,108,88,4,0,0,0,0,79,0,0,0,0,0,0,64,13,54,30,61,122,99,0,0,0,0,36,50,0,0,0,0,20,0,0,0,0,0,43,0,0,0,0,0,7,0,0,0,0,0,7,0,0,0,0,0,0,0,0,0,strafe_right
0,0,0,0,0,0,0,0,0,0,0,0,0,0,0,0,0,0,0,0,0,0,0,0,0,166,101,0,0,0,0,0,55,0,12,0,0,137,108,17,5,0,0,0,86,0,0,0,0,0,0,66,13,54,29,62,127,102,0,0,0,0,38,52,0,0,0,0,21,0,0,0,0,0,45,0,0,0,0,0,8,0,0,0,0,0,5,0,0,0,0,0,0,0,0,0,strafe_right
0,0,4,0,0,0,0,66,40,0,0,0,24,47,61,16,0,0,0,17,45,18,0,0,0,178,103,0,0,0,0,0,41,0,0,0,0,0,30,0,0,0,0,0,19,0,0,0,0,0,0,33,0,0,0,19,52,88,0,0,0,0,61,62,0,0,0,0,26,11,0,0,0,0,73,12,0,0,0,0,77,7,0,0,0,0,42,0,0,0,0,0,0,0,0,0,none
0,0,5,0,0,0,0,66,39,0,0,0,20,48,62,16,0,0,0,16,39,13,0,0,0,195,107,0,0,0,0,0,41,0,0,0,0,0,27,0,0,0,0,0,16,0,0,0,0,0,0,29,0,0,0,0,39,71,0,0,0,0,77,79,0,0,0,0,29,16,0,0,0,0,81,29,0,0,0,0,84,12,0,0,0,0,73,0,0,0,0,0,0,0,0,0,none
0,0,12,0,0,0,5,68,41,0,0,0,21,51,63,19,0,0,0,19,45,19,0,0,0,137,89,0,0,0,0,0,35,0,0,0,0,0,12,0,0,0,0,0,13,0,0,0,0,0,0,19,0,0,0,5,52,105,0,0,0,0,46,38,0,0,0,0,21,9,0,0,0,0,68,7,0,0,0,0,76,8,0,0,0,0,36,0,0,0,0,0,0,0,0,0,none
0,0,9,0,0,0,3,67,39,0,0,0,18,43,58,17,0,0,0,22,46,20,0,0,0,135,93,0,0,0,0,0,38,0,0,0,0,0,9,0,0,0,0,0,10,0,0,0,0,0,0,22,0,0,0,11,54,111,0,0,0,0,41,38,0,0,0,0,20,9,0,0,0,0,64,5,0,0,0,0,79,8,0,0,0,0,32,0,0,0,0,0,0,0,0,0,none
0,0,6,0,0,0,5,70,41,0,0,0,20,35,56,17,0,0,0,24,49,24,0,0,0,110,81,0,0,0,0,0,31,0,0,0,0,0,7,0,0,0,0,0,14,0,0,0,0,0,0,19,0,0,0,13,56,113,0,0,0,0,40,41,0,0,0,0,22,8,0,0,0,0,67,4,0,0,0,0,80,10,0,0,0,0,32,0,0,0,0,0,0,0,0,0,none
6,0,10,0,0,0,3,65,36,0,0,0,14,18,43,3,0,0,0,10,41,16,0,0,0,101,79,0,0,0,0,0,40,0,0,0,0,0,17,0,0,0,0,0,21,0,0,0,0,0,0,14,0,0,0,14,55,111,0,0,0,0,45,48,0,0,0,0,26,12,0,0,0,0,70,6,0,0,0,0,79,9,0,0,0,0,29,0,0,0,0,0,0,0,0,0,none
0,0,0,0,0,0,0,68,41,0,0,0,21,22,48,9,0,0,0,19,48,26,0,0,0,78,73,0,0,0,0,0,40,0,0,0,0,0,6,0,0,0,0,0,13,0,0,0,0,0,0,23,0,0,0,20,59,117,0,0,0,0,42,45,0,0,0,0,22,7,0,0,0,0,66,0,0,0,0,0,77,8,0,0,0,0,31,0,0,0,0,0,0,0,0,0,none
10,0,12,0,0,0,12,74,46,0,0,0,10,15,41,0,0,0,0,10,41,19,0,0,0,83,72,0,0,0,0,0,41,0,0,0,0,0,8,0,0,0,0,0,21,0,0,0,0,0,0,14,0,0,0,13,53,112,0,0,0,0,44,47,0,0,0,0,26,11,0,0,0,0,67,4,0,0,0,0,81,12,0,0,0,0,31,0,0,0,0,0,0,0,0,0,none
8,0,4,0,0,4,11,74,51,0,0,0,15,0,28,0,0,0,0,12,47,23,0,0,0,34,49,0,0,0,0,0,40,0,0,0,0,0,0,0,0,0,0,0,23,0,0,0,0,0,0,13,0,0,0,17,58,119,0,0,0,0,34,40,0,0,0,0,27,15,0,0,0,0,67,0,0,0,0,0,81,10,0,0,0,0,27,0,0,0,0,0,0,0,0,0,none
0,0,0,0,0,0,4,72,47,0,0,0,21,5,39,0,0,0,0,23,58,34,0,0,0,49,58,0,0,0,0,0,42,0,0,0,0,0,0,0,0,0,0,0,16,0,0,0,0,0,0,19,0,0,0,23,67,129,0,0,0,0,38,42,0,0,0,0,21,10,0,0,0,0,61,0,0,0,0,0,80,9,0,0,0,0,27,0,0,0,0,0,0,0,0,0,none
0,0,0,0,0,0,0,57,35,0,0,0,17,7,37,3,0,0,0,21,55,32,0,0,0,58,59,0,0,0,0,0,46,0,0,0,0,0,0,0,0,0,0,0,20,0,0,0,0,0,0,17,0,0,0,21,63,126,0,0,0,0,39,43,0,0,0,0,28,16,0,0,0,0,59,0,0,0,0,0,78,5,0,0,0,0,24,0,0,0,0,0,0,0,0,0,none
0,0,0,0,0,0,6,74,49,0,0,0,25,11,45,8,0,0,0,23,59,34,0,0,0,38,46,0,0,0,0,0,37,0,0,0,0,0,0,0,0,0,0,0,22,0,0,0,0,0,0,13,0,0,0,17,58,124,0,0,0,0,23,30,0,0,0,0,26,14,0,0,0,0,59,0,0,0,0,0,84,13,0,0,0,0,22,0,0,0,0,0,0,0,0,0,none
0,0,0,0,0,0,0,62,36,0,0,0,13,0,32,0,0,0,0,20,59,33,0,0,0,43,52,0,0,0,0,0,44,0,0,0,0,0,0,0,0,0,0,0,27,0,0,0,0,0,0,12,0,0,0,21,63,132,0,0,0,0,28,35,0,0,0,0,30,20,0,0,0,0,59,0,0,0,0,0,81,10,0,0,0,0,16,0,0,0,0,0,0,0,0,0,none
10,0,4,0,0,0,10,76,48,0,0,0,13,0,32,0,0,0,0,12,51,26,0,0,0,51,55,0,0,0,0,0,43,0,0,0,0,0,0,0,0,0,0,0,27,0,0,0,0,0,0,11,0,0,0,22,63,133,0,0,0,0,26,34,0,0,0,0,27,18,0,0,0,0,62,0,0,0,0,0,84,12,0,0,0,0,15,0,0,0,0,0,0,0,0,0,none
0,0,3,0,0,0,0,59,31,0,0,0,10,24,41,0,0,0,0,18,49,24,0,0,0,82,70,0,0,0,0,0,42,0,0,0,0,0,13,0,0,0,0,0,28,0,0,0,0,0,0,24,0,0,0,23,66,135,0,0,0,0,33,40,0,0,0,0,28,18,0,0,0,0,66,0,0,0,0,0,80,9,0,0,0,0,22,0,0,0,0,0,0,0,0,0,none
0,0,0,0,0,3,18,76,64,26,0,0,5,46,96,43,0,0,0,58,136,109,0,0,0,226,162,78,0,0,0,61,155,46,21,0,0,28,94,27,0,0,0,0,89,0,0,0,0,0,0,27,0,0,0,30,64,38,0,0,0,40,168,81,0,0,9,0,73,90,0,0,0,0,216,317,80,0,0,0,324,141,0,30,0,0,79,6,0,0,0,0,10,23,0,0,none
0,0,0,0,0,0,12,70,58,22,0,0,5,41,93,43,6,0,0,68,149,125,0,0,0,200,144,63,0,0,0,56,148,43,16,0,0,8,80,20,0,0,0,0,87,0,0,0,0,0,0,23,0,0,0,27,63,43,0,0,0,32,160,80,0,0,11,0,72,96,0,0,0,0,212,307,76,0,0,0,331,152,8,43,0,0,72,0,0,0,0,0,10,21,0,0,none
0,0,0,0,0,0,5,62,44,11,0,0,0,45,87,31,0,0,0,59,144,120,0,0,0,223,160,76,0,0,0,69,161,57,24,0,0,31,90,30,0,0,0,0,94,0,0,0,0,0,0,28,0,0,0,37,72,53,0,0,0,31,165,86,0,0,16,0,69,99,4,0,0,0,212,301,64,0,0,0,326,143,0,28,0,0,78,4,0,0,0,0,14,20,0,0,none
0,0,5,0,0,6,15,75,60,22,0,0,0,64,101,36,0,0,0,54,138,111,0,0,0,264,172,82,0,0,0,66,154,51,20,0,0,37,89,25,0,0,0,0,86,0,0,0,0,0,0,34,0,0,0,35,72,52,0,0,0,38,181,95,0,0,21,4,75,106,9,0,0,0,217,313,72,0,0,0,325,141,0,27,0,6,83,8,0,0,0,0,12,20,0,0,none
0,0,0,0,0,12,23,84,72,32,0,0,0,71,110,44,0,0,0,55,137,110,0,0,0,278,175,81,0,0,0,65,153,51,19,0,0,35,88,23,0,0,0,0,75,0,0,0,0,0,0,34,0,0,0,34,70,51,0,0,0,38,182,94,0,0,17,0,75,106,9,0,0,0,230,327,78,0,0,0,334,149,6,32,0,4,83,5,0,0,0,0,9,17,0,0,none
0,0,5,0,0,14,25,86,71,30,0,0,0,70,109,42,3,0,0,61,143,113,0,0,0,284,186,92,0,0,0,67,156,51,22,0,0,30,89,23,0,0,0,0,73,0,0,0,0,0,0,0,0,0,0,14,50,20,0,0,0,37,175,70,0,0,5,0,65,85,0,0,0,0,233,333,68,0,0,0,350,153,9,28,0,20,115,44,0,0,0,0,32,40,0,0,none
0,0,0,0,0,10,18,81,68,27,0,0,0,109,142,75,30,12,0,87,168,138,0,0,0,312,203,111,0,0,0,68,155,44,0,0,0,36,97,22,0,0,0,0,73,0,0,0,0,0,0,6,0,0,0,14,46,19,0,0,0,41,176,74,0,0,0,0,60,73,0,0,0,0,223,312,68,0,0,0,323,137,13,0,0,24,105,29,0,0,0,0,18,21,0,0,none
0,0,6,0,0,9,18,82,67,30,0,0,0,114,151,79,29,4,0,84,172,141,0,0,0,312,215,123,8,0,0,80,164,56,16,0,0,42,101,25,0,0,0,0,69,0,0,0,0,0,0,10,0,0,0,14,48,21,0,0,0,36,162,68,0,0,0,0,56,71,0,0,0,0,219,289,59,0,0,0,308,132,7,0,0,15,101,25,0,0,0,0,15,25,0,0,none
0,0,18,0,0,9,16,78,67,26,0,0,0,129,164,87,37,10,0,87,166,133,0,0,0,326,221,124,5,0,0,76,155,40,0,0,0,67,124,32,0,0,0,0,76,0,0,0,0,0,0,11,0,0,0,17,51,22,0,0,0,29,174,77,0,0,0,0,57,72,0,0,0,0,224,293,61,0,0,0,293,123,5,11,0,23,102,21,0,0,0,0,9,16,0,0,none
0,0,21,0,0,8,15,69,55,13,0,0,0,126,158,74,19,0,0,69,141,112,0,0,0,344,221,117,0,0,0,69,138,42,0,0,0,87,134,39,0,0,0,0,73,0,0,0,0,0,0,23,0,0,0,26,60,32,0,0,0,49,199,98,0,0,4,0,59,76,0,0,0,0,237,332,69,0,0,0,313,132,3,13,0,21,118,36,0,0,0,0,14,24,0,0,none
0,0,11,0,0,6,15,77,66,25,0,0,0,124,160,80,30,6,0,87,164,138,0,0,0,341,221,122,6,0,0,73,145,45,14,0,0,46,105,24,0,0,0,0,61,0,0,0,0,0,0,11,0,0,0,11,48,21,0,0,0,44,192,90,0,0,3,0,59,76,0,0,0,0,242,341,72,0,0,0,330,137,9,13,0,28,127,41,0,0,0,0,17,28,0,0,none
0,0,0,0,0,11,17,78,73,28,0,0,0,105,156,81,32,8,0,90,172,146,0,0,0,316,214,127,14,0,0,83,164,56,26,0,0,22,94,23,0,0,0,0,54,0,0,0,0,0,0,9,0,0,0,12,48,20,0,0,0,34,173,72,0,0,0,0,58,74,0,0,0,0,228,300,59,0,0,0,318,132,5,0,0,23,116,38,0,0,0,0,18,29,0,0,none
0,0,32,0,0,27,34,98,92,50,0,0,0,139,173,85,32,8,0,84,165,138,0,0,0,343,222,124,0,0,0,81,164,57,24,0,0,65,119,36,0,0,0,0,72,0,0,0,0,0,0,23,0,0,0,22,56,24,0,0,0,48,190,99,0,0,6,0,59,70,0,0,0,0,229,297,58,0,0,0,241,96,0,0,0,24,107,10,0,0,0,0,0,0,0,0,none
0,0,0,0,0,0,0,47,31,0,0,0,0,139,156,58,0,0,0,38,86,61,0,0,0,384,245,117,0,0,0,62,128,31,0,0,0,213,190,61,0,0,0,0,88,0,0,0,0,0,6,59,0,0,0,43,69,46,0,0,0,80,235,130,13,0,10,0,69,84,0,0,0,0,262,342,82,0,0,0,296,122,0,40,0,15,105,11,0,0,0,0,9,10,0,0,none
0,0,11,0,0,0,3,64,50,10,0,0,0,137,163,61,0,0,0,38,93,69,0,0,0,394,247,117,0,0,0,68,134,38,6,0,0,202,182,58,0,0,0,0,88,0,0,0,0,0,0,28,0,0,0,22,53,23,0,0,0,87,250,128,0,0,7,0,61,71,0,0,0,0,268,352,76,0,0,0,298,120,0,44,0,36,137,38,0,0,0,0,15,17,0,0,none
0,0,8,0,0,0,6,72,65,21,0,0,0,137,167,79,27,0,0,70,144,109,0,0,0,351,236,129,11,0,0,79,142,39,5,0,0,62,118,25,0,0,0,0,53,0,0,0,0,0,0,4,0,0,0,6,39,9,0,0,0,54,200,87,0,0,0,0,53,65,0,0,0,0,249,319,66,0,0,0,311,131,0,79,0,36,135,41,0,0,0,0,24,31,0,0,none
4,0,26,0,0,22,30,88,76,33,0,0,0,106,147,69,21,0,0,74,161,121,0,0,0,306,208,105,0,0,0,69,139,37,0,0,0,19,92,13,0,0,0,0,60,0,0,0,0,0,0,3,0,0,0,15,49,22,0,0,0,37,173,69,0,0,0,0,57,70,0,0,0,0,227,296,59,0,0,0,313,131,0,88,0,15,114,31,0,0,0,0,19,27,0,0,none
0,0,16,0,0,14,26,90,80,30,0,0,0,120,157,83,37,15,0,97,180,138,0,0,0,296,208,116,8,0,0,70,131,32,0,0,0,0,72,0,0,0,0,0,34,0,0,0,0,0,0,0,0,0,0,13,46,20,0,0,0,11,145,49,0,0,0,0,60,73,0,0,0,0,222,277,55,0,0,0,318,134,0,109,0,15,97,22,0,0,0,0,19,25,0,0,none
0,0,22,0,0,18,27,95,86,35,0,0,0,134,168,91,45,22,0,109,196,156,0,0,0,308,209,119,6,0,0,67,132,29,0,0,0,4,82,0,0,0,0,0,44,0,0,0,0,0,0,0,0,0,0,14,52,27,0,0,0,11,146,51,0,0,0,0,61,75,0,0,0,0,216,281,60,0,0,0,317,136,0,107,0,14,95,19,0,0,0,0,12,18,0,0,none
0,0,80,44,128,195,158,215,169,47,0,0,0,83,109,77,75,50,0,83,157,76,0,0,0,91,106,34,0,0,0,0,52,0,0,0,0,0,7,0,0,0,0,0,0,0,0,0,0,0,0,0,0,0,0,0,3,0,0,0,0,0,64,0,0,0,0,0,17,24,0,0,0,0,178,194,0,0,0,0,350,154,14,38,0,38,117,64,0,0,0,0,64,113,0,0,strafe_left
0,0,84,50,143,211,173,226,186,67,0,0,0,104,127,90,88,66,16,105,183,93,0,0,0,97,107,36,0,0,0,0,42,0,0,0,0,0,0,0,0,0,0,0,0,0,0,0,0,0,0,0,0,0,0,0,0,0,0,0,0,0,64,0,0,0,0,0,22,30,0,0,0,0,171,189,0,0,0,0,347,154,15,41,0,24,108,53,0,0,0,0,56,97,0,0,strafe_left
0,0,95,60,163,241,190,238,191,66,0,0,0,99,121,83,80,51,4,93,165,74,0,0,0,106,115,38,0,0,0,0,48,0,0,0,0,0,0,0,0,0,0,0,0,0,0,0,0,0,0,0,0,0,0,0,0,0,0,0,0,0,62,0,0,0,0,0,21,28,0,0,0,0,177,193,0,0,0,0,345,152,14,39,0,36,115,61,0,0,0,0,63,101,0,0,strafe_left
0,0,104,68,179,264,195,245,196,63,0,0,0,96,120,84,80,42,0,85,130,52,0,0,0,96,111,33,0,0,0,0,45,0,0,0,0,0,0,0,0,0,0,0,0,0,0,0,0,0,0,0,0,0,0,0,0,0,0,0,0,0,67,0,0,0,0,0,17,25,0,0,0,0,182,196,0,0,0,0,338,150,13,35,0,49,124,64,0,0,0,0,64,102,0,0,strafe_left
0,0,115,89,194,276,212,258,210,75,0,0,0,107,135,95,86,45,0,90,134,53,0,0,0,81,101,16,0,0,0,0,32,0,0,0,0,0,0,0,0,0,0,0,0,0,0,0,0,0,0,0,0,0,0,0,0,0,0,0,0,0,71,0,0,0,0,0,22,27,0,0,0,0,192,200,0,0,0,0,331,148,14,36,0,48,124,63,0,0,0,0,57,96,0,0,strafe_left
0,0,115,93,197,307,229,271,203,65,0,0,0,92,127,94,87,43,0,91,124,43,0,0,0,38,78,0,0,0,0,0,20,0,0,0,0,0,0,0,0,0,0,0,0,0,0,0,0,0,0,0,0,0,0,0,0,0,0,0,0,0,51,0,0,0,0,0,19,24,0,0,0,0,166,165,0,0,0,0,321,147,16,38,0,32,112,60,0,0,0,0,56,100,0,0,strafe_left
0,0,116,103,219,339,255,301,215,58,0,0,0,73,107,80,68,22,0,68,96,20,0,0,0,18,70,0,0,0,0,0,24,0,0,0,0,0,0,0,0,0,0,0,0,0,0,0,0,0,0,0,0,0,0,0,0,0,0,0,0,0,42,0,0,0,0,0,17,23,0,0,0,0,148,146,0,0,0,0,302,139,11,34,0,20,100,56,0,0,0,0,62,109,0,0,strafe_left
0,0,152,120,237,364,270,311,233,70,0,0,0,88,110,82,71,24,0,60,97,14,0,0,0,50,83,0,0,0,0,0,27,0,0,0,0,0,0,0,0,0,0,0,0,0,0,0,0,0,0,0,0,0,0,0,0,0,0,0,0,0,50,0,0,0,0,0,19,24,0,0,0,0,148,147,0,0,0,0,277,119,0,10,0,13,91,42,0,0,0,0,54,84,0,0,strafe_left
0,0,189,153,279,423,304,324,227,56,0,0,0,115,152,118,97,40,0,90,119,29,0,0,0,69,107,11,0,0,0,0,23,0,0,0,0,0,0,0,0,0,0,0,0,0,0,0,0,0,0,0,0,0,0,0,0,0,0,0,0,0,57,0,0,0,0,0,0,0,0,0,0,0,148,119,0,0,0,0,145,64,0,0,0,59,120,48,0,0,0,0,50,65,0,0,strafe_left
0,0,154,129,284,428,297,324,219,43,0,0,0,64,107,86,82,39,6,98,143,25,0,0,0,28,79,0,0,0,0,0,33,0,0,0,0,0,0,0,0,0,0,0,0,0,0,0,0,0,0,0,0,0,0,0,0,0,0,0,0,0,74,0,0,0,0,0,0,0,0,0,0,0,166,132,0,0,0,0,130,44,0,0,0,91,144,61,0,0,0,0,53,56,0,0,strafe_left
0,0,168,140,293,443,314,342,235,62,0,0,0,91,128,104,95,49,5,90,135,44,0,0,0,43,87,0,0,0,0,0,29,0,0,0,0,0,0,0,0,0,0,0,0,0,0,0,0,0,0,0,0,0,0,0,0,0,0,0,0,0,70,0,0,0,0,0,0,0,0,0,0,0,167,136,0,0,0,0,142,55,0,0,0,106,152,78,0,0,0,0,61,77,0,0,strafe_left
0,0,179,149,250,354,262,293,227,68,0,0,0,111,141,108,100,48,0,78,140,50,0,0,0,93,118,31,0,0,0,0,41,0,0,0,0,0,0,0,0,0,0,0,0,0,0,0,0,0,0,0,0,0,0,0,0,0,0,0,0,0,77,0,0,0,0,0,0,0,0,0,0,0,171,152,0,0,0,0,160,63,0,0,0,80,132,67,0,0,0,0,56,71,0,0,strafe_left
0,0,157,130,223,315,239,273,220,73,0,0,0,123,157,127,119,75,21,105,177,78,0,0,0,135,143,59,0,0,0,0,54,0,0,0,0,0,0,0,0,0,0,0,0,0,0,0,0,0,0,0,0,0,0,0,0,0,0,0,0,0,64,0,0,0,0,0,0,0,0,0,0,0,170,160,0,0,0,0,195,83,0,0,0,74,134,72,0,0,0,0,58,75,0,0,strafe_left
0,0,124,83,172,230,193,231,202,87,0,0,0,106,144,108,110,76,20,104,198,99,0,0,0,169,146,73,0,0,0,0,64,0,0,0,0,0,11,0,0,0,0,0,0,0,0,0,0,0,0,0,0,0,0,0,0,0,0,0,0,0,65,0,0,0,0,0,6,5,0,0,0,0,175,168,0,0,0,0,214,91,0,0,0,39,113,62,0,0,0,0,46,61,0,0,strafe_left
0,0,87,55,163,256,206,245,216,87,0,0,0,82,131,97,113,87,31,123,221,125,0,0,0,101,121,64,0,0,0,0,67,0,0,0,0,0,0,0,0,0,0,0,0,0,0,0,0,0,0,0,0,0,0,0,0,0,0,0,0,0,49,0,0,0,0,0,6,4,0,0,0,0,161,161,0,0,0,0,229,98,0,0,0,34,106,60,0,0,0,0,53,74,0,0,strafe_left
0,0,108,80,207,334,256,283,242,98,0,0,0,70,113,80,97,75,22,110,208,98,0,0,0,51,91,33,0,0,0,0,53,0,0,0,0,0,0,0,0,0,0,0,0,0,0,0,0,0,0,0,0,0,0,0,0,0,0,0,0,0,53,0,0,0,0,0,13,10,0,0,0,0,161,166,0,0,0,0,236,104,0,0,0,40,109,60,0,0,0,0,51,75,0,0,strafe_left
0,0,132,101,222,345,257,285,231,79,0,0,0,80,109,81,90,51,0,85,156,58,0,0,0,52,92,21,0,0,0,0,45,0,0,0,0,0,0,0,0,0,0,0,0,0,0,0,0,0,0,0,0,0,0,0,0,0,0,0,0,0,58,0,0,0,0,0,15,13,0,0,0,0,165,169,0,0,0,0,240,106,0,0,0,57,122,76,0,0,0,0,60,111,0,0,strafe_left
0,0,143,107,238,352,261,291,229,74,0,0,0,96,124,92,97,53,0,80,125,39,0,0,0,57,91,12,0,0,0,0,36,0,0,0,0,0,0,0,0,0,0,0,0,0,0,0,0,0,0,0,0,0,0,0,0,0,0,0,0,0,57,0,0,0,0,0,8,8,0,0,0,0,169,174,0,0,0,0,246,117,6,0,0,63,133,79,0,0,0,0,61,119,0,0,strafe_left
0,0,176,139,256,389,277,303,217,61,0,0,0,132,160,117,115,48,0,74,107,30,0,0,0,84,106,11,0,0,0,0,25,0,0,0,0,0,0,0,0,0,0,0,0,0,0,0,0,0,0,0,0,0,0,0,0,0,0,0,0,0,60,0,0,0,0,0,0,0,0,0,0,0,175,170,0,0,0,0,205,91,0,0,0,76,141,79,0,0,0,0,65,95,0,0,strafe_left
0,0,210,186,303,425,269,291,192,28,0,0,0,138,164,127,89,22,0,76,78,0,0,0,0,92,122,0,0,0,0,0,23,0,0,0,0,0,0,0,0,0,0,0,0,0,0,0,0,0,0,0,0,0,0,0,0,0,0,0,0,0,92,0,0,0,0,0,0,0,0,0,0,0,193,168,0,0,0,0,160,58,0,0,0,93,151,66,0,0,0,0,56,62,0,0,strafe_left
0,0,146,116,177,233,203,230,157,45,0,0,0,152,174,128,111,65,32,76,82,29,0,0,0,198,164,68,0,0,0,0,46,0,0,0,0,0,23,0,0,0,0,0,0,0,0,0,0,0,0,0,0,0,0,0,0,0,0,0,0,0,83,0,0,0,0,0,0,0,0,0,0,0,180,165,0,0,0,0,212,90,0,0,0,64,133,81,0,0,0,0,64,92,0,0,strafe_left
0,0,0,0,0,0,0,15,0,0,0,0,0,5,43,0,0,0,0,0,32,0,0,0,0,242,147,29,0,0,0,20,128,27,5,0,0,180,164,53,28,0,0,24,207,6,0,0,0,66,207,236,165,165,138,185,246,122,0,0,0,89,306,177,130,8,105,0,99,51,0,0,0,0,263,258,0,0,0,0,75,9,0,0,0,0,0,0,0,0,0,0,0,0,0,0,strafe_right
0,0,0,0,0,0,0,10,0,0,0,0,0,0,32,0,0,0,0,0,32,0,0,0,0,222,152,43,0,0,0,33,142,47,29,0,0,157,157,53,24,0,0,24,251,17,0,0,0,59,186,238,173,187,172,221,287,139,0,0,0,64,267,153,117,0,97,0,93,42,0,0,0,0,241,218,0,0,0,0,61,0,0,0,0,0,0,0,0,0,0,0,0,0,0,0,strafe_right
0,0,0,0,0,0,0,20,0,0,0,0,0,0,24,0,0,0,0,0,23,0,0,0,0,195,135,24,0,0,0,26,141,47,34,0,0,141,156,60,38,0,0,36,294,40,0,0,0,48,180,246,182,190,182,225,293,141,0,0,0,69,267,152,117,0,94,0,94,42,0,0,0,0,240,211,0,0,0,0,56,0,0,0,0,0,0,0,0,0,0,0,0,0,0,0,strafe_right
0,0,0,0,0,0,0,0,0,0,0,0,0,0,12,0,0,0,0,0,32,0,0,0,0,168,126,27,0,0,0,36,149,58,44,0,0,128,147,57,33,0,0,34,298,35,0,0,0,48,173,245,188,197,184,230,301,141,0,0,0,55,252,143,115,0,101,0,92,39,0,0,0,0,225,198,0,0,0,0,60,0,0,0,0,0,0,0,0,0,0,0,0,0,0,0,strafe_right
0,0,0,0,0,0,0,10,0,0,0,0,0,0,8,0,0,0,0,0,22,0,0,0,0,140,104,0,0,0,0,12,127,37,26,0,0,136,147,53,35,0,0,39,362,57,0,0,0,38,155,227,183,194,200,236,321,148,0,0,0,42,211,126,104,0,86,0,91,39,0,0,0,0,198,166,0,0,0,0,50,0,0,0,0,0,0,0,0,0,0,0,0,0,0,0,strafe_right
0,0,0,0,0,0,0,0,0,0,0,0,0,0,0,0,0,0,0,0,28,0,0,0,0,111,98,0,0,0,0,14,123,32,18,0,0,106,135,44,26,0,0,32,380,61,0,0,0,35,153,230,186,198,203,240,326,146,0,0,0,39,211,126,102,0,84,0,88,33,0,0,0,0,199,173,0,0,0,0,51,0,0,0,0,0,0,0,0,0,0,0,0,0,0,0,strafe_right
0,0,0,0,0,0,0,0,0,0,0,0,0,0,0,0,0,0,0,0,17,0,0,0,0,108,94,0,0,0,0,15,132,43,29,0,0,113,144,56,43,0,0,43,390,75,0,0,0,50,178,248,196,211,213,249,331,149,3,0,0,50,223,137,106,0,76,0,81,29,0,0,0,0,209,177,0,0,0,0,42,0,0,0,0,0,0,0,0,0,0,0,0,0,0,0,strafe_right
0,0,0,0,0,0,0,0,0,0,0,0,0,0,29,0,0,0,0,0,5,0,0,0,0,267,168,26,0,0,0,7,90,14,0,0,3,271,203,60,26,0,0,11,201,0,0,0,0,128,276,269,216,203,185,204,261,106,0,0,0,125,336,203,122,0,60,0,70,19,0,0,0,0,263,234,0,0,0,0,38,0,0,0,0,0,0,0,0,0,0,0,0,0,0,0,strafe_right
0,0,0,0,0,0,0,0,0,0,0,0,0,0,22,0,0,0,0,0,3,0,0,0,0,253,165,20,0,0,0,12,91,13,0,0,15,244,198,58,22,0,0,12,245,9,0,0,0,108,272,279,243,218,204,236,301,123,0,0,0,92,310,193,133,0,80,0,82,27,0,0,0,0,257,230,0,0,0,0,49,0,0,0,0,0,0,0,0,0,0,0,0,0,0,0,strafe_right
0,0,0,0,0,0,0,0,0,0,0,0,0,0,0,0,0,0,0,0,15,0,0,0,0,131,106,0,0,0,0,9,92,15,14,0,0,117,122,30,5,0,0,13,254,17,0,0,0,6,102,187,143,155,147,200,313,187,11,0,0,53,250,148,123,27,149,20,130,90,0,0,0,0,250,253,19,0,0,0,108,22,0,0,0,0,0,0,0,0,0,0,0,0,0,0,strafe_right
0,0,0,0,0,0,0,5,0,0,0,0,0,0,0,0,0,0,0,0,21,0,0,0,0,93,79,0,0,0,0,16,109,22,34,0,0,65,98,32,16,0,0,30,228,17,0,0,0,0,72,163,116,138,131,198,294,190,27,0,0,39,228,128,118,39,162,45,140,120,0,0,0,0,240,254,27,0,0,0,129,36,0,0,0,0,0,0,0,0,0,0,0,0,0,0,strafe_right
0,0,0,0,0,0,0,0,0,0,0,0,0,0,0,0,0,0,0,0,34,0,0,0,0,72,76,0,0,0,0,19,124,36,43,0,0,63,103,40,23,0,0,32,277,35,0,0,0,0,65,167,119,146,145,206,300,178,20,0,0,30,210,114,106,26,149,35,130,95,0,0,0,0,216,224,13,0,0,0,107,24,0,0,0,0,0,0,0,0,0,0,0,0,0,0,strafe_right
0,0,0,0,0,0,0,9,0,0,0,0,0,0,0,0,0,0,0,8,43,7,0,0,0,65,74,0,0,0,0,15,123,32,37,0,0,49,94,33,18,0,0,30,329,52,0,0,0,0,81,172,115,137,131,193,286,170,24,0,0,51,245,145,120,30,153,46,132,95,0,0,0,0,237,253,17,0,0,0,115,27,0,0,0,0,0,0,0,0,0,0,0,0,0,0,strafe_right
0,0,0,0,0,0,0,9,0,0,0,0,0,0,0,0,0,0,0,3,40,6,0,0,0,74,82,0,0,0,0,30,145,49,53,0,0,55,93,32,18,0,0,25,321,50,0,0,0,5,90,180,122,141,133,190,277,158,15,0,0,51,252,147,119,24,147,37,121,84,0,0,0,0,246,262,22,0,0,0,114,29,0,0,0,0,0,0,0,0,0,0,0,0,0,0,strafe_right
0,0,0,0,0,0,0,20,0,0,0,0,0,0,0,0,0,0,0,0,28,0,0,0,0,120,97,0,0,0,0,25,140,44,41,0,0,108,129,49,34,0,0,33,313,52,0,0,0,55,155,223,152,145,124,174,240,129,6,0,0,91,308,183,129,11,124,17,104,59,0,0,0,0,271,299,19,0,0,0,90,16,0,0,0,0,0,0,0,0,0,0,0,0,0,0,strafe_right
0,0,0,0,0,0,0,14,0,0,0,0,0,0,8,0,0,0,0,3,35,0,0,0,0,164,116,7,0,0,0,23,134,38,32,0,0,148,145,56,38,0,0,30,301,44,0,0,0,73,195,239,157,147,120,169,221,115,0,0,0,116,325,199,136,10,118,11,101,55,0,0,0,0,268,296,15,0,0,0,83,11,0,0,0,0,7,0,0,0,0,0,0,0,0,0,strafe_right
0,0,0,0,0,0,0,0,0,0,0,0,0,0,22,0,0,0,0,0,28,0,0,0,0,208,148,29,0,0,0,34,143,48,34,0,0,223,193,84,48,0,0,35,306,41,0,0,0,116,220,231,147,121,90,127,171,72,0,0,0,161,364,215,130,0,93,6,89,45,0,0,0,0,277,306,0,0,0,0,73,12,0,0,0,0,8,0,0,0,0,0,0,0,0,0,strafe_right
0,0,0,0,0,0,0,8,0,0,0,0,0,0,30,0,0,0,0,4,35,0,0,0,0,241,160,23,0,0,0,16,123,29,15,0,0,239,191,79,44,0,0,26,248,20,0,0,0,168,283,272,183,158,122,153,180,79,0,0,0,176,388,227,128,0,55,0,68,20,0,0,0,0,280,281,0,0,0,0,49,0,0,0,0,0,3,0,0,0,0,0,0,0,0,0,strafe_right
0,0,0,0,0,0,0,23,0,0,0,0,4,12,55,0,0,0,0,0,29,0,0,0,0,263,158,22,0,0,0,7,89,0,0,0,3,176,142,34,0,0,0,3,73,0,0,0,0,230,336,308,184,132,92,135,167,81,0,0,0,245,483,282,147,0,54,0,79,26,0,0,0,0,304,341,0,0,0,0,67,0,0,0,0,0,20,0,0,0,0,0,0,0,0,0,strafe_right
0,0,0,0,0,5,22,69,75,63,0,3,0,0,62,25,3,7,0,100,239,183,0,0,0,26,73,26,0,0,0,110,316,165,198,25,0,0,26,0,0,0,0,12,138,0,0,0,0,0,0,0,0,0,0,37,62,46,0,0,0,0,61,0,0,0,8,0,78,107,8,17,0,0,117,98,4,0,0,0,317,132,0,191,0,0,6,0,0,0,0,0,0,6,0,0,forward
0,0,0,0,0,12,28,73,78,70,0,24,0,0,52,15,0,0,0,101,240,185,0,0,0,0,67,22,0,0,0,115,327,171,231,45,0,0,20,0,0,0,0,10,142,6,0,0,0,0,0,0,0,0,0,38,65,48,0,4,0,0,55,0,0,0,10,0,81,104,7,22,0,0,116,95,0,0,0,0,318,131,0,197,0,0,0,0,0,0,0,0,0,5,0,0,forward
0,0,0,0,0,0,9,57,65,50,0,13,0,0,49,12,0,0,0,96,240,187,0,0,0,13,81,37,0,0,0,121,331,176,234,52,0,0,21,0,0,0,0,0,135,0,0,0,0,0,0,0,0,0,0,47,75,54,0,18,0,0,53,0,0,0,10,0,75,103,6,25,0,0,108,92,0,0,0,0,339,137,0,273,0,0,0,0,0,0,0,0,9,13,0,0,forward
0,0,0,0,0,0,21,72,76,59,0,28,0,0,29,0,0,0,0,90,226,183,0,0,0,0,60,13,0,0,0,112,340,174,242,55,0,0,12,0,0,0,0,4,144,13,0,0,0,0,0,0,0,0,0,44,73,59,0,22,0,0,34,0,0,0,14,0,93,124,21,40,0,0,107,78,0,0,0,0,362,151,0,355,0,0,0,0,0,0,0,0,11,15,0,0,forward
0,0,0,0,0,0,0,43,44,28,0,3,0,0,6,0,0,0,0,98,236,197,0,0,0,0,57,0,0,0,0,108,352,183,272,71,0,0,3,0,0,0,0,8,162,20,0,0,0,0,0,0,0,0,0,53,86,72,7,41,0,0,9,0,0,0,15,0,98,132,29,47,0,0,82,44,0,0,0,0,392,163,0,393,0,0,0,0,0,0,0,0,18,24,0,0,forward
0,0,0,0,0,0,0,38,39,18,0,3,0,0,5,0,0,0,0,93,212,184,0,0,0,0,61,0,0,0,0,115,358,188,285,77,0,0,3,0,0,0,0,19,197,33,0,0,0,0,0,0,0,0,0,57,95,81,17,49,0,0,22,0,0,0,21,0,101,137,32,50,0,0,92,49,0,0,0,0,396,165,0,412,0,0,0,0,0,0,0,0,16,23,0,0,forward
0,0,0,0,0,0,0,44,43,26,0,7,0,0,7,0,0,0,0,68,166,147,0,0,0,0,52,0,0,0,0,93,343,184,280,64,0,0,6,0,0,0,0,30,225,50,0,0,0,0,0,0,0,0,0,54,90,80,15,66,0,0,21,0,0,0,29,6,111,148,43,71,0,0,101,59,0,0,0,0,420,176,6,509,0,0,0,0,0,0,0,0,21,23,0,0,forward
0,0,0,0,0,0,0,27,21,5,0,0,0,0,0,0,0,0,0,63,169,144,0,0,0,0,59,0,0,0,0,98,337,187,240,51,0,0,12,0,0,0,0,25,223,48,0,0,0,0,0,0,0,0,0,70,114,95,24,87,0,0,12,0,0,0,35,12,120,158,44,75,0,0,85,44,0,0,0,0,408,172,0,461,0,0,0,0,0,0,0,0,18,24,0,0,forward
0,0,0,0,0,0,0,27,27,13,0,0,0,0,0,0,0,0,0,49,148,130,0,0,0,0,35,0,0,0,0,62,347,194,276,62,0,0,0,0,0,0,0,23,257,65,0,0,0,0,0,0,0,0,0,68,130,111,25,42,0,0,0,0,0,0,39,16,139,192,66,47,0,0,60,19,0,0,0,0,356,157,0,184,0,0,0,0,0,0,0,0,6,8,0,0,forward
0,0,0,0,0,0,0,41,48,39,0,35,0,0,0,0,0,0,0,43,192,174,0,0,0,0,0,0,0,0,0,40,356,202,300,79,0,0,0,0,0,0,0,0,135,23,0,0,0,0,0,0,0,0,0,83,170,144,47,47,0,0,0,0,0,0,45,23,167,229,73,34,0,0,46,0,0,0,0,0,342,150,0,148,0,0,0,0,0,0,0,0,0,4,0,0,forward
0,0,0,0,0,0,0,32,52,39,0,59,0,0,0,0,0,0,0,43,232,210,0,13,0,0,0,0,0,0,0,18,299,186,274,81,0,0,0,0,0,0,0,0,92,0,0,0,0,0,0,0,0,0,0,67,137,154,70,98,0,0,0,0,0,0,0,0,147,236,93,86,0,0,0,0,0,0,0,0,365,175,0,398,0,0,0,0,0,0,0,0,3,18,0,0,forward
0,0,0,0,0,0,0,21,47,51,0,88,0,0,0,0,0,0,0,28,220,222,6,23,0,0,0,0,0,0,0,0,254,183,289,100,0,0,0,0,0,0,0,0,86,0,0,0,0,0,0,0,0,0,0,8,107,135,63,163,0,0,0,0,0,0,0,0,114,227,106,153,0,0,0,0,0,0,0,0,398,225,11,735,0,0,0,0,0,0,0,0,16,47,0,0,forward
0,0,0,0,0,0,0,29,64,77,0,105,0,0,0,0,0,0,0,26,247,233,7,29,0,0,0,0,0,0,0,0,226,155,242,82,0,0,0,0,0,0,0,0,68,0,0,0,0,0,0,0,0,0,0,0,123,164,97,188,0,0,0,0,0,0,0,0,137,283,156,168,0,0,0,0,0,0,0,0,397,263,20,752,0,0,0,0,0,0,0,0,8,47,0,0,forward
0,0,0,0,0,0,0,0,52,60,0,89,0,0,0,0,0,0,0,9,162,192,6,24,0,0,0,0,0,0,0,0,283,181,274,65,0,0,0,0,0,0,0,0,112,13,0,0,0,0,0,0,0,0,0,0,93,146,100,163,0,0,0,0,0,0,0,0,119,293,174,167,0,0,0,0,0,0,0,0,333,263,19,669,0,0,0,0,0,0,0,0,0,61,0,0,forward
0,0,0,0,0,0,0,0,15,37,0,94,0,0,0,0,0,0,0,0,95,128,0,34,0,0,0,0,0,0,0,0,277,206,347,136,0,0,0,0,0,0,0,0,151,45,0,0,0,0,0,0,0,0,0,0,89,152,101,184,0,0,0,0,0,0,0,0,108,288,174,186,0,0,0,0,0,0,0,0,301,270,13,786,0,0,0,0,0,0,0,0,0,64,0,0,forward
0,0,0,0,0,0,0,0,80,84,0,195,0,0,0,0,0,0,0,13,180,217,10,75,0,0,0,0,0,0,0,0,157,107,134,77,0,0,0,0,0,0,0,0,38,0,0,0,0,0,0,0,0,0,0,0,91,136,79,184,0,0,0,0,0,0,0,0,124,303,189,232,0,0,0,0,0,0,0,0,366,292,27,961,0,0,0,0,0,0,0,0,10,82,0,0,forward
0,0,0,0,0,0,0,0,50,57,0,217,0,0,0,0,0,0,0,4,141,169,12,111,0,0,0,0,0,0,0,0,197,158,224,122,0,0,0,0,0,0,0,0,58,0,0,0,0,0,0,0,0,0,0,0,91,124,85,212,0,0,0,0,0,0,0,0,119,307,199,273,0,0,0,0,0,0,0,0,361,299,32,1155,0,0,0,0,0,0,0,0,12,93,0,0,forward
0,0,0,0,0,0,0,0,38,48,0,80,0,0,0,0,0,0,0,12,176,205,0,34,0,0,0,0,0,0,0,0,237,184,204,72,0,0,0,0,0,0,0,0,74,0,0,0,0,0,0,0,0,0,0,0,129,178,120,115,0,0,0,0,0,0,0,0,155,331,199,140,0,0,0,0,0,0,0,0,351,234,36,410,0,0,0,0,0,0,0,0,21,47,0,0,forward
0,0,0,0,0,0,0,34,72,81,0,79,0,0,0,0,0,0,0,17,205,222,0,9,0,0,0,0,0,0,0,0,219,161,167,48,0,0,0,0,0,0,0,0,69,0,0,0,0,0,0,0,0,0,0,0,130,181,125,119,0,0,0,0,0,0,0,0,164,335,204,143,0,0,0,0,0,0,0,0,360,235,17,475,0,0,0,0,0,0,0,0,9,38,0,0,forward
0,0,0,0,0,0,0,51,143,130,0,91,0,0,0,0,0,0,0,20,231,235,16,0,0,0,0,0,0,0,0,0,84,36,35,0,0,0,0,0,0,0,0,0,30,0,0,0,0,0,0,0,0,0,0,0,131,211,131,161,0,0,0,0,0,0,0,0,156,347,199,204,0,0,0,0,0,0,0,0,261,208,4,494,0,0,0,0,0,0,0,0,0,29,0,0,forward
0,0,0,0,0,0,0,69,280,225,0,78,0,0,0,0,0,0,0,24,220,203,21,0,0,0,0,0,0,0,0,0,21,0,0,0,0,0,0,0,0,0,0,0,5,0,0,0,0,0,0,0,0,0,0,0,67,103,63,167,0,0,0,0,0,0,0,0,88,276,176,216,0,0,0,0,0,0,0,0,250,311,27,899,0,0,0,0,0,0,0,0,0,93,0,0,forward
0,0,0,0,0,0,0,57,280,240,0,197,0,0,0,0,0,0,0,9,162,170,22,35,0,0,0,0,0,0,0,0,32,18,131,0,0,0,0,0,0,0,0,0,4,0,0,0,0,0,0,0,0,0,0,0,19,46,22,220,0,0,0,0,0,0,0,0,24,171,122,231,0,0,0,0,0,0,0,0,263,334,51,1319,0,0,0,0,0,0,0,0,34,233,0,46,forward
0,0,0,0,0,0,0,0,58,55,0,189,0,0,0,0,0,0,0,0,140,202,27,154,0,0,0,0,0,0,0,0,226,248,433,162,0,0,0,0,0,0,0,0,48,0,0,0,0,0,0,0,0,0,0,0,0,12,5,241,0,0,0,0,0,0,0,0,0,123,95,196,0,0,0,0,0,0,0,0,193,304,43,1640,0,0,0,0,0,0,0,0,18,238,0,79,forward
0,0,0,0,0,0,0,6,24,44,0,201,0,0,0,0,0,0,0,0,69,128,0,251,0,0,0,0,0,0,0,0,224,297,668,378,0,0,0,0,0,0,0,0,72,29,0,0,0,0,0,0,0,0,0,0,0,12,25,282,0,0,0,0,0,0,0,0,0,117,89,216,0,0,0,0,0,0,0,0,141,259,27,2003,0,0,0,0,0,0,0,0,0,211,0,109,forward
0,0,0,0,0,0,0,0,0,27,0,157,0,0,0,0,0,0,0,0,59,106,0,201,0,0,0,0,0,0,0,0,234,292,710,482,0,0,0,0,0,0,0,0,89,38,0,0,0,0,0,0,0,0,0,0,0,35,38,303,0,0,0,0,0,0,0,0,0,157,126,256,0,0,0,0,0,0,0,0,153,274,27,2073,0,0,0,0,0,0,0,0,0,127,0,70,forward
0,0,0,0,0,0,0,0,0,12,0,112,0,0,0,0,0,0,0,0,69,99,0,142,0,0,0,0,0,0,0,0,268,291,577,385,0,0,0,0,0,0,0,0,124,49,0,0,0,0,0,0,0,0,0,0,0,65,44,259,0,0,0,0,0,0,0,0,0,184,142,209,0,0,0,0,0,0,0,0,206,334,47,1809,0,0,0,0,0,0,0,0,0,159,0,46,forward
0,0,0,0,0,0,0,0,0,25,0,125,0,0,0,0,0,0,0,0,72,91,0,76,0,0,0,0,0,0,0,0,244,227,277,215,0,0,0,0,0,0,0,0,141,50,0,0,0,0,0,0,0,0,0,0,0,75,48,312,0,0,0,0,0,0,0,0,0,204,165,265,0,0,0,0,0,0,0,0,217,335,47,1730,0,0,0,0,0,0,0,0,0,169,0,15,forward
0,0,0,0,0,0,0,0,37,41,0,132,0,0,0,0,0,0,0,0,167,156,39,53,0,0,0,0,0,0,0,0,263,209,208,110,0,0,0,0,0,0,0,0,104,17,0,0,0,0,0,0,0,0,0,0,21,74,40,146,0,0,0,0,0,0,0,0,50,213,148,207,0,0,0,0,0,0,0,0,299,341,63,1108,0,0,0,0,0,0,0,0,24,162,0,0,forward
0,0,0,0,0,0,0,0,54,36,0,108,0,0,0,0,0,0,0,21,199,174,37,30,0,0,0,0,0,0,0,0,249,186,166,58,0,0,0,0,0,0,0,0,104,9,0,0,0,0,0,0,0,0,0,0,51,63,35,86,0,0,0,0,0,0,0,0,99,209,146,130,0,0,0,0,0,0,0,0,380,353,59,697,0,0,0,0,0,0,0,0,58,177,0,0,forward
0,0,0,0,0,0,0,16,51,29,0,73,0,0,0,0,0,0,0,41,243,187,30,0,0,0,0,0,0,0,0,0,248,179,123,25,0,0,0,0,0,0,0,0,94,0,0,0,0,0,0,0,0,0,0,0,95,112,60,22,0,0,0,0,0,0,0,0,168,292,151,65,0,0,0,0,0,0,0,0,390,252,38,189,0,0,0,0,0,0,0,0,43,68,0,0,forward
0,0,0,0,0,0,0,39,77,53,0,47,0,0,0,0,0,0,0,90,295,214,38,0,0,0,0,0,0,0,0,0,196,122,56,0,0,0,0,0,0,0,0,0,75,0,0,0,0,0,0,0,0,0,0,39,141,164,88,0,0,0,0,0,0,0,0,0,227,351,138,0,0,0,0,0,0,0,0,0,438,204,4,3,0,0,0,0,0,0,0,0,36,31,0,0,forward
0,0,0,0,0,0,20,43,87,50,0,23,0,0,0,0,0,0,0,131,318,210,41,0,0,0,0,0,0,0,0,0,209,115,20,0,0,0,0,0,0,0,0,0,79,0,0,0,0,0,0,0,0,0,0,80,175,166,54,0,0,0,0,0,0,0,0,0,231,261,72,0,0,0,0,0,0,0,0,0,400,137,0,0,0,0,0,0,0,0,0,0,21,3,0,0,forward
0,0,0,0,0,0,41,52,88,42,0,0,0,0,0,0,0,0,0,145,307,195,31,0,0,0,0,0,0,0,0,14,151,61,0,0,0,0,0,0,0,0,0,0,62,0,0,0,0,0,0,0,0,0,10,106,254,191,41,0,0,0,0,0,0,0,0,0,215,224,33,0,0,0,0,0,0,0,0,0,216,76,0,0,0,0,0,0,0,0,0,0,4,0,0,0,forward
0,0,0,0,0,0,0,15,33,34,0,0,0,0,0,0,0,0,0,61,207,194,0,0,0,0,0,0,0,0,0,32,330,238,223,50,0,0,0,0,0,0,0,0,152,30,0,0,0,0,0,0,0,0,0,44,129,139,68,36,0,0,0,0,0,0,0,0,187,300,135,39,0,0,0,0,0,0,0,0,350,184,68,121,0,0,0,0,0,0,0,0,15,29,0,0,forward
0,0,0,0,0,0,0,33,55,53,0,0,0,0,0,0,0,0,0,83,217,196,0,0,0,0,0,0,0,0,0,48,343,247,234,41,0,0,0,0,0,0,0,4,188,37,0,0,0,0,0,0,0,0,0,58,137,148,83,40,0,0,0,0,0,0,0,0,196,302,139,34,0,0,0,0,0,0,0,0,349,182,60,110,0,0,0,0,0,0,0,0,18,35,0,0,forward
0,0,0,0,0,0,0,26,31,30,0,15,0,0,0,0,0,0,0,60,149,142,0,0,0,0,0,0,0,0,0,55,346,252,239,57,0,0,0,0,0,0,0,20,276,78,0,0,0,0,0,0,0,0,0,42,107,112,64,42,0,0,0,0,0,0,0,0,163,268,133,52,0,0,0,0,0,0,0,0,388,206,70,273,0,0,0,0,0,0,0,0,21,44,0,14,forward
0,0,0,0,0,0,0,31,34,23,0,4,0,0,0,0,0,0,0,44,131,113,0,0,0,0,0,0,0,0,0,66,328,247,246,49,0,0,0,0,0,0,0,38,281,83,0,0,0,0,0,0,0,0,0,40,101,92,48,31,0,0,0,0,0,0,0,0,160,255,126,54,0,0,0,0,0,0,0,0,398,203,75,297,0,0,0,0,0,0,0,0,25,50,0,28,forward
0,0,0,0,0,0,0,15,17,0,0,0,0,0,0,0,0,0,0,60,154,126,0,0,0,0,16,0,0,0,0,77,348,245,232,49,0,0,0,0,0,0,0,36,248,66,0,0,0,0,0,0,0,0,0,36,93,85,36,22,0,0,0,0,0,0,0,0,159,246,128,64,0,0,0,0,0,0,0,0,431,214,91,359,0,0,0,0,0,0,0,0,30,54,0,44,forward
0,0,0,0,0,0,0,29,31,19,0,0,0,0,0,0,0,0,0,64,160,122,0,0,0,0,16,0,0,0,0,61,331,222,192,31,0,0,0,0,0,0,0,26,218,56,0,0,0,0,0,0,0,0,0,58,116,110,51,7,0,0,0,0,0,0,6,0,166,255,128,41,0,0,0,0,0,0,0,0,414,203,78,245,0,0,0,0,0,0,0,0,31,47,0,23,forward
0,0,0,0,0,0,0,26,32,14,0,0,0,0,0,0,0,0,0,62,170,122,0,0,0,0,47,0,0,0,0,78,295,189,124,7,0,0,8,0,0,0,0,18,169,14,0,0,0,0,0,0,0,0,0,80,157,155,69,0,0,0,0,0,0,0,84,37,208,295,125,6,0,0,39,3,0,0,0,0,335,163,20,13,0,0,0,0,0,0,0,0,22,36,0,0,forward
0,0,0,0,0,0,0,39,46,30,0,0,0,0,0,0,0,0,0,57,169,131,0,0,0,0,42,3,0,0,0,75,319,215,152,19,0,0,11,0,0,0,0,17,181,34,0,0,0,0,0,0,0,0,0,75,140,140,62,0,0,0,0,0,0,0,64,26,194,277,123,14,0,0,40,0,0,0,0,0,363,186,37,54,0,0,0,0,0,0,0,0,26,40,0,0,forward
0,0,18,0,0,0,0,19,18,0,0,0,0,227,234,100,20,0,0,32,57,20,0,0,0,576,323,142,0,0,0,14,93,20,0,0,0,366,260,53,0,0,0,0,45,0,0,0,6,0,10,14,0,0,0,48,72,28,0,0,0,63,234,131,47,0,84,26,77,61,0,0,0,38,218,249,64,0,0,0,151,48,0,0,0,166,254,111,0,0,0,0,0,0,0,0,backward
4,0,37,0,0,0,0,22,18,0,0,0,0,234,236,94,9,0,0,24,38,6,0,0,0,599,326,132,0,0,0,0,77,3,0,0,7,367,264,56,0,0,0,0,50,0,0,0,0,0,0,0,0,0,0,15,32,0,0,0,5,40,217,73,0,0,15,0,48,46,0,0,0,66,236,251,49,0,0,0,204,75,0,0,0,304,296,206,0,0,0,0,0,17,0,0,backward
0,0,22,0,0,0,0,24,26,0,0,0,0,203,215,103,28,0,0,43,74,33,0,0,0,515,296,137,0,0,0,20,101,18,0,0,0,243,219,48,0,0,0,0,40,0,0,0,0,0,0,0,0,0,0,11,22,0,0,0,0,24,210,23,0,0,4,0,36,28,0,0,0,80,245,251,36,0,0,0,197,73,0,0,0,361,331,233,0,0,0,0,10,27,0,0,backward
0,0,25,0,0,0,0,23,30,0,0,0,0,189,217,108,36,0,0,57,94,44,0,0,0,522,301,142,0,0,0,26,103,21,0,0,0,261,226,58,0,0,0,0,45,0,0,0,0,0,0,0,0,0,0,9,23,0,0,0,0,23,232,33,0,0,7,0,43,30,0,0,0,80,243,246,34,0,0,0,177,67,0,0,0,370,334,214,0,0,0,0,0,16,0,0,backward
0,0,0,0,0,0,0,24,28,0,0,0,5,102,145,68,14,0,0,47,88,44,0,0,0,384,237,118,0,0,0,27,109,41,0,0,0,190,185,47,0,0,0,0,57,0,0,0,0,0,0,0,0,0,0,28,43,0,0,0,0,68,262,118,27,0,20,0,53,36,0,0,0,90,254,266,53,0,0,0,150,50,0,0,0,316,318,159,0,0,0,0,0,0,0,0,backward
3,0,0,0,0,0,0,25,28,0,0,0,0,107,132,46,0,0,0,34,69,26,0,0,0,408,242,106,0,0,0,22,107,39,0,0,0,203,190,53,10,0,0,0,65,0,0,0,0,0,0,0,0,0,0,39,54,9,0,0,0,98,287,136,42,0,38,12,62,44,0,0,0,97,259,273,54,0,0,0,128,36,0,0,0,294,321,144,0,0,0,0,0,0,0,0,backward
0,0,0,0,0,0,0,19,17,0,0,0,3,144,153,55,0,0,0,33,64,28,0,0,0,449,258,109,0,0,0,27,104,36,0,0,0,235,198,43,0,0,0,0,52,0,0,0,0,0,7,0,0,0,0,36,51,5,0,0,0,126,319,158,46,0,38,9,60,34,0,0,0,113,282,294,60,0,0,0,120,34,0,0,0,314,347,153,0,0,0,0,0,0,0,0,backward
0,0,0,0,0,0,0,14,0,0,0,0,0,141,134,27,0,0,0,19,34,5,0,0,0,455,242,77,0,0,0,0,64,0,0,0,0,234,188,20,0,0,0,0,38,0,0,0,0,0,32,44,0,0,0,47,72,21,0,0,0,186,397,219,88,16,81,28,77,49,0,0,0,119,296,311,69,0,0,0,113,29,0,0,0,277,367,157,0,0,0,0,0,0,0,0,backward
0,0,0,0,0,0,0,13,0,0,0,0,0,139,137,29,0,0,0,20,31,0,0,0,0,434,238,76,0,0,0,0,60,0,0,0,0,234,192,18,0,0,0,0,35,0,0,0,0,0,33,45,0,3,0,53,77,24,0,0,0,187,398,229,93,20,90,31,82,54,0,0,0,125,305,323,76,0,0,0,122,30,0,0,0,287,375,160,0,0,0,0,0,0,0,0,backward
0,0,0,0,0,0,0,17,4,0,0,0,0,154,144,24,0,0,0,5,20,0,0,0,0,452,247,78,0,0,0,0,61,0,0,0,0,268,211,29,0,0,0,0,48,0,0,0,6,0,29,46,0,13,0,60,83,33,0,0,0,162,367,219,91,18,84,28,80,51,0,0,0,101,280,310,76,0,0,0,121,33,0,0,0,225,338,149,0,0,0,0,0,0,0,0,backward
0,0,0,0,0,0,0,25,13,0,0,0,0,170,164,45,0,0,0,17,29,0,0,0,0,474,249,79,0,0,0,0,58,0,0,0,5,282,215,29,0,0,0,0,44,0,0,0,0,0,22,40,0,12,0,58,88,34,0,0,0,160,366,215,94,22,90,34,84,57,0,0,0,94,275,307,79,0,0,0,119,31,0,0,0,234,332,148,0,0,0,0,0,0,0,0,backward
0,0,0,0,0,0,0,8,0,0,0,0,0,183,176,51,0,0,0,22,35,0,0,0,0,528,284,102,0,0,0,7,77,4,0,0,23,315,229,34,0,0,0,0,30,0,0,0,0,0,14,24,0,0,0,41,70,20,0,0,0,161,363,198,76,11,72,26,75,47,0,0,0,110,286,313,70,0,0,0,123,36,0,0,0,268,346,150,0,0,0,0,0,0,0,0,backward
0,0,7,0,0,0,0,22,14,0,0,0,0,193,201,71,4,0,0,30,39,3,0,0,0,552,287,91,0,0,0,0,61,0,0,0,41,338,248,38,0,0,0,0,38,0,0,0,0,0,16,21,0,0,0,48,75,24,0,0,0,163,352,194,72,5,65,24,71,46,0,0,0,102,281,307,65,0,0,0,119,29,0,0,0,282,351,155,0,0,0,0,0,0,0,0,backward
0,0,8,0,0,0,0,21,12,0,0,0,0,208,207,73,8,0,0,38,45,10,0,0,0,559,294,99,0,0,0,0,60,0,0,0,41,331,243,33,0,0,0,0,36,0,0,0,0,0,15,21,0,0,0,44,70,21,0,0,0,164,359,197,73,7,70,29,77,51,0,0,0,109,288,313,68,0,0,0,120,30,0,0,0,293,352,154,0,0,0,0,0,0,0,0,backward
0,0,22,0,0,0,0,22,11,0,0,0,0,193,196,57,0,0,0,19,26,0,0,0,0,569,297,99,0,0,0,0,67,0,0,0,42,336,249,43,0,0,0,0,42,0,0,0,0,0,11,19,0,0,0,40,65,17,0,0,0,150,343,183,67,0,66,23,72,46,0,0,0,108,288,314,69,0,0,0,126,35,0,0,0,301,355,162,0,0,0,0,0,0,0,0,backward
0,0,11,0,0,0,0,11,0,0,0,0,0,195,202,70,0,0,0,27,38,0,0,0,0,568,299,105,0,0,0,0,71,0,0,0,49,341,256,50,0,0,0,0,42,0,0,0,0,0,4,8,0,0,0,36,62,16,0,0,0,142,333,179,60,0,56,20,67,43,0,0,0,105,285,307,66,0,0,0,129,39,0,0,0,313,355,164,0,0,0,0,0,0,0,0,backward
0,0,24,0,0,0,0,30,17,0,0,0,0,192,197,64,0,0,0,17,29,0,0,0,0,573,301,110,0,0,0,0,73,0,0,0,45,343,254,47,0,0,0,0,46,0,0,0,0,0,4,4,0,0,0,38,62,16,0,0,0,126,301,155,51,0,53,19,67,43,0,0,0,98,268,303,66,0,0,0,130,38,0,0,0,299,339,169,0,0,0,0,0,0,0,0,backward
0,0,24,0,0,0,0,13,5,0,0,0,0,194,203,72,6,0,0,27,44,5,0,0,0,591,307,118,0,0,0,5,77,5,0,0,52,373,272,58,0,0,0,0,51,0,0,0,0,0,0,0,0,0,0,36,59,15,0,0,0,102,274,138,43,0,51,19,69,46,0,0,0,75,246,284,66,0,0,0,131,41,0,0,0,253,298,145,0,0,0,0,0,0,0,0,backward
0,0,23,0,0,0,0,23,19,0,0,0,0,222,220,90,22,0,0,43,59,19,0,0,0,609,318,131,0,0,0,9,80,0,0,0,42,369,271,53,0,0,0,0,37,0,0,0,0,0,0,0,0,0,0,43,69,26,0,0,0,83,249,128,43,0,47,18,67,43,0,0,0,55,229,263,59,0,0,0,127,37,0,0,0,211,267,133,0,0,0,0,0,0,0,0,backward
0,0,26,0,0,0,0,0,0,0,0,0,169,433,299,0,0,0,0,0,0,0,0,0,532,902,408,22,0,0,0,0,4,0,0,0,402,414,194,0,0,0,0,0,0,0,0,0,0,55,76,38,0,0,0,0,0,0,0,0,0,477,488,167,0,0,0,0,0,0,0,0,0,227,315,208,0,0,0,0,0,0,0,0,0,333,312,14,0,0,0,0,0,0,0,0,backward
4,0,0,0,0,0,0,0,0,0,0,0,245,443,284,0,0,0,0,0,0,0,0,0,605,938,381,15,0,0,0,0,0,0,0,0,437,399,152,0,0,0,0,0,0,0,0,0,0,69,64,0,0,0,0,0,0,0,0,0,0,547,476,98,0,0,0,0,0,0,0,0,0,240,300,145,0,0,0,0,0,0,0,0,0,392,274,0,0,0,0,0,0,0,0,0,backward
10,0,0,0,0,0,0,0,0,0,0,0,270,434,271,0,0,0,0,0,0,0,0,0,626,922,369,7,0,0,0,0,0,0,0,0,449,392,143,0,0,0,0,0,0,0,0,0,0,72,53,0,0,0,0,0,0,0,0,0,0,608,475,81,0,0,0,0,0,0,0,0,0,253,290,117,0,0,0,0,0,0,0,0,0,425,261,0,0,0,0,0,0,0,0,0,backward
14,0,9,0,0,0,0,0,0,0,0,0,268,424,268,0,0,0,0,0,0,0,0,0,600,919,374,0,0,0,0,0,0,0,0,0,459,400,160,0,0,0,0,0,0,0,0,0,0,92,54,0,0,0,0,0,0,0,0,0,0,551,408,62,0,0,0,0,0,0,0,0,0,282,244,113,0,0,0,0,0,0,0,0,0,320,229,0,0,0,0,0,0,0,0,0,backward
0,0,4,0,0,0,0,0,0,0,0,0,189,429,303,0,0,0,0,0,0,0,0,0,517,920,399,7,0,0,0,0,0,0,0,0,416,435,192,0,0,0,0,0,0,0,0,0,0,97,80,0,0,0,0,0,0,0,0,0,0,515,421,115,0,0,0,0,0,0,0,0,0,292,259,186,0,0,0,0,0,0,0,0,0,293,238,0,0,0,0,0,0,0,0,0,backward
0,0,23,0,0,0,0,0,0,0,0,0,195,415,298,0,0,0,0,0,0,0,0,0,551,927,410,10,0,0,0,0,0,0,0,0,443,443,213,0,0,0,0,0,0,0,0,0,0,60,68,0,0,0,0,0,0,0,0,0,0,481,408,132,0,0,0,0,0,0,0,0,0,277,258,198,0,0,0,0,0,0,0,0,0,258,220,0,0,0,0,0,0,0,0,0,backward
0,0,32,0,0,0,0,0,0,0,0,0,146,419,318,23,0,0,0,0,0,0,0,0,472,912,423,42,0,0,0,0,0,0,0,0,380,458,231,0,0,0,0,0,0,0,0,0,0,49,62,7,0,0,0,33,36,0,0,0,0,399,369,160,0,0,18,0,0,0,0,0,0,231,241,242,0,0,0,0,0,0,0,0,0,195,227,15,0,0,0,0,0,0,0,0,backward
0,0,59,0,0,0,0,0,0,0,0,0,59,369,303,66,0,0,0,6,0,0,0,0,310,797,410,103,0,0,0,0,0,0,0,0,247,399,247,0,0,0,0,0,0,0,0,0,0,8,23,23,0,0,3,50,60,0,0,0,0,248,273,141,39,0,68,21,57,0,0,0,0,154,176,240,21,0,0,0,0,0,0,0,0,99,187,23,0,0,0,0,0,0,0,0,backward
0,0,16,0,0,0,0,16,0,0,0,0,40,351,305,88,0,0,0,56,48,0,0,0,248,812,416,133,0,0,0,13,63,0,0,0,346,570,333,50,0,0,0,0,50,0,0,0,0,0,0,0,0,0,0,30,56,0,0,0,0,176,252,101,16,0,47,18,84,26,0,0,0,157,182,260,50,0,0,0,149,28,0,0,0,182,225,88,0,0,0,0,0,0,0,0,backward
0,0,18,0,0,0,0,26,5,0,0,0,42,354,306,89,0,0,0,35,33,0,0,0,245,822,413,132,0,0,0,11,65,0,0,0,344,582,338,51,0,0,0,0,50,0,0,0,0,0,0,0,0,0,0,31,56,0,0,0,0,180,257,103,19,0,52,20,87,33,0,0,0,161,185,263,50,0,0,0,136,24,0,0,0,182,226,92,0,0,0,0,0,0,0,0,backward
0,0,9,0,0,0,0,8,0,0,0,0,30,364,312,91,0,0,0,30,26,0,0,0,261,847,425,143,0,0,0,11,61,0,0,0,353,600,352,54,0,0,0,0,41,0,0,0,0,0,0,0,0,0,0,28,49,0,0,0,0,184,255,88,4,0,24,0,53,13,0,0,0,181,193,267,45,0,0,0,85,12,0,0,0,264,274,123,0,0,0,0,0,0,0,0,backward
3,0,0,0,0,3,19,61,69,34,0,0,3,0,39,15,17,15,3,115,217,110,0,0,0,10,44,4,0,0,0,50,154,67,42,0,0,0,13,0,0,0,0,0,69,0,0,0,0,0,0,0,0,0,0,19,70,33,0,0,0,0,0,0,0,0,21,0,105,134,0,0,0,0,74,67,0,0,0,0,381,176,51,44,0,0,59,30,0,0,0,0,23,33,0,0,forward
0,0,0,0,0,21,44,91,99,46,0,0,0,0,25,11,15,13,8,152,253,121,0,0,0,0,38,0,0,0,0,41,122,28,4,0,0,0,0,0,0,0,0,0,36,0,0,0,0,0,0,0,0,0,0,19,64,28,0,0,0,0,0,0,0,0,21,0,110,157,8,0,0,0,74,42,0,0,0,0,406,189,59,82,0,0,38,3,0,0,0,0,25,37,0,0,forward
9,0,0,0,0,26,49,93,104,56,0,0,0,0,3,0,0,0,0,147,249,112,0,0,0,0,30,0,0,0,0,51,140,45,31,0,0,0,0,0,0,0,0,0,57,0,0,0,0,0,0,0,0,0,0,43,95,54,13,0,0,0,0,0,0,0,51,22,146,198,24,13,0,0,66,37,0,0,0,0,390,166,43,70,0,0,22,0,0,0,0,0,10,19,0,0,forward
0,0,0,0,0,0,16,57,74,37,0,0,0,0,0,0,0,0,0,151,264,133,0,0,0,0,33,0,0,0,0,73,177,84,66,0,0,0,0,0,0,0,0,0,71,0,0,0,0,0,0,0,0,0,0,50,107,71,29,0,0,0,0,0,0,0,49,17,157,224,34,10,0,0,54,15,0,0,0,0,376,160,43,64,0,0,12,0,0,0,0,0,8,14,0,0,forward
12,0,0,0,0,0,14,48,62,31,0,0,0,0,0,0,0,0,0,107,212,115,0,0,0,0,24,0,0,0,0,83,234,136,98,0,0,0,0,0,0,0,0,19,124,0,0,0,0,0,0,0,0,0,0,48,105,73,25,12,0,0,0,0,0,0,51,26,165,222,42,55,0,0,61,25,0,0,0,0,407,172,42,140,0,0,16,0,0,0,0,0,6,18,0,0,forward
0,0,0,0,0,0,13,48,54,19,0,0,3,3,82,39,18,8,0,102,163,96,0,0,0,278,173,83,0,0,0,78,189,133,54,0,0,54,90,27,4,0,0,0,81,0,0,0,0,0,0,0,0,0,0,15,53,21,0,0,0,0,43,0,0,0,6,0,66,87,0,0,0,0,95,150,22,0,0,0,333,156,58,0,0,166,180,150,6,0,0,0,12,43,0,0,none
0,0,0,0,0,3,24,57,62,28,0,0,0,0,72,24,3,0,0,86,142,81,0,0,0,261,161,73,0,0,0,70,182,126,45,0,0,54,94,31,7,0,0,0,90,0,0,0,0,0,0,0,0,0,0,20,62,28,0,0,0,0,53,0,0,0,19,0,75,96,0,0,0,0,99,161,28,0,0,0,341,163,59,0,0,165,180,151,6,0,0,0,10,44,0,0,none
0,0,0,0,0,0,15,47,52,19,0,0,0,0,63,11,0,0,0,75,133,76,0,0,0,250,155,66,0,0,0,63,166,107,29,0,0,66,95,33,8,0,0,0,91,0,0,0,0,0,0,0,0,0,0,27,68,34,0,0,0,0,69,0,0,0,27,0,79,97,0,0,0,0,101,168,36,0,0,0,335,157,52,0,0,182,191,159,4,0,0,0,6,37,0,0,none
0,0,0,0,0,0,3,36,41,7,0,0,18,12,74,18,0,0,0,62,107,61,0,0,0,275,168,71,0,0,0,47,131,60,3,0,0,101,105,29,0,0,0,0,71,0,0,0,0,0,0,0,0,0,0,24,62,29,0,0,0,0,82,0,0,0,30,3,83,107,0,0,0,12,118,193,48,0,0,0,351,172,64,0,0,210,218,188,19,0,0,0,13,43,0,0,none
0,0,0,0,0,0,0,21,27,0,0,0,12,0,55,0,0,0,0,57,103,55,0,0,0,248,153,64,0,0,0,57,164,99,33,0,0,98,112,41,18,0,0,0,90,0,0,0,0,0,0,0,0,0,0,51,89,59,10,0,0,0,82,0,0,0,47,11,101,131,12,0,0,0,100,177,52,0,0,0,336,164,54,0,0,108,169,136,0,0,0,0,0,28,0,0,none
0,0,0,0,0,0,0,34,38,4,0,0,13,0,40,0,0,0,0,57,105,61,0,0,0,172,119,42,0,0,0,41,146,84,17,0,0,56,85,18,0,0,0,0,81,0,0,0,0,0,0,0,0,0,0,47,102,62,18,0,0,0,84,9,0,0,69,25,127,164,30,0,0,0,94,179,61,0,0,0,328,165,57,0,0,90,165,125,0,0,0,0,0,23,0,0,none
0,0,0,0,0,0,0,37,42,3,0,0,22,20,71,9,0,0,0,53,89,48,0,0,0,286,164,63,0,0,0,20,113,51,0,0,0,101,112,32,0,0,0,0,72,0,0,0,0,0,0,0,0,0,0,45,91,57,16,0,0,0,82,6,0,0,62,23,115,145,22,0,0,0,100,182,59,0,0,0,329,168,59,0,0,127,177,135,0,0,0,0,0,21,0,0,none
0,0,0,0,0,0,3,39,46,8,0,0,11,22,78,21,0,0,0,67,108,61,0,0,0,307,188,85,0,0,0,59,151,81,27,0,0,126,127,41,19,0,0,0,74,0,0,0,0,0,0,0,0,0,0,23,63,34,0,0,0,0,42,0,0,0,19,0,80,108,9,0,0,0,96,150,32,0,0,0,341,170,61,0,0,136,186,155,7,0,0,0,12,48,0,0,none
0,0,0,0,0,5,23,54,63,30,0,0,12,31,92,44,19,6,0,84,134,72,0,0,0,296,183,79,0,0,0,63,172,103,37,0,0,86,117,46,25,0,0,0,88,0,0,0,0,0,0,0,0,0,0,18,58,27,0,0,0,0,31,0,0,0,8,0,68,86,0,0,0,0,90,129,17,0,0,0,319,151,48,0,0,93,143,108,0,0,0,0,0,30,0,0,none
0,0,0,0,0,6,21,53,62,27,0,0,10,47,113,63,37,20,7,99,158,96,0,0,0,314,189,87,0,0,0,71,184,109,33,0,0,95,124,51,30,0,0,0,93,0,0,0,0,0,0,0,0,0,0,14,59,23,0,0,0,0,16,0,0,0,0,0,64,79,0,0,0,0,79,103,7,0,0,0,283,134,46,0,0,52,110,79,0,0,0,0,0,13,0,0,none
0,0,0,0,0,15,26,57,60,22,0,0,0,47,125,75,41,17,0,104,177,110,0,0,0,340,216,111,0,0,0,87,201,137,53,0,0,158,165,83,65,0,0,14,111,0,0,0,0,0,0,0,0,0,0,14,59,22,0,0,0,0,19,0,0,0,3,0,64,72,0,0,0,0,74,95,0,0,0,0,250,112,34,0,0,47,112,76,0,0,0,0,0,5,0,0,none
0,0,0,0,0,0,13,44,53,17,0,0,0,38,116,67,37,18,4,107,176,109,0,0,0,333,209,106,0,0,0,87,203,145,60,0,0,152,163,80,67,0,0,11,114,0,0,0,0,0,0,0,0,0,0,10,57,21,0,0,0,0,38,0,0,0,9,0,62,70,0,0,0,0,79,113,8,0,0,0,246,108,28,0,0,113,153,117,0,0,0,0,0,14,0,0,none
0,0,0,0,0,0,20,51,64,30,0,0,4,0,86,43,25,18,8,104,174,112,0,0,0,224,153,72,0,0,0,75,195,146,54,0,0,69,110,48,30,0,0,0,110,0,0,0,0,0,0,0,0,0,0,15,58,24,0,0,0,0,38,0,0,0,9,0,65,80,0,0,0,0,89,133,17,0,0,0,290,138,45,0,0,128,173,139,0,0,0,0,0,30,0,0,none
0,0,0,0,0,0,14,47,51,18,0,0,15,6,75,29,7,3,0,82,129,80,0,0,0,267,161,66,0,0,0,44,148,86,22,0,0,96,110,33,6,0,0,0,75,0,0,0,0,0,0,0,0,0,0,17,62,32,0,0,0,0,38,0,0,0,17,0,80,115,12,0,0,0,101,148,25,0,0,0,368,200,86,7,0,156,177,162,18,0,0,0,27,68,0,0,none
0,0,0,0,0,0,0,33,44,12,0,0,0,0,69,16,4,0,0,82,141,85,0,0,0,265,165,75,0,0,0,63,166,114,48,0,0,101,115,41,23,0,0,0,81,0,0,0,0,0,0,0,0,0,0,17,61,31,0,0,0,0,38,0,0,0,25,3,86,120,19,0,0,0,101,145,22,0,0,0,370,186,78,0,0,152,172,156,15,0,0,0,16,55,0,0,none
0,0,0,0,0,0,7,41,53,18,0,0,0,16,86,38,16,5,0,92,147,90,0,0,0,284,179,89,0,0,0,62,159,110,43,0,0,109,124,49,32,0,0,0,73,0,0,0,0,0,0,0,0,0,0,13,47,19,0,0,0,0,26,0,0,0,15,0,54,79,0,0,0,0,98,128,0,0,0,0,360,174,74,0,0,157,174,157,14,0,0,0,24,62,0,0,none
0,0,0,0,0,0,9,40,49,14,0,0,0,0,77,35,17,9,0,103,170,110,0,0,0,230,158,79,0,0,0,67,184,137,52,0,0,74,113,47,34,0,0,0,96,0,0,0,0,0,0,0,0,0,0,10,44,17,0,0,0,0,8,0,0,0,14,0,56,85,0,0,0,0,90,111,0,0,0,0,364,182,76,4,0,108,151,132,4,0,0,0,17,60,0,0,none
0,0,0,0,0,0,19,53,63,29,0,0,0,0,79,40,27,19,9,112,179,121,0,0,0,218,152,72,0,0,0,61,181,128,42,0,0,52,92,31,21,0,0,0,88,0,0,0,0,0,0,0,0,0,0,6,44,18,0,0,0,0,4,0,0,0,6,0,54,90,0,0,0,0,93,108,0,0,0,0,373,193,84,12,0,124,158,138,12,0,0,0,26,68,0,0,none
0,0,0,0,0,0,17,51,62,28,0,0,0,0,70,32,19,15,5,113,180,124,0,0,0,198,144,75,0,0,0,67,189,140,51,0,0,36,83,23,14,0,0,0,81,0,0,0,0,0,0,0,0,0,0,13,53,28,0,0,0,0,7,0,0,0,5,0,56,93,0,0,0,0,92,108,0,0,0,0,380,193,85,11,0,103,145,127,6,0,0,0,20,64,0,0,none
0,0,0,0,0,4,25,57,68,32,0,0,0,0,66,22,4,0,0,85,151,104,0,0,0,231,154,78,0,0,0,65,185,134,42,0,0,75,100,35,23,0,0,0,90,0,0,0,0,0,0,0,0,0,0,19,63,31,0,0,0,0,44,0,0,0,23,0,76,111,12,0,0,0,98,145,32,0,0,0,351,167,63,0,0,141,170,139,0,0,0,0,6,40,0,0,none
0,0,0,0,0,0,0,0,0,0,0,0,0,0,0,0,0,0,0,0,0,0,0,0,0,0,0,0,0,0,0,0,0,0,0,0,0,0,0,0,0,0,0,0,0,0,0,0,0,0,0,0,0,0,0,0,0,0,0,0,0,0,0,0,0,0,0,0,0,0,0,0,0,0,0,0,0,0,0,0,0,0,0,0,0,0,0,0,0,0,0,0,0,0,0,0,none
0,0,0,0,0,0,0,84,46,0,0,0,0,28,33,0,0,0,0,0,49,0,0,0,0,123,87,31,0,0,0,0,47,6,0,0,0,54,85,0,0,0,0,0,28,0,0,0,0,0,0,0,0,0,0,13,36,0,0,0,0,0,16,0,0,0,0,0,27,0,0,0,0,0,39,0,0,0,0,0,37,0,0,0,0,0,21,0,0,0,0,0,0,0,0,0,none
0,0,0,0,0,0,0,47,29,0,0,0,0,0,0,0,0,0,0,0,43,47,0,0,0,0,18,0,0,0,0,0,51,0,0,0,0,0,0,0,0,0,0,0,28,0,0,0,0,0,0,0,0,0,0,20,57,0,0,0,0,0,0,0,0,0,0,0,66,28,0,0,0,0,0,0,0,0,0,0,87,3,0,0,0,0,0,0,0,0,0,0,0,0,0,0,forward
0,0,0,0,0,0,0,49,34,0,0,0,0,0,0,0,0,0,0,0,54,73,0,0,0,0,0,0,0,0,0,0,62,3,0,0,0,0,0,0,0,0,0,0,45,0,0,0,0,0,0,0,0,0,0,15,53,0,0,0,0,0,0,0,0,0,0,0,65,26,0,0,0,0,0,0,0,0,0,0,94,10,0,0,0,0,0,0,0,0,0,0,0,0,0,0,forward
0,0,0,0,0,0,0,53,41,0,0,0,0,0,0,0,0,0,0,0,72,99,0,0,0,0,0,0,0,0,0,0,66,7,0,0,0,0,0,0,0,0,0,0,39,0,0,0,0,0,0,0,0,0,0,18,56,0,0,0,0,0,0,0,0,0,0,0,70,32,0,0,0,0,0,0,0,0,0,0,90,5,0,0,0,0,0,0,0,0,0,0,0,0,0,0,forward
0,0,0,0,0,0,0,62,49,0,0,0,0,0,0,0,0,0,0,0,59,87,0,0,0,0,0,0,0,0,0,0,63,3,0,0,0,0,0,0,0,0,0,0,46,0,0,0,0,0,0,0,0,0,0,13,51,0,0,0,0,0,0,0,0,0,0,0,66,29,0,0,0,0,0,0,0,0,0,0,92,9,0,0,0,0,0,0,0,0,0,0,0,0,0,0,forward
0,0,0,0,0,0,0,49,30,0,0,0,0,0,0,0,0,0,0,0,66,84,0,0,0,0,0,0,0,0,0,0,66,5,0,0,0,0,0,0,0,0,0,0,41,0,0,0,0,0,0,0,0,0,0,15,55,0,0,0,0,0,0,0,0,0,0,0,72,32,0,0,0,0,0,0,0,0,0,0,91,5,0,0,0,0,0,0,0,0,0,0,0,0,0,0,forward
0,0,0,0,0,0,0,47,28,0,0,0,0,0,0,0,0,0,0,0,57,63,0,0,0,0,0,0,0,0,0,0,61,0,0,0,0,0,0,0,0,0,0,0,44,0,0,0,0,0,0,0,0,0,0,20,55,0,0,0,0,0,0,0,0,0,0,0,65,25,0,0,0,0,0,0,0,0,0,0,88,0,0,0,0,0,0,0,0,0,0,0,0,0,0,0,forward
0,0,0,0,0,0,0,57,40,0,0,0,0,0,0,0,0,0,0,0,41,47,0,0,0,0,7,0,0,0,0,0,51,0,0,0,0,0,0,0,0,0,0,0,45,0,0,0,0,0,0,0,0,0,0,8,48,0,0,0,0,0,0,0,0,0,0,0,58,21,0,0,0,0,6,0,0,0,0,0,88,7,0,0,0,0,0,0,0,0,0,0,0,0,0,0,forward
0,0,0,0,0,0,0,56,41,0,0,0,0,0,0,0,0,0,0,0,48,57,0,0,0,0,0,0,0,0,0,0,44,0,0,0,0,0,0,0,0,0,0,0,44,0,0,0,0,0,0,0,0,0,0,17,54,0,0,0,0,0,0,0,0,0,0,0,56,22,0,0,0,0,0,0,0,0,0,0,92,5,0,0,0,0,0,0,0,0,0,0,0,0,0,0,forward
0,0,0,0,0,0,0,40,23,0,0,0,0,0,0,0,0,0,0,0,50,61,0,0,0,0,6,0,0,0,0,0,52,0,0,0,0,0,0,0,0,0,0,0,47,0,0,0,0,0,0,0,0,0,0,17,55,0,0,0,0,0,0,0,0,0,0,0,64,28,0,0,0,0,0,0,0,0,0,0,93,7,0,0,0,0,0,0,0,0,0,0,0,0,0,0,forward
0,0,0,0,0,0,0,46,32,0,0,0,0,0,0,0,0,0,0,0,61,72,0,0,0,0,4,0,0,0,0,0,43,0,0,0,0,0,0,0,0,0,0,0,40,0,0,0,0,0,0,0,0,0,0,19,55,0,0,0,0,0,0,0,0,0,0,0,57,22,0,0,0,0,0,0,0,0,0,0,96,10,0,0,0,0,0,0,0,0,0,0,0,0,0,0,forward
0,0,0,0,0,0,0,37,0,0,0,0,0,0,0,0,0,0,0,29,41,14,0,0,0,0,0,0,0,0,0,0,48,14,0,0,0,0,0,0,0,0,0,0,60,0,0,0,0,0,0,0,0,0,0,0,42,0,0,0,0,0,0,0,0,0,0,0,38,10,0,0,0,0,0,0,0,0,0,0,43,0,0,0,0,0,0,0,0,0,0,0,0,0,0,0,forward
0,0,0,0,0,0,0,33,0,0,0,0,0,0,0,0,0,0,0,27,43,17,0,0,0,0,0,0,0,0,0,10,63,23,0,0,0,0,0,0,0,0,0,0,52,0,0,0,0,0,0,0,0,0,0,0,48,6,0,0,0,0,0,0,0,0,0,0,36,8,0,0,0,0,0,0,0,0,0,0,44,0,0,0,0,0,0,0,0,0,0,0,0,0,0,0,forward
0,0,0,0,0,0,0,25,0,0,0,0,0,0,0,0,0,0,0,21,39,12,0,0,0,0,0,0,0,0,0,18,70,32,0,0,0,0,0,0,0,0,0,0,52,0,0,0,0,0,0,0,0,0,0,0,48,8,0,0,0,0,0,0,0,0,0,0,31,6,0,0,0,0,0,0,0,0,0,0,44,0,0,0,0,0,0,0,0,0,0,0,0,0,0,0,forward
0,0,0,0,0,0,0,37,0,0,0,0,0,0,0,0,0,0,0,25,42,15,0,0,0,0,0,0,0,0,0,0,53,16,0,0,0,0,0,0,0,0,0,0,59,0,0,0,0,0,0,0,0,0,0,0,37,0,0,0,0,0,0,0,0,0,0,0,37,10,0,0,0,0,0,0,0,0,0,0,49,0,0,0,0,0,0,0,0,0,0,0,0,0,0,0,forward
0,0,0,0,0,0,0,33,0,0,0,0,0,0,0,0,0,0,0,20,46,21,0,0,0,0,0,0,0,0,0,0,50,13,0,0,0,0,0,0,0,0,0,0,59,0,0,0,0,0,0,0,0,0,0,0,43,0,0,0,0,0,0,0,0,0,0,0,34,11,0,0,0,0,0,0,0,0,0,0,46,0,0,0,0,0,0,0,0,0,0,0,0,0,0,0,forward
0,0,0,0,0,0,0,29,0,0,0,0,0,0,0,0,0,0,0,14,43,20,0,0,0,0,0,0,0,0,0,0,52,17,0,0,0,0,0,0,0,0,0,0,61,0,0,0,0,0,0,0,0,0,0,0,44,3,0,0,0,0,0,0,0,0,0,0,34,12,0,0,0,0,0,0,0,0,0,0,44,0,0,0,0,0,0,0,0,0,0,0,0,0,0,0,forward
0,0,0,0,0,0,0,32,0,0,0,0,0,0,0,0,0,0,0,0,29,6,0,0,0,0,0,0,0,0,0,3,64,31,0,0,0,0,0,0,0,0,0,0,67,0,0,0,0,0,0,0,0,0,0,0,46,6,0,0,0,0,0,0,0,0,0,0,39,16,0,0,0,0,0,0,0,0,0,0,44,0,0,0,0,0,0,0,0,0,0,0,0,0,0,0,forward
0,0,0,0,0,0,0,22,0,0,0,0,0,0,0,0,0,0,0,14,43,22,0,0,0,0,0,0,0,0,0,0,62,29,0,0,0,0,0,0,0,0,0,0,58,0,0,0,0,0,0,0,0,0,0,0,46,5,0,0,0,0,0,0,0,0,0,0,33,9,0,0,0,0,0,0,0,0,0,0,44,0,0,0,0,0,0,0,0,0,0,0,0,0,0,0,forward
0,0,0,0,0,0,0,30,10,0,0,0,0,0,0,0,0,0,0,0,26,8,0,0,0,0,0,0,0,0,0,0,58,32,0,0,0,0,0,0,0,0,0,0,69,0,0,0,0,0,0,0,0,0,0,0,47,9,3,0,0,0,0,0,0,0,0,0,38,22,0,0,0,0,0,0,0,0,0,0,51,4,0,0,0,0,0,0,0,0,0,0,0,0,0,0,forward
0,0,0,0,0,0,0,0,0,0,0,0,0,0,0,0,0,0,0,0,28,10,0,0,0,0,0,0,0,0,0,0,65,53,0,0,0,0,0,0,0,0,0,0,87,0,0,0,0,0,0,0,0,0,0,0,36,0,8,0,0,0,0,0,0,0,0,0,26,20,0,0,0,0,0,0,0,0,0,0,43,3,0,0,0,0,0,0,0,0,0,0,0,0,0,0,forward
0,0,0,0,0,0,0,0,0,0,0,0,0,0,0,0,0,0,0,0,27,13,0,0,0,0,0,0,0,0,0,0,70,59,16,0,0,0,0,0,0,0,0,0,80,0,0,0,0,0,0,0,0,0,0,0,23,0,0,0,0,0,0,0,0,0,0,0,13,18,0,0,0,0,0,0,0,0,0,0,38,5,0,0,0,0,0,0,0,0,0,0,0,0,0,0,forward
0,0,0,0,0,0,0,0,0,0,0,0,0,0,0,0,0,0,0,0,26,20,0,0,0,0,0,0,0,0,0,0,59,51,24,0,0,0,0,0,0,0,0,0,85,0,0,0,0,0,0,0,0,0,0,0,4,0,0,0,0,0,0,0,0,0,0,0,8,13,0,0,0,0,0,0,0,0,0,0,49,11,0,0,0,0,0,0,0,0,0,0,0,0,0,0,forward
0,0,0,0,0,0,0,0,0,0,0,0,0,0,0,0,0,0,0,0,32,19,0,0,0,0,0,0,0,0,0,0,59,53,9,0,0,0,0,0,0,0,0,0,85,0,0,0,0,0,0,0,0,0,0,0,4,0,0,0,0,0,0,0,0,0,0,0,7,18,0,0,0,0,0,0,0,0,0,0,38,8,0,0,0,0,0,0,0,0,0,0,0,0,0,0,forward
0,0,0,0,0,0,0,0,0,0,0,0,0,0,0,0,0,0,0,0,33,23,0,0,0,0,0,0,0,0,0,0,60,66,24,0,0,0,0,0,0,0,0,0,76,0,0,0,0,0,0,0,0,0,0,0,0,0,3,11,0,0,0,0,0,0,0,0,0,20,0,0,0,0,0,0,0,0,0,0,38,10,0,0,0,0,0,0,0,0,0,0,0,0,0,0,forward
0,0,0,0,0,0,0,0,5,0,0,0,0,0,0,0,0,0,0,0,47,28,0,0,0,0,0,0,0,0,0,0,76,85,0,0,0,0,0,0,0,0,0,0,58,0,0,0,0,0,0,0,0,0,0,0,6,10,22,21,0,0,0,0,0,0,0,0,0,20,0,0,0,0,0,0,0,0,0,0,27,11,0,0,0,0,0,0,0,0,0,0,0,0,0,0,forward
0,0,0,0,0,0,0,9,25,0,0,0,0,0,0,0,0,0,0,0,41,19,0,0,0,0,0,0,0,0,0,0,71,76,0,0,0,0,0,0,0,0,0,0,65,0,0,0,0,0,0,0,0,0,0,0,11,11,22,23,0,0,0,0,0,0,0,0,0,30,0,0,0,0,0,0,0,0,0,0,23,11,0,0,0,0,0,0,0,0,0,0,0,0,0,0,forward
0,0,0,0,0,0,0,0,4,0,0,0,0,0,0,0,0,0,0,0,50,27,0,0,0,0,0,0,0,0,0,0,79,74,0,0,0,0,0,0,0,0,0,0,59,0,0,0,0,0,0,0,0,0,0,0,23,21,29,12,0,0,0,0,0,0,0,0,0,30,0,0,0,0,0,0,0,0,0,0,21,10,0,0,0,0,0,0,0,0,0,0,0,0,0,0,forward
0,0,0,0,0,0,0,0,27,0,0,0,0,0,0,0,0,0,0,0,56,31,0,0,0,0,0,0,0,0,0,0,59,45,0,0,0,0,0,0,0,0,0,0,54,0,0,0,0,0,0,0,0,0,0,0,17,16,22,12,0,0,0,0,0,0,0,0,0,32,0,0,0,0,0,0,0,0,0,0,24,17,0,0,0,0,0,0,0,0,0,0,0,0,0,0,forward
0,0,0,0,0,0,0,0,21,0,0,0,0,0,0,0,0,0,0,0,51,35,0,0,0,0,0,0,0,0,0,0,66,75,0,0,0,0,0,0,0,0,0,0,62,0,0,0,0,0,0,0,0,0,0,0,0,7,8,14,0,0,0,0,0,0,0,0,0,25,0,0,0,0,0,0,0,0,0,0,36,25,0,0,0,0,0,0,0,0,0,0,0,0,0,0,forward
0,0,0,0,0,0,0,0,12,0,0,0,0,0,0,0,0,0,0,0,42,31,0,0,0,0,0,0,0,0,0,0,69,95,0,0,0,0,0,0,0,0,0,0,63,0,0,0,0,0,0,0,0,0,0,0,0,4,0,8,0,0,0,0,0,0,0,0,0,29,0,0,0,0,0,0,0,0,0,0,50,28,0,0,0,0,0,0,0,0,0,0,0,0,0,0,forward
0,0,0,0,0,0,0,0,0,0,0,0,0,0,0,0,0,0,0,0,49,39,0,0,0,0,0,0,0,0,0,0,78,105,0,0,0,0,0,0,0,0,0,0,47,0,0,0,0,0,0,0,0,0,0,0,0,0,0,7,0,0,0,0,0,0,0,0,0,26,0,0,0,0,0,0,0,0,0,0,56,34,0,0,0,0,0,0,0,0,0,0,0,0,0,0,forward
0,0,0,0,0,0,0,0,14,0,0,0,0,0,0,0,0,0,0,0,37,32,0,0,0,0,0,0,0,0,0,0,75,106,0,0,0,0,0,0,0,0,0,0,57,0,0,0,0,0,0,0,0,0,0,0,0,0,0,18,0,0,0,0,0,0,0,0,0,28,0,0,0,0,0,0,0,0,0,0,46,28,0,0,0,0,0,0,0,0,0,0,0,0,0,0,forward
0,0,0,0,0,0,0,0,0,0,0,0,0,0,0,0,0,0,0,0,23,37,0,0,0,0,0,0,0,0,0,0,70,113,21,0,0,0,0,0,0,0,0,0,59,0,0,0,0,0,0,0,0,0,0,0,0,0,0,28,0,0,0,0,0,0,0,0,0,18,0,0,0,0,0,0,0,0,0,0,41,32,0,0,0,0,0,0,0,0,0,0,0,0,0,0,forward
0,0,0,0,0,0,0,0,0,0,0,0,0,0,0,0,0,0,0,0,0,37,0,0,0,0,0,0,0,0,0,0,64,118,32,0,0,0,0,0,0,0,0,0,58,0,0,0,0,0,0,0,0,0,0,0,0,0,0,20,0,0,0,0,0,0,0,0,0,20,0,0,0,0,0,0,0,0,0,0,35,31,0,8,0,0,0,0,0,0,0,0,0,0,0,15,forward
0,0,0,0,0,0,0,0,0,0,0,0,0,0,0,0,0,0,0,0,6,38,0,0,0,0,0,0,0,0,0,0,56,111,6,0,0,0,0,0,0,0,0,0,68,0,0,0,0,0,0,0,0,0,0,0,0,5,17,39,0,0,0,0,0,0,0,0,0,31,0,0,0,0,0,0,0,0,0,0,29,28,0,0,0,0,0,0,0,0,0,0,0,0,0,0,forward
0,0,0,0,0,0,0,0,0,0,0,0,0,0,0,0,0,0,0,0,14,22,0,0,0,0,0,0,0,0,0,0,97,82,0,0,0,0,0,0,0,0,0,0,104,0,0,0,0,0,0,0,0,0,0,0,40,15,3,0,0,0,0,0,0,0,0,0,17,34,0,0,0,0,0,0,0,0,0,0,49,21,0,0,0,0,0,0,0,0,0,0,0,0,0,0,forward
0,0,0,0,0,0,0,0,0,0,0,0,0,0,0,0,0,0,0,0,0,31,0,0,0,0,0,0,0,0,0,0,75,71,0,0,0,0,0,0,0,0,0,0,84,0,0,0,0,0,0,0,0,0,0,0,17,5,6,0,0,0,0,0,0,0,0,0,7,35,0,0,0,0,0,0,0,0,0,0,34,21,0,0,0,0,0,0,0,0,0,0,0,0,0,0,forward
0,0,0,0,0,0,0,0,0,0,0,0,0,0,0,0,0,0,0,0,9,36,0,0,0,0,0,0,0,0,0,0,68,116,14,0,0,0,0,0,0,0,0,0,62,0,0,0,0,0,0,0,0,0,0,0,0,0,8,16,0,0,0,0,0,0,0,0,0,19,0,0,0,0,0,0,0,0,0,0,24,20,0,0,0,0,0,0,0,0,0,0,0,0,0,5,forward
0,0,0,0,0,0,0,0,0,0,14,0,0,0,0,0,0,0,0,0,15,30,0,0,0,0,0,0,0,0,0,0,11,82,65,0,0,0,0,0,0,0,0,0,17,0,0,0,0,0,0,0,0,0,0,0,0,7,27,49,0,0,0,0,0,0,0,0,0,26,0,0,0,0,0,0,0,0,0,0,5,19,0,47,0,0,0,0,0,0,0,0,0,0,0,8,forward
0,0,0,0,0,0,0,0,53,0,0,0,0,0,0,0,0,0,0,0,54,40,0,0,0,0,0,0,0,0,0,0,33,87,3,0,0,0,0,0,0,0,0,0,18,0,0,0,0,0,0,0,0,0,0,0,0,20,28,22,0,0,0,0,0,0,0,0,0,36,0,0,0,0,0,0,0,0,0,0,31,23,0,0,0,0,0,0,0,0,0,0,0,0,0,0,forward
0,0,0,0,0,0,0,0,43,0,0,0,0,0,0,0,0,0,0,0,79,55,0,0,0,0,0,0,0,0,0,0,58,85,0,0,0,0,0,0,0,0,0,0,18,0,0,0,0,0,0,0,0,0,0,0,0,10,16,8,0,0,0,0,0,0,0,0,0,36,0,0,0,0,0,0,0,0,0,0,41,28,0,0,0,0,0,0,0,0,0,0,0,0,0,0,forward
0,0,0,0,0,0,0,0,55,0,0,0,0,0,0,0,0,0,0,0,93,41,0,0,0,0,0,0,0,0,0,0,74,43,0,0,0,0,0,0,0,0,0,0,31,0,0,0,0,0,0,0,0,0,0,0,39,13,0,0,0,0,0,0,0,0,0,0,19,33,0,0,0,0,0,0,0,0,0,0,62,23,0,0,0,0,0,0,0,0,0,0,0,0,0,0,forward
0,0,0,0,0,0,0,18,77,0,0,0,0,0,0,0,0,0,0,0,82,20,0,0,0,0,0,0,0,0,0,0,75,27,0,0,0,0,0,0,0,0,0,0,28,0,0,0,0,0,0,0,0,0,0,0,50,8,0,0,0,0,0,0,0,0,0,0,47,19,0,0,0,0,0,0,0,0,0,0,78,0,0,0,0,0,0,0,0,0,0,0,0,0,0,0,forward
0,0,0,0,0,0,0,27,11,0,0,0,0,0,0,0,0,0,0,0,55,0,0,0,0,0,0,0,0,0,0,0,88,0,0,0,0,0,0,0,0,0,0,0,60,0,0,0,0,0,0,0,0,0,0,0,53,3,0,0,0,0,0,0,0,0,0,0,52,9,0,0,0,0,0,0,0,0,0,0,61,0,0,0,0,0,0,0,0,0,0,0,0,0,0,0,forward
0,0,0,0,0,0,0,0,0,0,0,0,0,0,0,0,0,0,0,0,39,4,0,0,0,0,0,0,0,0,0,0,88,33,0,0,0,0,0,0,0,0,0,0,99,0,0,0,0,0,0,0,0,0,0,0,50,0,0,0,0,0,0,0,0,0,0,0,48,20,0,0,0,0,0,0,0,0,0,0,61,0,0,0,0,0,0,0,0,0,0,0,0,0,0,0,forward
0,0,0,0,0,0,0,19,8,0,0,0,0,0,0,0,0,0,0,0,40,0,0,0,0,0,0,0,0,0,0,0,90,36,0,0,0,0,0,0,0,0,0,0,101,0,0,0,0,0,0,0,0,0,0,0,60,9,0,0,0,0,0,0,0,0,0,0,49,27,0,0,0,0,0,0,0,0,0,0,50,0,0,0,0,0,0,0,0,0,0,0,0,0,0,0,forward
0,0,0,0,0,0,0,3,9,0,0,0,0,0,0,0,0,0,0,0,24,16,0,0,0,0,0,0,0,0,0,0,67,70,0,0,0,0,0,0,0,0,0,0,89,0,0,0,0,0,0,0,0,0,0,0,34,3,0,0,0,0,0,0,0,0,0,0,13,20,0,0,0,0,0,0,0,0,0,0,28,0,9,0,0,0,0,0,0,0,0,0,0,0,0,0,forward
0,0,0,0,0,0,0,0,0,0,0,0,0,0,0,0,0,0,0,0,37,46,0,0,0,0,0,0,0,0,0,0,53,115,24,0,0,0,0,0,0,0,0,0,30,0,0,0,0,0,0,0,0,0,0,0,0,0,0,19,0,0,0,0,0,0,0,0,0,0,0,0,0,0,0,0,0,0,0,0,11,0,21,53,0,0,0,0,0,0,0,0,0,0,0,4,forward
0,0,0,0,0,0,0,0,0,0,0,0,0,0,0,0,0,0,0,0,39,44,0,0,0,0,0,0,0,0,0,0,45,112,21,0,0,0,0,0,0,0,0,0,40,0,0,0,0,0,0,0,0,0,0,0,0,0,0,10,0,0,0,0,0,0,0,0,0,0,0,0,0,0,0,0,0,0,0,0,17,0,16,15,0,0,0,0,0,0,0,0,0,0,0,0,forward
0,0,0,0,0,0,0,56,71,0,0,0,0,0,0,0,0,0,0,0,68,6,0,0,0,0,0,0,0,0,0,0,20,0,0,0,0,0,0,0,0,0,0,0,10,0,0,0,0,0,0,0,0,0,0,0,33,0,0,0,0,0,0,0,0,0,0,0,24,19,0,0,0,0,0,0,0,0,0,0,73,14,0,0,0,0,0,0,0,0,0,0,0,0,0,0,forward
0,57,0,5,0,27,0,56,0,0,0,0,0,0,47,0,0,0,0,0,0,0,0,0,0,0,0,0,0,0,0,0,0,0,0,0,0,0,0,0,0,0,0,0,0,0,0,0,0,0,0,0,0,0,0,0,0,0,0,0,0,0,26,0,0,0,0,0,0,0,0,0,0,0,51,0,0,0,0,0,22,0,0,0,0,0,0,0,0,0,0,0,24,0,0,0,strafe_left
0,57,0,13,0,36,4,61,0,0,0,0,0,0,33,0,0,0,0,0,0,0,0,0,0,0,0,0,0,0,0,0,0,0,0,0,0,0,0,0,0,0,0,0,0,0,0,0,0,0,0,0,0,0,0,0,0,0,0,0,0,0,22,0,0,0,0,0,0,0,0,0,0,0,48,0,0,0,0,0,22,0,0,0,0,0,0,0,0,0,0,0,30,0,0,0,strafe_left
0,62,0,15,0,41,14,70,0,0,0,0,0,0,45,0,0,0,0,0,0,0,0,0,0,0,0,0,0,0,0,0,0,0,0,0,0,0,0,0,0,0,0,0,0,0,0,0,0,0,0,0,0,0,0,0,0,0,0,0,0,0,26,0,0,0,0,0,0,0,0,0,0,0,45,0,0,0,0,0,21,0,0,0,0,0,0,0,0,0,0,0,25,0,0,0,strafe_left
0,41,0,0,0,19,0,43,0,0,0,0,0,0,44,0,0,0,0,0,0,0,0,0,0,0,0,0,0,0,0,0,0,0,0,0,0,0,0,0,0,0,0,0,0,0,0,0,0,0,0,0,0,0,0,0,0,0,0,0,0,0,27,0,0,0,0,0,0,0,0,0,0,0,52,0,0,0,0,0,18,0,0,0,0,0,0,0,0,0,0,0,20,0,0,0,strafe_left
0,26,0,0,0,22,0,49,0,0,0,0,0,0,38,0,0,0,0,0,0,0,0,0,0,0,0,0,0,0,0,0,0,0,0,0,0,0,0,0,0,0,0,0,0,0,0,0,0,0,0,0,0,0,0,0,0,0,0,0,0,0,32,0,0,0,0,0,0,0,0,0,0,0,56,0,0,0,0,0,19,0,0,0,0,0,0,0,0,0,0,0,15,0,0,0,strafe_left
0,0,0,0,0,60,18,69,0,0,0,0,0,0,50,0,0,0,0,0,0,0,0,0,0,0,0,0,0,0,0,0,0,0,0,0,0,0,0,0,0,0,0,0,0,0,0,0,0,0,0,0,0,0,0,0,0,0,0,0,0,0,22,0,0,0,0,0,0,0,0,0,0,0,25,0,0,0,0,0,19,0,0,0,0,0,0,0,0,0,0,0,52,0,0,0,strafe_left
0,0,0,0,0,55,10,66,0,0,0,0,0,0,52,0,0,0,0,0,0,0,0,0,0,0,0,0,0,0,0,0,0,0,0,0,0,0,0,0,0,0,0,0,0,0,0,0,0,0,0,0,0,0,0,0,0,0,0,0,0,0,28,0,0,0,0,0,0,0,0,0,0,0,32,0,0,0,0,0,17,0,0,0,0,0,0,0,0,0,0,0,49,0,0,0,strafe_left
0,0,0,5,0,75,28,87,0,0,0,0,0,0,25,0,0,0,0,0,0,0,0,0,0,0,0,0,0,0,0,0,0,0,0,0,0,0,0,0,0,0,0,0,0,0,0,0,0,0,0,0,0,0,0,0,0,0,0,0,0,0,19,0,0,0,0,0,0,0,0,0,0,0,29,0,0,0,0,0,23,0,0,0,0,0,0,0,0,0,0,0,59,0,0,0,strafe_left
0,0,0,0,0,82,31,101,10,0,0,0,0,0,0,0,0,0,0,0,0,0,0,0,0,0,0,0,0,0,0,0,0,0,0,0,0,0,0,0,0,0,0,0,0,0,0,0,0,0,0,0,0,0,0,0,0,0,0,0,0,0,21,0,0,0,0,0,0,0,0,0,0,0,24,0,0,0,0,0,24,0,0,0,0,0,0,0,0,0,0,0,63,0,0,0,strafe_left
0,0,0,0,0,64,19,95,6,0,0,0,0,0,0,0,0,0,0,0,5,0,0,0,0,0,0,0,0,0,0,0,0,0,0,0,0,0,0,0,0,0,0,0,0,0,0,0,0,0,0,0,0,0,0,0,0,0,0,0,0,0,24,0,0,0,0,0,0,0,0,0,0,0,31,0,0,0,0,0,25,0,0,0,0,0,0,0,0,0,0,0,52,0,0,0,strafe_left
0,0,0,0,0,72,14,83,0,0,0,0,0,0,12,0,0,0,0,0,0,0,0,0,0,0,0,0,0,0,0,0,0,0,0,0,0,0,0,0,0,0,0,0,0,0,0,0,0,0,0,0,0,0,0,0,0,0,0,0,0,0,29,0,0,0,0,0,0,0,0,0,0,0,39,0,0,0,0,0,18,0,0,0,0,0,0,0,0,0,0,0,46,0,0,0,strafe_left
0,0,0,0,0,51,0,49,0,0,0,0,0,0,26,0,0,0,0,0,0,0,0,0,0,0,0,0,0,0,0,0,0,0,0,0,0,0,0,0,0,0,0,0,0,0,0,0,0,0,0,0,0,0,0,0,0,0,0,0,0,0,33,0,0,0,0,0,0,0,0,0,0,0,52,0,0,0,0,0,10,0,0,0,0,0,0,0,0,0,0,0,34,0,0,0,strafe_left
0,20,0,0,0,36,0,33,0,0,0,0,0,0,46,0,0,0,0,0,0,0,0,0,0,0,0,0,0,0,0,0,0,0,0,0,0,0,0,0,0,0,0,0,0,0,0,0,0,0,0,0,0,0,0,0,0,0,0,0,0,0,32,0,0,0,0,0,0,0,0,0,0,0,56,0,0,0,0,0,7,0,0,0,0,0,0,0,0,0,0,0,21,0,0,0,strafe_left
0,32,8,0,0,47,0,49,0,0,0,0,0,0,58,0,0,0,0,0,0,0,0,0,0,0,0,0,0,0,0,0,0,0,0,0,0,0,0,0,0,0,0,0,0,0,0,0,0,0,0,0,0,0,0,0,0,0,0,0,0,0,36,0,0,0,0,0,0,0,0,0,0,0,51,0,0,0,0,0,0,0,0,0,0,0,0,0,0,0,0,0,22,0,0,0,strafe_left
0,29,13,4,0,56,7,54,0,0,0,0,0,0,55,0,0,0,0,0,0,0,0,0,0,0,0,0,0,0,0,0,0,0,0,0,0,0,0,0,0,0,0,0,0,0,0,0,0,0,3,0,0,0,0,0,0,0,0,0,0,0,36,0,0,0,0,0,0,0,0,0,0,0,49,0,0,0,0,0,9,0,0,0,0,0,0,0,0,0,0,0,29,0,0,0,strafe_left
0,19,0,0,0,40,0,35,0,0,0,0,0,0,45,0,0,0,0,0,0,0,0,0,0,0,0,0,0,0,0,0,0,0,0,0,0,0,0,0,0,0,0,0,0,0,0,0,0,0,0,0,0,0,0,0,0,0,0,0,0,0,35,0,0,0,0,0,0,0,0,0,0,0,62,0,0,0,0,0,11,0,0,0,0,0,0,0,0,0,0,0,20,0,0,0,strafe_left
0,53,19,6,0,44,3,50,0,0,0,0,0,0,51,0,0,0,0,0,0,0,0,0,0,0,0,0,0,0,0,0,0,0,0,0,0,0,0,0,0,0,0,0,0,0,0,0,0,0,12,0,0,0,0,0,0,0,0,0,0,0,34,0,0,0,0,0,0,0,0,0,0,0,46,0,0,0,0,0,18,0,0,0,0,0,0,0,0,0,0,0,19,0,0,0,strafe_left
0,0,0,0,0,0,0,0,0,0,0,0,0,0,8,0,0,0,0,0,0,0,0,0,0,0,32,0,0,0,0,10,16,0,0,0,0,0,0,0,0,0,0,0,57,0,0,0,0,0,0,0,0,0,19,10,101,0,0,0,0,0,0,0,0,0,0,0,0,0,0,0,0,0,0,0,0,0,0,0,0,0,0,0,0,0,0,0,0,0,0,0,0,0,0,0,strafe_right
0,0,0,0,0,0,0,0,0,0,0,0,0,0,30,0,0,0,0,0,0,0,0,0,0,12,45,0,0,0,0,12,5,0,0,0,0,0,0,0,0,0,0,0,35,0,0,0,0,0,0,0,0,0,19,9,86,0,0,0,0,0,0,0,0,0,0,0,0,0,0,0,0,0,0,0,0,0,0,0,0,0,0,0,0,0,0,0,0,0,0,0,0,0,0,0,strafe_right
0,0,0,0,0,0,0,6,0,0,0,0,0,0,30,0,0,0,0,0,0,0,0,0,0,0,33,0,0,0,0,3,0,0,0,0,0,0,0,0,0,0,0,0,50,0,0,0,0,0,4,0,0,0,16,12,87,0,0,0,0,0,0,0,0,0,0,0,0,0,0,0,0,0,0,0,0,0,0,0,0,0,0,0,0,0,0,0,0,0,0,0,0,0,0,0,strafe_right
0,0,0,0,0,0,0,0,0,0,0,0,0,36,53,0,0,0,0,0,0,0,0,0,0,29,47,0,0,0,0,0,0,0,0,0,0,0,0,0,0,0,0,0,5,0,0,0,0,0,0,0,0,0,21,15,86,0,0,0,0,0,0,0,0,0,0,0,0,0,0,0,0,0,0,0,0,0,0,0,0,0,0,0,0,0,0,0,0,0,0,0,0,0,0,0,strafe_right
0,0,0,0,0,0,0,0,0,0,0,0,0,0,0,0,0,0,0,0,0,0,0,0,0,0,33,0,0,0,0,3,14,0,0,0,0,0,0,0,0,0,0,0,75,0,0,0,0,0,0,0,0,0,4,0,55,0,0,0,0,0,0,0,0,0,0,0,0,0,0,0,0,0,0,0,0,0,0,0,0,0,0,0,0,0,0,0,0,0,0,0,0,0,0,0,strafe_right
0,0,0,0,0,0,0,0,0,0,0,0,0,0,0,0,0,0,0,0,0,0,0,0,0,0,20,0,0,0,0,0,11,0,0,0,0,0,0,0,0,0,0,0,78,0,0,0,3,0,11,0,0,0,21,11,72,0,0,0,0,0,0,0,0,0,0,0,0,0,0,0,0,0,0,0,0,0,0,0,0,0,0,0,0,0,0,0,0,0,0,0,0,0,0,0,strafe_right
0,0,0,0,0,0,0,0,0,0,0,0,0,0,7,0,0,0,0,0,0,0,0,0,0,33,48,0,0,0,0,0,0,0,0,0,0,0,0,0,0,0,0,0,31,0,0,0,0,0,0,0,0,0,14,3,67,0,0,0,0,0,0,0,0,0,0,0,0,0,0,0,0,0,0,0,0,0,0,0,0,0,0,0,0,0,0,0,0,0,0,0,0,0,0,0,strafe_right
0,0,0,0,0,0,0,0,0,0,0,0,0,0,0,0,0,0,0,0,0,0,0,0,0,0,22,0,0,0,0,3,10,0,0,0,0,0,0,0,0,0,0,0,84,0,0,0,0,0,0,0,0,0,23,14,87,0,0,0,0,0,0,0,0,0,0,0,0,0,0,0,0,0,0,0,0,0,0,0,0,0,0,0,0,0,0,0,0,0,0,0,0,0,0,0,strafe_right
0,0,0,0,0,0,0,0,0,0,0,0,0,0,0,0,0,0,0,0,0,0,0,0,0,0,26,0,0,0,0,17,27,0,0,0,0,0,0,0,0,0,0,0,90,0,0,0,0,0,0,0,0,0,25,17,93,0,0,0,0,0,0,0,0,0,0,0,0,0,0,0,0,0,0,0,0,0,0,0,0,0,0,0,0,0,0,0,0,0,0,0,0,0,0,0,strafe_right
0,0,0,0,0,0,0,0,0,0,0,0,0,0,4,0,0,0,0,0,0,0,0,0,0,12,43,0,0,0,0,15,21,0,0,0,0,0,0,0,0,0,0,0,46,0,0,0,0,0,0,0,0,0,21,12,79,0,0,0,0,0,0,0,0,0,0,0,0,0,0,0,0,0,0,0,0,0,0,0,0,0,0,0,0,0,0,0,0,0,0,0,0,0,0,0,strafe_right
0,0,0,0,0,0,0,0,0,0,0,0,0,3,23,0,0,0,0,0,0,0,0,0,0,33,37,0,0,0,0,0,0,0,0,0,0,0,0,0,0,0,0,0,27,0,0,0,0,0,7,0,0,0,21,13,75,0,0,0,0,0,0,0,0,0,0,0,0,0,0,0,0,0,0,0,0,0,0,0,0,0,0,0,0,0,0,0,0,0,0,0,0,0,0,0,strafe_right
0,35,0,0,0,0,0,0,0,0,0,0,0,27,99,13,0,0,0,0,14,0,0,0,0,96,74,0,0,0,0,0,0,0,0,0,0,0,0,0,0,0,0,0,0,0,0,0,0,18,67,0,0,0,0,0,0,0,0,0,0,0,54,12,0,0,0,0,0,0,0,0,0,0,51,0,0,0,0,0,0,0,0,0,0,0,0,0,0,0,0,0,0,0,0,0,backward
0,36,0,0,0,0,0,0,0,0,0,0,0,30,100,16,0,0,0,0,13,0,0,0,0,86,64,0,0,0,0,0,0,0,0,0,0,0,0,0,0,0,0,0,0,0,0,0,0,17,68,0,0,0,0,0,0,0,0,0,0,0,55,12,0,0,0,0,0,0,0,0,0,0,50,0,0,0,0,0,0,0,0,0,0,0,0,0,0,0,0,0,0,0,0,0,backward
0,46,0,0,0,0,0,0,0,0,0,0,0,11,82,0,0,0,0,0,0,0,0,0,0,92,73,0,0,0,0,0,8,0,0,0,0,0,0,0,0,0,0,0,0,0,0,0,0,15,64,0,0,0,0,0,0,0,0,0,0,0,49,9,0,0,0,0,0,0,0,0,0,0,55,0,0,0,0,0,0,0,0,0,0,0,0,0,0,0,0,0,0,0,0,0,backward
0,57,0,0,0,0,0,0,0,0,0,0,0,21,91,0,0,0,0,0,0,0,0,0,0,81,70,0,0,0,0,0,0,0,0,0,0,0,0,0,0,0,0,0,0,0,0,0,0,23,65,0,0,0,0,0,0,0,0,0,0,0,50,11,0,0,0,0,0,0,0,0,0,0,53,0,0,0,0,0,0,0,0,0,0,0,0,0,0,0,0,0,0,0,0,0,backward
0,44,0,0,0,0,0,0,0,0,0,0,0,37,101,10,0,0,0,0,8,0,0,0,0,88,74,0,0,0,0,0,0,0,0,0,0,0,0,0,0,0,0,0,0,0,0,0,0,24,66,0,0,0,0,0,0,0,0,0,0,0,57,15,0,0,0,0,0,0,0,0,0,0,61,0,0,0,0,0,0,0,0,0,0,0,0,0,0,0,0,0,0,0,0,0,backward
0,33,0,0,0,0,0,0,0,0,0,0,0,45,106,15,0,0,0,0,7,0,0,0,0,77,61,0,0,0,0,0,0,0,0,0,0,0,0,0,0,0,0,0,0,0,0,0,0,31,72,0,0,0,0,0,0,0,0,0,0,0,60,15,0,0,0,0,0,0,0,0,0,0,60,0,0,0,0,0,0,0,0,0,0,0,0,0,0,0,0,0,0,0,0,0,backward
0,35,0,0,0,0,0,0,0,0,0,0,0,23,89,0,0,0,0,0,3,0,0,0,0,85,71,0,0,0,0,0,8,0,0,0,0,0,0,0,0,0,0,0,0,0,0,0,0,22,61,0,0,0,0,0,0,0,0,0,0,0,62,16,0,0,0,0,0,0,0,0,0,0,64,0,0,0,0,0,0,0,0,0,0,0,0,0,0,0,0,0,0,0,0,0,backward
0,36,0,0,0,0,0,0,0,0,0,0,0,34,98,8,0,0,0,0,7,0,0,0,0,90,77,0,0,0,0,3,12,0,0,0,0,0,0,0,0,0,0,0,0,0,0,0,0,25,64,0,0,0,0,0,0,0,0,0,0,0,64,19,0,0,0,0,0,0,0,0,0,0,61,0,0,0,0,0,0,0,0,0,0,0,0,0,0,0,0,0,0,0,0,0,backward
0,45,0,0,0,0,0,0,0,0,0,0,0,34,97,7,0,0,0,0,0,0,0,0,0,72,58,0,0,0,0,0,7,0,0,0,0,0,0,0,0,0,0,0,0,0,0,0,0,26,68,0,0,0,0,0,0,0,0,0,0,0,58,13,0,0,0,0,0,0,0,0,0,0,57,0,0,0,0,0,0,0,0,0,0,0,0,0,0,0,0,0,0,0,0,0,backward
0,0,0,0,0,0,0,0,0,0,0,0,0,5,84,8,0,0,0,0,8,0,0,0,0,52,63,0,0,0,0,7,19,0,0,0,0,0,0,0,0,0,0,0,0,0,0,0,0,20,66,0,0,0,0,0,0,0,0,0,0,0,64,17,0,0,0,0,0,0,0,0,0,0,59,0,0,0,0,0,0,0,0,0,0,0,0,0,0,0,0,0,0,0,0,0,backward
0,7,0,0,0,0,0,0,0,0,0,0,0,14,83,6,0,0,0,0,8,0,0,0,0,72,69,0,0,0,0,4,18,0,0,0,0,0,0,0,0,0,0,0,0,0,0,0,0,11,63,0,0,0,0,0,0,0,0,0,0,0,62,16,0,0,0,0,0,0,0,0,0,0,58,0,0,0,0,0,4,0,0,0,0,0,0,0,0,0,0,0,0,0,0,0,backward
0,59,0,0,0,0,0,0,0,0,0,0,0,48,101,5,0,0,0,0,0,0,0,0,0,82,74,0,0,0,0,0,0,0,0,0,0,0,0,0,0,0,0,0,0,0,0,0,0,25,64,0,0,0,0,0,0,0,0,0,0,0,63,18,0,0,0,0,0,0,0,0,0,0,58,0,0,0,0,0,0,0,0,0,0,0,0,0,0,0,0,0,0,0,0,0,backward
0,59,0,0,0,0,0,0,0,0,0,0,0,45,98,8,0,0,0,0,0,0,0,0,0,66,60,0,0,0,0,0,0,0,0,0,0,0,0,0,0,0,0,0,0,0,0,0,0,27,65,0,0,0,0,0,0,0,0,0,0,0,60,13,0,0,0,0,0,0,0,0,0,0,55,0,0,0,0,0,3,0,0,0,0,0,0,0,0,0,0,0,0,0,0,0,backward
0,56,0,0,0,0,0,0,0,0,0,0,0,40,94,3,0,0,0,0,3,0,0,0,0,76,68,0,0,0,0,0,10,0,0,0,0,0,0,0,0,0,0,0,0,0,0,0,0,13,57,0,0,0,0,0,0,0,0,0,0,0,63,17,0,0,0,0,0,0,0,0,0,0,58,0,0,0,0,0,7,0,0,0,0,0,0,0,0,0,0,0,0,0,0,0,backward
0,56,0,0,0,0,0,0,0,0,0,0,0,11,81,0,0,0,0,0,3,0,0,0,0,28,49,0,0,0,0,0,0,0,0,0,0,0,0,0,0,0,0,0,0,0,0,0,0,32,69,0,0,0,0,0,0,0,0,0,0,0,66,22,0,0,0,0,0,0,0,0,0,0,70,0,0,0,0,0,0,0,0,0,0,0,0,0,0,0,0,0,0,0,0,0,backward
0,57,0,0,0,5,0,0,0,0,0,0,0,0,65,0,0,0,0,0,0,0,0,0,0,43,49,0,0,0,0,0,5,0,0,0,0,0,0,0,0,0,0,0,0,0,0,0,0,9,66,0,0,0,0,0,0,0,0,0,0,0,56,12,0,0,0,0,0,0,0,0,0,0,69,0,0,0,0,0,8,0,0,0,0,0,0,0,0,0,0,0,0,0,0,0,backward
0,58,0,0,0,7,0,0,0,0,0,0,0,0,64,0,0,0,0,0,0,0,0,0,0,42,46,0,0,0,0,0,4,0,0,0,0,0,0,0,0,0,0,0,0,0,0,0,0,10,67,0,0,0,0,0,0,0,0,0,0,0,56,14,0,0,0,0,0,0,0,0,0,0,68,0,0,0,0,0,8,0,0,0,0,0,0,0,0,0,0,0,0,0,0,0,backward
0,37,0,0,0,0,0,0,0,0,0,0,0,0,70,0,0,0,0,0,5,0,0,0,0,46,51,0,0,0,0,0,11,0,0,0,0,0,0,0,0,0,0,0,0,0,0,0,0,11,64,0,0,0,0,0,0,0,0,0,0,0,57,17,0,0,0,0,0,0,0,0,0,0,71,0,0,0,0,0,6,0,0,0,0,0,0,0,0,0,0,0,0,0,0,0,backward
0,50,0,0,0,0,0,0,0,0,0,0,0,10,82,7,0,0,0,0,14,0,0,0,0,40,42,0,0,0,0,0,0,0,0,0,0,0,0,0,0,0,0,0,0,0,0,0,0,13,71,0,0,0,0,0,0,0,0,0,0,0,60,18,0,0,0,0,0,0,0,0,0,0,66,0,0,0,0,0,0,0,0,0,0,0,0,0,0,0,0,0,0,0,0,0,backward
0,40,0,0,0,0,0,0,0,0,0,0,0,0,58,0,0,0,0,0,3,0,0,0,0,32,44,0,0,0,0,0,6,0,0,0,0,0,0,0,0,0,0,0,0,0,0,0,0,11,69,0,0,0,0,0,0,0,0,0,0,0,64,18,0,0,0,0,0,0,0,0,0,0,71,0,0,0,0,0,6,0,0,0,0,0,0,0,0,0,0,0,0,0,0,0,backward
32,27,0,0,0,0,0,0,0,0,0,0,0,14,15,0,0,0,0,0,0,0,0,0,0,0,6,0,0,0,0,0,0,0,0,0,0,0,0,0,0,0,0,0,9,0,0,0,0,64,59,0,0,0,0,0,0,0,0,0,0,6,139,20,0,0,0,0,0,0,0,0,0,0,55,0,0,0,0,0,0,0,0,0,0,0,0,0,0,0,0,0,0,0,0,0,backward
45,32,0,0,0,0,0,0,0,0,0,0,0,18,0,0,0,0,0,0,0,0,0,0,0,0,0,0,0,0,0,0,0,0,0,0,0,0,0,0,0,0,0,0,7,0,0,0,0,68,58,0,0,0,0,0,0,0,0,0,0,14,142,12,0,0,0,0,0,0,0,0,0,0,56,0,0,0,0,0,0,0,0,0,0,0,0,0,0,0,0,0,0,0,0,0,backward
56,42,0,0,0,0,0,0,0,0,0,0,0,26,0,0,0,0,0,0,0,0,0,0,0,0,0,0,0,0,0,0,0,0,0,0,0,0,0,0,0,0,0,0,5,0,0,0,0,75,48,0,0,0,0,0,0,0,0,0,0,24,108,0,0,0,0,0,0,0,0,0,0,0,35,0,0,0,0,0,0,0,0,0,0,0,0,0,0,0,0,0,0,0,0,0,backward
83,42,0,0,0,0,0,0,0,0,0,0,0,20,0,0,0,0,0,0,0,0,0,0,0,0,0,0,0,0,0,0,0,0,0,0,0,0,0,0,0,0,0,0,5,0,0,0,0,87,48,0,0,0,0,0,0,0,0,0,0,30,103,0,0,0,0,0,0,0,0,0,0,0,31,0,0,0,0,0,0,0,0,0,0,0,0,0,0,0,0,0,0,0,0,0,backward
114,44,0,0,0,0,0,0,0,0,0,0,7,10,0,0,0,0,0,0,0,0,0,0,0,0,0,0,0,0,0,0,0,0,0,0,0,0,0,0,0,0,0,0,6,0,0,0,0,103,25,0,0,0,0,0,0,0,0,0,0,44,66,0,0,0,0,0,0,0,0,0,0,0,18,0,0,0,0,0,0,0,0,0,0,0,0,0,0,0,0,0,0,0,0,0,backward
141,57,0,0,0,0,0,0,0,0,0,0,16,9,0,0,0,0,0,0,0,0,0,0,0,0,0,0,0,0,0,0,0,0,0,0,0,0,0,0,0,0,0,0,5,0,0,0,0,93,22,0,0,0,0,0,0,0,0,0,0,41,73,0,0,0,0,0,0,0,0,0,0,0,23,0,0,0,0,0,0,0,0,0,0,0,0,0,0,0,0,0,0,0,0,0,backward
92,59,0,0,0,0,0,0,0,0,0,0,4,15,0,0,0,0,0,0,0,0,0,0,0,0,0,0,0,0,0,0,0,0,0,0,0,0,0,0,0,0,0,0,4,0,0,0,0,91,36,0,0,0,0,0,0,0,0,0,0,34,86,0,0,0,0,0,0,0,0,0,0,0,31,0,0,0,0,0,0,0,0,0,0,0,0,0,0,0,0,0,0,0,0,0,backward
85,50,0,0,0,0,0,0,0,0,0,0,3,21,0,0,0,0,0,0,0,0,0,0,0,0,0,0,0,0,0,0,0,0,0,0,0,0,0,0,0,0,0,0,0,0,0,0,0,103,46,0,0,0,0,0,0,0,0,0,0,42,98,0,0,0,0,0,0,0,0,0,0,0,29,0,0,0,0,0,0,0,0,0,0,0,0,0,0,0,0,0,0,0,0,0,backward
78,46,0,0,0,0,0,0,0,0,0,0,4,23,0,0,0,0,0,0,0,0,0,0,0,0,0,0,0,0,0,0,0,0,0,0,0,0,0,0,0,0,0,0,0,0,0,0,0,114,39,0,0,0,0,0,0,0,0,0,0,48,86,0,0,0,0,0,0,0,0,0,0,0,24,0,0,0,0,0,0,0,0,0,0,0,0,0,0,0,0,0,0,0,0,0,backward
126,0,0,0,0,0,0,0,0,0,0,0,66,11,0,0,0,0,0,0,0,0,0,0,0,0,0,0,0,0,0,0,0,0,0,0,0,0,0,0,0,0,0,0,5,0,0,0,12,125,13,0,0,0,0,0,0,0,0,0,0,57,57,0,0,0,0,0,0,0,0,0,0,0,3,0,0,0,0,0,0,0,0,0,0,0,0,0,0,0,0,0,0,0,0,0,backward
173,0,0,0,0,0,0,0,0,0,0,0,92,0,0,0,0,0,0,0,0,0,0,0,0,0,0,0,0,0,0,0,0,0,0,0,0,0,0,0,0,0,0,0,0,0,0,0,20,129,8,0,0,0,0,0,0,0,0,0,0,62,54,0,0,0,0,0,0,0,0,0,0,0,0,0,0,0,0,0,0,0,0,0,0,0,0,0,0,0,0,0,0,0,0,0,backward
153,0,0,0,0,0,0,0,0,0,0,0,117,0,0,0,0,0,0,0,0,0,0,0,0,0,0,0,0,0,0,0,0,0,0,0,0,0,0,0,0,0,0,0,3,0,0,0,16,136,14,0,0,0,0,0,0,0,0,0,0,59,56,0,0,0,0,0,0,0,0,0,0,0,3,0,0,0,0,0,0,0,0,0,0,0,0,0,0,0,0,0,0,0,0,0,backward
194,0,0,0,0,0,0,0,0,0,0,0,130,0,0,0,0,0,0,0,0,0,0,0,0,0,0,0,0,0,0,0,0,0,0,0,0,0,0,0,0,0,0,0,0,0,0,0,15,95,0,0,0,0,0,0,0,0,0,0,0,63,60,0,0,0,0,0,0,0,0,0,0,0,17,0,0,0,0,0,0,0,0,0,0,0,0,0,0,0,0,0,0,0,0,0,backward
225,0,0,0,0,0,0,0,0,0,0,0,81,0,0,0,0,0,0,0,0,0,0,0,0,0,0,0,0,0,0,0,0,0,0,0,0,0,0,0,0,0,0,0,0,0,0,0,0,81,0,0,0,0,0,0,0,0,0,0,0,60,67,0,0,0,0,0,0,0,0,0,0,0,43,0,0,0,0,0,0,0,0,0,0,0,0,0,0,0,0,0,0,0,0,0,backward
217,10,0,0,0,0,0,0,0,0,0,0,65,0,0,0,0,0,0,0,0,0,0,0,0,0,0,0,0,0,0,0,0,0,0,0,0,0,0,0,0,0,0,0,3,0,0,0,0,71,6,0,0,0,0,0,0,0,0,0,0,56,82,0,0,0,0,0,0,0,0,0,0,0,53,0,0,0,0,0,0,0,0,0,0,0,0,0,0,0,0,0,0,0,0,0,backward
226,7,0,0,0,0,0,0,0,0,0,0,36,0,0,0,0,0,0,0,0,0,0,0,0,0,0,0,0,0,0,0,0,0,0,0,0,0,0,0,0,0,0,0,0,0,0,0,0,44,0,0,0,0,0,0,0,0,0,0,0,53,87,0,0,0,0,0,0,0,0,0,0,0,57,0,0,0,0,0,0,0,0,0,0,0,0,0,0,0,0,0,0,0,0,0,backward
204,24,0,0,0,0,0,0,0,0,0,0,24,0,0,0,0,0,0,0,0,0,0,0,0,0,0,0,0,0,0,0,0,0,0,0,0,0,0,0,0,0,0,0,3,0,0,0,0,48,0,0,0,0,0,0,0,0,0,0,0,48,86,0,0,0,0,0,0,0,0,0,0,0,63,0,0,0,0,0,0,0,0,0,0,0,0,0,0,0,0,0,0,0,0,0,backward
183,24,0,0,0,0,0,0,0,0,0,0,44,6,0,0,0,0,0,0,0,0,0,0,0,0,0,0,0,0,0,0,0,0,0,0,0,0,0,0,0,0,0,0,0,0,0,0,0,76,13,0,0,0,0,0,0,0,0,0,0,54,90,0,0,0,0,0,0,0,0,0,0,0,58,0,0,0,0,0,0,0,0,0,0,0,0,0,0,0,0,0,0,0,0,0,backward
151,28,0,0,0,0,0,0,0,0,0,0,60,13,0,0,0,0,0,0,0,0,0,0,0,0,0,0,0,0,0,0,0,0,0,0,0,0,0,0,0,0,0,0,5,0,0,0,0,98,13,0,0,0,0,0,0,0,0,0,0,53,82,0,0,0,0,0,0,0,0,0,0,0,44,0,0,0,0,0,0,0,0,0,0,0,0,0,0,0,0,0,0,0,0,0,backward
188,28,0,0,0,0,0,0,0,0,0,0,33,0,0,0,0,0,0,0,0,0,0,0,0,0,0,0,0,0,0,0,0,0,0,0,0,0,0,0,0,0,0,0,3,0,0,0,0,73,0,0,0,0,0,0,0,0,0,0,0,68,80,0,0,0,0,0,0,0,0,0,0,0,48,0,0,0,0,0,0,0,0,0,0,0,0,0,0,0,0,0,0,0,0,0,backward
202,18,0,0,0,0,0,0,0,0,0,0,21,0,0,0,0,0,0,0,0,0,0,0,0,0,0,0,0,0,0,0,0,0,0,0,0,0,0,0,0,0,0,0,0,0,0,0,0,55,0,0,0,0,0,0,0,0,0,0,0,59,81,0,0,0,0,0,0,0,0,0,0,0,55,0,0,0,0,0,0,0,0,0,0,0,0,0,0,0,0,0,0,0,0,0,backward
220,24,0,0,0,0,0,0,0,0,0,0,8,0,0,0,0,0,0,0,0,0,0,0,0,0,0,0,0,0,0,0,0,0,0,0,0,0,0,0,0,0,0,0,3,0,0,0,0,43,0,0,0,0,0,0,0,0,0,0,0,63,80,0,0,0,0,0,0,0,0,0,0,0,59,0,0,0,0,0,0,0,0,0,0,0,0,0,0,0,0,0,0,0,0,0,backward
210,29,0,0,0,0,0,0,0,0,0,0,27,0,0,0,0,0,0,0,0,0,0,0,0,0,0,0,0,0,0,0,0,0,0,0,0,0,0,0,0,0,0,0,6,0,0,0,0,67,4,0,0,0,0,0,0,0,0,0,0,65,90,0,0,0,0,0,0,0,0,0,0,0,52,0,0,0,0,0,0,0,0,0,0,0,0,0,0,0,0,0,0,0,0,0,backward
220,29,0,0,0,0,0,0,0,0,0,0,40,0,0,0,0,0,0,0,0,0,0,0,0,0,0,0,0,0,0,0,0,0,0,0,0,0,0,0,0,0,0,0,0,0,0,0,0,77,6,0,0,0,0,0,0,0,0,0,0,62,94,0,0,0,0,0,0,0,0,0,0,0,56,0,0,0,0,0,0,0,0,0,0,0,0,0,0,0,0,0,0,0,0,0,backward
239,38,0,0,0,0,0,0,0,0,0,0,33,0,0,0,0,0,0,0,0,0,0,0,0,0,0,0,0,0,0,0,0,0,0,0,0,0,0,0,0,0,0,0,4,0,0,0,0,87,12,0,0,0,0,0,0,0,0,0,0,68,101,0,0,0,0,0,0,0,0,0,0,0,55,0,0,0,0,0,0,0,0,0,0,0,0,0,0,0,0,0,0,0,0,0,backward
215,30,0,0,0,0,0,0,0,0,0,0,20,0,0,0,0,0,0,0,0,0,0,0,0,0,0,0,0,0,0,0,0,0,0,0,0,0,0,0,0,0,0,0,0,0,0,0,0,77,4,0,0,0,0,0,0,0,0,0,0,68,99,0,0,0,0,0,0,0,0,0,0,0,60,0,0,0,0,0,0,0,0,0,0,0,0,0,0,0,0,0,0,0,0,0,backward
230,41,0,0,0,0,0,0,0,0,0,0,23,0,0,0,0,0,0,0,0,0,0,0,0,0,0,0,0,0,0,0,0,0,0,0,0,0,0,0,0,0,0,0,4,0,0,0,0,80,8,0,0,0,0,0,0,0,0,0,0,73,100,0,0,0,0,0,0,0,0,0,0,0,57,0,0,0,0,0,0,0,0,0,0,0,0,0,0,0,0,0,0,0,0,0,backward
230,41,0,0,0,0,0,0,0,0,0,0,23,0,0,0,0,0,0,0,0,0,0,0,0,0,0,0,0,0,0,0,0,0,0,0,0,0,0,0,0,0,0,0,4,0,0,0,0,79,7,0,0,0,0,0,0,0,0,0,0,71,100,0,0,0,0,0,0,0,0,0,0,0,57,0,0,0,0,0,0,0,0,0,0,0,0,0,0,0,0,0,0,0,0,0,backward
229,36,0,0,0,0,0,0,0,0,0,0,31,0,0,0,0,0,0,0,0,0,0,0,0,0,0,0,0,0,0,0,0,0,0,0,0,0,0,0,0,0,0,0,3,0,0,0,0,79,3,0,0,0,0,0,0,0,0,0,0,70,97,0,0,0,0,0,0,0,0,0,0,0,61,0,0,0,0,0,0,0,0,0,0,0,0,0,0,0,0,0,0,0,0,0,backward
234,40,0,0,0,0,0,0,0,0,0,0,16,0,0,0,0,0,0,0,0,0,0,0,0,0,0,0,0,0,0,0,0,0,0,0,0,0,0,0,0,0,0,0,8,0,0,0,0,82,8,0,0,0,0,0,0,0,0,0,0,70,96,0,0,0,0,0,0,0,0,0,0,0,58,0,0,0,0,0,0,0,0,0,0,0,0,0,0,0,0,0,0,0,0,0,backward
226,34,0,0,0,0,0,0,0,0,0,0,27,0,0,0,0,0,0,0,0,0,0,0,0,0,0,0,0,0,0,0,0,0,0,0,0,0,0,0,0,0,0,0,0,0,0,0,0,77,0,0,0,0,0,0,0,0,0,0,0,70,96,0,0,0,0,0,0,0,0,0,0,0,63,0,0,0,0,0,0,0,0,0,0,0,0,0,0,0,0,0,0,0,0,0,backward
222,29,0,0,0,0,0,0,0,0,0,0,26,0,0,0,0,0,0,0,0,0,0,0,0,0,0,0,0,0,0,0,0,0,0,0,0,0,0,0,0,0,0,0,0,0,0,0,0,77,0,0,0,0,0,0,0,0,0,0,0,71,96,0,0,0,0,0,0,0,0,0,0,0,61,0,0,0,0,0,0,0,0,0,0,0,0,0,0,0,0,0,0,0,0,0,backward
230,35,0,0,0,0,0,0,0,0,0,0,26,0,0,0,0,0,0,0,0,0,0,0,0,0,0,0,0,0,0,0,0,0,0,0,0,0,0,0,0,0,0,0,3,0,0,0,0,78,5,0,0,0,0,0,0,0,0,0,0,70,97,0,0,0,0,0,0,0,0,0,0,0,60,0,0,0,0,0,0,0,0,0,0,0,0,0,0,0,0,0,0,0,0,0,backward
222,44,0,0,0,0,0,0,0,0,0,0,0,0,0,0,0,0,0,0,0,0,0,0,0,0,0,0,0,0,0,0,0,0,0,0,0,0,0,0,0,0,0,0,6,0,0,0,0,69,0,0,0,0,0,0,0,0,0,0,0,66,92,0,0,0,0,0,0,0,0,0,0,0,59,0,0,0,0,0,0,0,0,0,0,0,0,0,0,0,0,0,0,0,0,0,backward
151,38,0,0,0,0,0,0,0,0,0,0,0,0,0,0,0,0,0,0,0,0,0,0,0,0,0,0,0,0,0,0,0,0,0,0,0,0,0,0,0,0,0,0,0,0,0,0,0,31,0,0,0,0,0,0,0,0,0,0,0,53,100,0,0,0,0,0,0,0,0,0,0,0,74,0,0,0,0,0,0,0,0,0,0,0,0,0,0,0,0,0,0,0,0,0,backward
122,71,0,0,0,0,0,0,0,0,0,0,0,0,0,0,0,0,0,0,0,0,0,0,0,0,0,0,0,0,0,0,0,0,0,0,0,0,0,0,0,0,0,0,6,0,0,0,0,34,13,0,0,0,0,0,0,0,0,0,0,38,112,0,0,0,0,0,0,0,0,0,0,0,78,0,0,0,0,0,0,0,0,0,0,0,7,0,0,0,0,0,0,0,0,0,backward
112,51,0,0,0,0,0,0,0,0,0,0,0,6,0,0,0,0,0,0,0,0,0,0,0,0,0,0,0,0,0,0,0,0,0,0,0,0,0,0,0,0,0,0,0,0,0,0,0,32,10,0,0,0,0,0,0,0,0,0,0,43,114,0,0,0,0,0,0,0,0,0,0,0,81,0,0,0,0,0,0,0,0,0,0,0,10,0,0,0,0,0,0,0,0,0,backward
134,60,0,0,0,0,0,0,0,0,0,0,0,10,0,0,0,0,0,0,0,0,0,0,0,0,0,0,0,0,0,0,0,0,0,0,0,0,0,0,0,0,0,0,3,0,0,0,0,45,12,0,0,0,0,0,0,0,0,0,0,50,113,0,0,0,0,0,0,0,0,0,0,0,75,0,0,0,0,0,0,0,0,0,0,0,0,0,0,0,0,0,0,0,0,0,backward
130,57,0,0,0,0,0,0,0,0,0,0,0,4,0,0,0,0,0,0,0,0,0,0,0,0,0,0,0,0,0,0,0,0,0,0,0,0,0,0,0,0,0,0,6,0,0,0,0,44,13,0,0,0,0,0,0,0,0,0,0,46,115,0,0,0,0,0,0,0,0,0,0,0,76,0,0,0,0,0,0,0,0,0,0,0,0,0,0,0,0,0,0,0,0,0,backward
105,60,0,0,0,0,0,0,0,0,0,0,0,12,0,0,0,0,0,0,0,0,0,0,0,0,0,0,0,0,0,0,0,0,0,0,0,0,0,0,0,0,0,0,4,0,0,0,0,45,14,0,0,0,0,0,0,0,0,0,0,52,120,0,0,0,0,0,0,0,0,0,0,0,76,0,0,0,0,0,0,0,0,0,0,0,0,0,0,0,0,0,0,0,0,0,backward
142,45,0,0,0,0,0,0,0,0,0,0,0,8,0,0,0,0,0,0,0,0,0,0,0,0,0,0,0,0,0,0,0,0,0,0,0,0,0,0,0,0,0,0,6,0,0,0,0,52,9,0,0,0,0,0,0,0,0,0,0,52,103,0,0,0,0,0,0,0,0,0,0,0,64,0,0,0,0,0,0,0,0,0,0,0,0,0,0,0,0,0,0,0,0,0,backward
155,38,0,0,0,0,0,0,0,0,0,0,23,10,0,0,0,0,0,0,0,0,0,0,0,0,0,0,0,0,0,0,0,0,0,0,0,0,0,0,0,0,0,0,0,0,0,0,0,86,13,0,0,0,0,0,0,0,0,0,0,54,85,0,0,0,0,0,0,0,0,0,0,0,42,0,0,0,0,0,0,0,0,0,0,0,0,0,0,0,0,0,0,0,0,0,backward
155,18,0,0,0,0,0,0,0,0,0,0,58,14,0,0,0,0,0,0,0,0,0,0,0,0,0,0,0,0,0,0,0,0,0,0,0,0,0,0,0,0,0,0,4,0,0,0,0,99,35,0,0,0,0,0,0,0,0,0,0,45,98,0,0,0,0,0,0,0,0,0,0,0,38,0,0,0,0,0,0,0,0,0,0,0,0,0,0,0,0,0,0,0,0,0,backward
143,8,0,0,0,0,0,0,0,0,0,0,66,16,0,0,0,0,0,0,0,0,0,0,0,0,0,0,0,0,0,0,0,0,0,0,0,0,0,0,0,0,0,0,0,0,0,0,0,112,48,0,0,0,0,0,0,0,0,0,0,43,91,0,0,0,0,0,0,0,0,0,0,0,31,0,0,0,0,0,0,0,0,0,0,0,0,0,0,0,0,0,0,0,0,0,backward
96,10,0,0,0,0,0,0,0,0,0,0,53,9,0,0,0,0,0,0,0,0,0,0,0,0,0,0,0,0,0,0,0,0,0,0,0,0,0,0,0,0,0,0,9,0,0,0,0,111,54,0,0,0,0,0,0,0,0,0,0,26,90,0,0,0,0,0,0,0,0,0,0,0,30,0,0,0,0,0,0,0,0,0,0,0,0,0,0,0,0,0,0,0,0,0,backward
134,0,0,0,0,0,0,0,0,0,0,0,119,0,0,0,0,0,0,0,0,0,0,0,0,0,0,0,0,0,0,0,0,0,0,0,0,0,0,0,0,0,0,0,10,0,0,0,0,125,38,0,0,0,0,0,0,0,0,0,0,30,64,0,0,0,0,0,0,0,0,0,0,0,12,0,0,0,0,0,0,0,0,0,0,0,0,0,0,0,0,0,0,0,0,0,backward
160,0,0,0,0,0,0,0,0,0,0,0,134,0,0,0,0,0,0,0,0,0,0,0,0,0,0,0,0,0,0,0,0,0,0,0,0,0,0,0,0,0,0,0,0,0,0,0,0,126,46,0,0,0,0,0,0,0,0,0,0,37,75,0,0,0,0,0,0,0,0,0,0,0,15,0,0,0,0,0,0,0,0,0,0,0,0,0,0,0,0,0,0,0,0,0,backward
161,0,0,0,0,0,0,0,0,0,0,0,126,0,0,0,0,0,0,0,0,0,0,0,0,0,0,0,0,0,0,0,0,0,0,0,0,0,0,0,0,0,0,0,8,0,0,0,0,106,55,0,0,0,0,0,0,0,0,0,0,33,91,0,0,0,0,0,0,0,0,0,0,0,28,0,0,0,0,0,0,0,0,0,0,0,0,0,0,0,0,0,0,0,0,0,backward
95,16,0,0,0,0,0,0,0,0,0,0,79,14,0,0,0,0,0,0,0,0,0,0,0,0,0,0,0,0,0,0,0,0,0,0,0,0,0,0,0,0,0,0,4,0,0,0,0,81,55,0,0,0,0,0,0,0,0,0,0,31,113,0,0,0,0,0,0,0,0,0,0,0,33,0,0,0,0,0,0,0,0,0,0,0,0,0,0,0,0,0,0,0,0,0,backward
68,27,0,0,0,0,0,0,0,0,0,0,49,13,0,0,0,0,0,0,0,0,0,0,0,0,0,0,0,0,0,0,0,0,0,0,0,0,0,0,0,0,0,0,7,0,0,0,0,80,60,0,0,0,0,0,0,0,0,0,0,22,122,0,0,0,0,0,0,0,0,0,0,0,37,0,0,0,0,0,0,0,0,0,0,0,0,0,0,0,0,0,0,0,0,0,backward
50,28,0,0,0,0,0,0,0,0,0,0,23,14,0,0,0,0,0,0,0,0,0,0,0,0,0,0,0,0,0,0,0,0,0,0,0,0,0,0,0,0,0,0,9,0,0,0,0,76,62,0,0,0,0,0,0,0,0,0,0,11,122,0,0,0,0,0,0,0,0,0,0,0,44,0,0,0,0,0,0,0,0,0,0,0,0,0,0,0,0,0,0,0,0,0,backward
14,13,0,0,0,0,0,0,0,0,0,0,15,12,0,0,0,0,0,0,0,0,0,0,0,0,0,0,0,0,0,0,0,0,0,0,0,0,0,0,0,0,0,0,4,0,0,0,0,72,60,0,0,0,0,0,0,0,0,0,0,14,124,0,0,0,0,0,0,0,0,0,0,0,42,0,0,0,0,0,0,0,0,0,0,0,0,0,0,0,0,0,0,0,0,0,backward
21,28,0,0,0,0,0,0,0,0,0,0,7,4,0,0,0,0,0,0,0,0,0,0,0,0,0,0,0,0,0,0,0,0,0,0,0,0,0,0,0,0,0,0,8,0,0,0,0,65,60,0,0,0,0,0,0,0,0,0,0,8,134,0,0,0,0,0,0,0,0,0,0,0,43,0,0,0,0,0,0,0,0,0,0,0,0,0,0,0,0,0,0,0,0,0,backward
29,28,0,0,0,0,0,0,0,0,0,0,6,7,0,0,0,0,0,0,0,0,0,0,0,0,0,0,0,0,0,0,0,0,0,0,0,0,0,0,0,0,0,0,7,0,0,0,0,57,59,0,0,0,0,0,0,0,0,0,0,9,141,0,0,0,0,0,0,0,0,0,0,0,47,0,0,0,0,0,0,0,0,0,0,0,0,0,0,0,0,0,0,0,0,0,backward
8,19,0,0,0,0,0,0,0,0,0,0,4,13,0,0,0,0,0,0,0,0,0,0,0,0,0,0,0,0,0,0,0,0,0,0,0,0,0,0,0,0,0,0,0,0,0,0,0,56,61,0,0,0,0,0,0,0,0,0,0,8,141,3,0,0,0,0,0,0,0,0,0,0,43,0,0,0,0,0,0,0,0,0,0,0,0,0,0,0,0,0,0,0,0,0,backward
4,18,0,0,0,0,0,0,0,0,0,0,0,12,0,0,0,0,0,0,0,0,0,0,0,0,0,0,0,0,0,0,0,0,0,0,0,0,0,0,0,0,0,0,0,0,0,0,0,57,64,0,0,0,0,0,0,0,0,0,0,15,140,6,0,0,0,0,0,0,0,0,0,0,44,0,0,0,0,0,0,0,0,0,0,0,0,0,0,0,0,0,0,0,0,0,backward
11,36,0,0,0,0,0,0,0,0,0,0,0,12,6,0,0,0,0,0,0,0,0,0,0,0,0,0,0,0,0,0,0,0,0,0,0,0,0,0,0,0,0,0,0,0,0,0,0,59,62,0,0,0,0,0,0,0,0,0,0,9,138,6,0,0,0,0,0,0,0,0,0,0,49,0,0,0,0,0,0,0,0,0,0,0,0,0,0,0,0,0,0,0,0,0,backward
11,38,0,0,0,0,0,0,0,0,0,0,0,11,12,0,0,0,0,0,0,0,0,0,0,0,0,0,0,0,0,0,0,0,0,0,0,0,0,0,0,0,0,0,5,0,0,0,0,60,64,0,0,0,0,0,0,0,0,0,0,8,145,14,0,0,0,0,0,0,0,0,0,0,51,0,0,0,0,0,0,0,0,0,0,0,0,0,0,0,0,0,0,0,0,0,backward
0,23,0,0,0,0,0,0,0,0,0,0,0,12,19,0,0,0,0,0,0,0,0,0,0,0,17,0,0,0,0,0,0,0,0,0,0,0,0,0,0,0,0,0,0,0,0,0,0,46,59,0,0,0,0,0,0,0,0,0,0,3,143,33,0,0,0,0,0,0,0,0,0,0,51,0,0,0,0,0,0,0,0,0,0,0,0,0,0,0,0,0,0,0,0,0,backward
8,34,0,0,0,0,0,0,0,0,0,0,0,21,27,0,0,0,0,0,0,0,0,0,0,0,14,0,0,0,0,0,0,0,0,0,0,0,0,0,0,0,0,0,5,0,0,0,0,49,65,0,0,0,0,0,0,0,0,0,0,0,136,25,0,0,0,0,0,0,0,0,0,0,52,0,0,0,0,0,0,0,0,0,0,0,0,0,0,0,0,0,0,0,0,0,backward
3,32,0,0,0,0,0,0,0,0,0,0,0,22,27,0,0,0,0,0,0,0,0,0,0,0,20,0,0,0,0,0,0,0,0,0,0,0,0,0,0,0,0,0,5,0,0,0,0,53,66,0,0,0,0,0,0,0,0,0,0,0,137,26,0,0,0,0,0,0,0,0,0,0,53,0,0,0,0,0,0,0,0,0,0,0,0,0,0,0,0,0,0,0,0,0,backward
5,41,0,0,0,0,0,0,0,0,0,0,0,23,31,0,0,0,0,0,0,0,0,0,0,0,26,0,0,0,0,0,0,0,0,0,0,0,0,0,0,0,0,0,0,0,0,0,0,55,65,0,0,0,0,0,0,0,0,0,0,0,138,24,0,0,0,0,0,0,0,0,0,0,54,0,0,0,0,0,0,0,0,0,0,0,0,0,0,0,0,0,0,0,0,0,backward
25,44,0,0,0,0,0,0,0,0,0,0,0,18,20,0,0,0,0,0,0,0,0,0,0,0,23,0,0,0,0,0,0,0,0,0,0,0,0,0,0,0,0,0,8,0,0,0,0,53,64,0,0,0,0,0,0,0,0,0,0,8,142,29,0,0,0,0,0,0,0,0,0,0,56,0,0,0,0,0,0,0,0,0,0,0,0,0,0,0,0,0,0,0,0,0,backward
21,44,0,0,0,0,0,0,0,0,0,0,0,28,26,0,0,0,0,0,0,0,0,0,0,0,20,0,0,0,0,0,0,0,0,0,0,0,0,0,0,0,0,0,5,0,0,0,0,57,70,0,0,0,0,0,0,0,0,0,0,10,142,24,0,0,0,0,0,0,0,0,0,0,55,0,0,0,0,0,0,0,0,0,0,0,0,0,0,0,0,0,0,0,0,0,backward
15,44,0,0,0,0,0,0,0,0,0,0,0,22,24,0,0,0,0,0,0,0,0,0,0,0,24,0,0,0,0,0,0,0,0,0,0,0,0,0,0,0,0,0,0,0,0,0,0,55,66,0,0,0,0,0,0,0,0,0,0,13,145,32,0,0,0,0,0,0,0,0,0,0,53,0,0,0,0,0,0,0,0,0,0,0,0,0,0,0,0,0,0,0,0,0,backward
0,34,0,0,0,0,0,0,0,0,0,0,0,23,31,0,0,0,0,0,0,0,0,0,0,0,31,0,0,0,0,0,0,0,0,0,0,0,0,0,0,0,0,0,0,0,0,0,0,54,68,0,0,0,0,0,0,0,0,0,0,6,146,33,0,0,0,0,0,0,0,0,0,0,53,0,0,0,0,0,0,0,0,0,0,0,0,0,0,0,0,0,0,0,0,0,backward
8,24,0,0,0,0,0,0,0,0,0,0,0,22,29,0,0,0,0,0,0,0,0,0,0,0,24,0,0,0,0,0,0,0,0,0,0,0,0,0,0,0,0,0,5,0,0,0,0,56,67,0,0,0,0,0,0,0,0,0,0,7,151,37,0,0,0,0,0,0,0,0,0,0,52,0,0,0,0,0,0,0,0,0,0,0,0,0,0,0,0,0,0,0,0,0,backward
16,34,0,0,0,0,0,0,0,0,0,0,0,17,25,0,0,0,0,0,0,0,0,0,0,0,25,0,0,0,0,0,0,0,0,0,0,0,0,0,0,0,0,0,9,0,0,0,0,55,66,0,0,0,0,0,0,0,0,0,0,5,150,34,0,0,0,0,0,0,0,0,0,0,57,0,0,0,0,0,0,0,0,0,0,0,0,0,0,0,0,0,0,0,0,0,backward
10,31,0,0,0,0,0,0,0,0,0,0,0,26,35,0,0,0,0,0,0,0,0,0,0,0,25,0,0,0,0,0,0,0,0,0,0,0,0,0,0,0,0,0,3,0,0,0,0,62,70,0,0,0,0,0,0,0,0,0,0,12,151,27,0,0,0,0,0,0,0,0,0,0,53,0,0,0,0,0,0,0,0,0,0,0,0,0,0,0,0,0,0,0,0,0,backward
5,0,0,0,0,0,0,0,0,0,0,0,33,0,0,0,0,0,0,0,0,0,0,0,0,0,0,0,0,0,0,0,0,0,0,0,0,0,0,0,0,0,0,0,4,0,0,0,34,0,0,0,0,0,0,0,0,0,0,0,190,0,0,0,0,0,0,0,0,0,0,0,0,0,0,0,0,0,0,0,0,0,0,0,0,0,0,0,0,0,0,0,0,0,0,0,backward
0,0,0,0,0,0,0,0,0,0,0,0,36,0,0,0,0,0,0,0,0,0,0,0,0,0,0,0,0,0,0,0,0,0,0,0,0,0,0,0,0,0,0,0,0,0,0,0,31,0,0,0,0,0,0,0,0,0,0,0,188,0,0,0,0,0,0,0,0,0,0,0,0,0,0,0,0,0,0,0,0,0,0,0,0,0,0,0,0,0,0,0,0,0,0,0,backward
0,0,0,0,0,0,0,0,0,0,0,0,28,0,0,0,0,0,0,0,0,0,0,0,0,0,0,0,0,0,0,0,0,0,0,0,0,0,0,0,0,0,0,0,0,0,0,0,34,0,0,0,0,0,0,0,0,0,0,0,189,0,0,0,0,0,0,0,0,0,0,0,0,0,0,0,0,0,0,0,0,0,0,0,0,0,0,0,0,0,0,0,0,0,0,0,backward
0,0,0,0,0,0,0,0,0,0,0,0,27,0,0,0,0,0,0,0,0,0,0,0,0,0,0,0,0,0,0,0,0,0,0,0,0,0,0,0,0,0,0,0,3,0,0,0,31,0,0,0,0,0,0,0,0,0,0,0,190,0,0,0,0,0,0,0,0,0,0,0,0,0,0,0,0,0,0,0,0,0,0,0,0,0,0,0,0,0,0,0,0,0,0,0,backward
0,0,0,0,0,0,0,0,0,0,0,0,27,0,0,0,0,0,0,0,0,0,0,0,0,0,0,0,0,0,0,0,0,0,0,0,0,0,0,0,0,0,0,0,0,0,0,0,35,0,0,0,0,0,0,0,0,0,0,0,190,0,0,0,0,0,0,0,0,0,0,0,0,0,0,0,0,0,0,0,0,0,0,0,0,0,0,0,0,0,0,0,0,0,0,0,backward
0,0,0,0,0,0,0,0,0,0,0,0,35,0,0,0,0,0,0,0,0,0,0,0,0,0,0,0,0,0,0,0,0,0,0,0,0,0,0,0,0,0,0,0,0,0,0,0,27,0,0,0,0,0,0,0,0,0,0,0,192,0,0,0,0,0,0,0,0,0,0,0,0,0,0,0,0,0,0,0,0,0,0,0,0,0,0,0,0,0,0,0,0,0,0,0,backward
0,0,0,0,0,0,0,0,0,0,0,0,24,0,0,0,0,0,0,0,0,0,0,0,0,0,0,0,0,0,0,0,0,0,0,0,0,0,0,0,0,0,0,0,7,0,0,0,30,0,0,0,0,0,0,0,0,0,0,0,196,0,0,0,0,0,0,0,0,0,0,0,0,0,0,0,0,0,0,0,0,0,0,0,0,0,0,0,0,0,0,0,0,0,0,0,backward
0,0,0,0,0,0,0,0,0,0,0,0,28,0,0,0,0,0,0,0,0,0,0,0,0,0,0,0,0,0,0,0,0,0,0,0,0,0,0,0,0,0,0,0,0,0,0,0,25,0,0,0,0,0,0,0,0,0,0,0,190,0,0,0,0,0,0,0,0,0,0,0,0,0,0,0,0,0,0,0,0,0,0,0,0,0,0,0,0,0,0,0,0,0,0,0,backward
0,0,0,0,0,0,0,0,0,0,0,0,30,0,0,0,0,0,0,0,0,0,0,0,0,0,0,0,0,0,0,0,0,0,0,0,0,0,0,0,0,0,0,0,0,0,0,0,25,0,0,0,0,0,0,0,0,0,0,0,179,0,0,0,0,0,0,0,0,0,0,0,0,0,0,0,0,0,0,0,0,0,0,0,0,0,0,0,0,0,0,0,0,0,0,0,backward
0,0,0,0,0,0,0,0,0,0,0,0,30,0,0,0,0,0,0,0,0,0,0,0,0,0,0,0,0,0,0,0,0,0,0,0,0,0,0,0,0,0,0,0,0,0,0,0,28,0,0,0,0,0,0,0,0,0,0,0,209,0,0,0,0,0,0,0,0,0,0,0,0,0,0,0,0,0,0,0,0,0,0,0,0,0,0,0,0,0,0,0,0,0,0,0,backward
4,0,0,0,0,0,0,0,0,0,0,0,22,0,0,0,0,0,0,0,0,0,0,0,0,0,0,0,0,0,0,0,0,0,0,0,0,0,0,0,0,0,0,0,0,0,0,0,31,0,0,0,0,0,0,0,0,0,0,0,210,0,0,0,0,0,0,0,0,0,0,0,0,0,0,0,0,0,0,0,0,0,0,0,0,0,0,0,0,0,0,0,0,0,0,0,backward
24,0,0,0,0,0,0,0,0,0,0,0,17,0,0,0,0,0,0,0,0,0,0,0,0,0,0,0,0,0,0,0,0,0,0,0,0,0,0,0,0,0,0,0,3,0,0,0,19,0,0,0,0,0,0,0,0,0,0,0,39,0,0,0,0,0,0,0,0,0,0,0,0,0,0,0,0,0,0,0,0,0,0,0,0,0,0,0,0,0,0,0,0,0,0,0,backward
22,0,0,0,0,0,0,0,0,0,0,0,24,0,0,0,0,0,0,0,0,0,0,0,0,0,0,0,0,0,0,0,0,0,0,0,0,0,0,0,0,0,0,0,4,0,0,0,13,0,0,0,0,0,0,0,0,0,0,0,26,0,0,0,0,0,0,0,0,0,0,0,0,0,0,0,0,0,0,0,0,0,0,0,0,0,0,0,0,0,0,0,0,0,0,0,backward
0,0,0,0,0,0,0,0,0,0,0,0,38,0,0,0,0,0,0,0,0,0,0,0,0,0,0,0,0,0,0,0,0,0,0,0,0,0,0,0,0,0,0,0,10,0,0,0,0,0,0,0,0,0,0,0,0,0,0,0,3,0,0,0,0,0,0,0,0,0,0,0,0,0,0,0,0,0,0,0,0,0,0,0,0,0,0,0,0,0,0,0,0,0,0,0,backward
9,0,0,0,0,0,0,0,0,0,0,0,34,0,0,0,0,0,0,0,0,0,0,0,0,0,0,0,0,0,0,0,0,0,0,0,0,0,0,0,0,0,0,0,17,0,0,0,0,0,0,0,0,0,0,0,0,0,0,0,0,0,0,0,0,0,0,0,0,0,0,0,0,0,0,0,0,0,0,0,0,0,0,0,0,0,0,0,0,0,0,0,0,0,0,0,backward
0,0,0,0,0,0,0,0,0,0,0,0,45,0,0,0,0,0,0,0,0,0,0,0,0,0,0,0,0,0,0,0,0,0,0,0,0,0,0,0,0,0,0,0,11,0,0,0,47,0,0,0,0,0,0,0,0,0,0,0,44,73,0,0,0,0,0,0,0,0,0,0,0,0,0,0,0,0,0,0,0,0,0,0,0,0,0,0,0,0,0,0,0,0,0,0,backward
0,0,0,0,0,0,0,0,0,0,0,0,51,0,0,0,0,0,0,0,0,0,0,0,0,0,0,0,0,0,0,0,0,0,0,0,0,0,0,0,0,0,0,0,13,0,0,0,56,0,0,0,0,0,0,0,0,0,0,0,44,63,0,0,0,0,0,0,0,0,0,0,0,0,0,0,0,0,0,0,0,0,0,0,0,0,0,0,0,0,0,0,0,0,0,0,backward
0,0,0,0,0,0,0,0,0,0,0,0,40,0,0,0,0,0,0,0,0,0,0,0,0,0,0,0,0,0,0,0,0,0,0,0,0,0,0,0,0,0,0,0,16,0,0,0,47,0,0,0,0,0,0,0,0,0,0,0,35,51,0,0,0,0,0,0,0,0,0,0,0,0,0,0,0,0,0,0,0,0,0,0,0,0,0,0,0,0,0,0,0,0,0,0,backward
0,0,0,0,0,0,0,0,0,0,0,0,34,0,0,0,0,0,0,0,0,0,0,0,0,0,0,0,0,0,0,0,0,0,0,0,0,0,0,0,0,0,0,0,17,0,0,0,54,0,0,0,0,0,0,0,0,0,0,0,34,27,0,0,0,0,0,0,0,0,0,0,0,0,0,0,0,0,0,0,0,0,0,0,0,0,0,0,0,0,0,0,0,0,0,0,backward
0,0,0,0,0,0,0,0,0,0,0,0,27,0,0,0,0,0,0,0,0,0,0,0,0,0,0,0,0,0,0,0,0,0,0,0,0,0,0,0,0,0,0,0,13,0,0,0,22,0,0,0,0,0,0,0,0,0,0,0,14,58,0,0,0,0,23,0,0,0,0,0,0,0,0,0,0,0,0,0,0,0,0,0,0,0,0,0,0,0,0,0,0,0,0,0,backward
40,0,0,0,0,0,0,0,0,0,0,0,40,0,0,0,0,0,0,0,0,0,0,0,0,0,0,0,0,0,0,0,0,0,0,0,0,0,0,0,0,0,0,0,18,0,0,0,69,0,0,0,0,0,0,0,0,0,0,0,73,232,4,0,0,0,0,0,0,0,0,0,0,0,0,0,0,0,0,0,0,0,0,0,0,0,0,0,0,0,0,0,0,0,0,0,backward
36,0,0,0,0,0,0,0,0,0,0,0,40,0,0,0,0,0,0,0,0,0,0,0,0,0,0,0,0,0,0,0,0,0,0,0,0,0,0,0,0,0,0,0,9,0,0,0,10,0,0,0,0,0,0,0,0,0,0,0,0,106,0,0,0,0,0,0,0,0,0,0,0,0,0,0,0,0,0,0,0,0,0,0,0,0,0,0,0,0,0,0,0,0,0,0,backward
0,0,0,0,0,0,21,0,13,0,0,0,0,0,0,0,0,0,0,92,41,0,0,0,0,0,0,0,0,0,0,64,0,0,0,0,0,0,0,0,0,0,0,62,0,0,0,0,0,0,0,0,0,0,0,56,0,0,0,0,0,0,0,0,0,0,9,45,10,0,0,0,0,0,0,0,0,0,35,71,29,0,0,0,0,0,0,0,0,0,0,42,0,0,0,0,forward
32,0,0,0,0,0,0,0,0,0,0,0,51,0,0,0,0,0,0,0,0,0,0,0,0,0,0,0,0,0,0,0,0,0,0,0,0,0,0,0,0,0,0,0,12,0,0,0,22,0,0,0,0,0,0,0,0,0,0,0,32,117,0,0,0,0,0,0,0,0,0,0,0,14,0,0,0,0,0,0,0,0,0,0,0,0,0,0,0,0,0,0,0,0,0,0,backward
39,0,0,0,0,0,0,0,0,0,0,0,55,0,0,0,0,0,0,0,0,0,0,0,0,0,0,0,0,0,0,0,0,0,0,0,0,0,0,0,0,0,0,0,12,0,0,0,23,0,0,0,0,0,0,0,0,0,0,0,30,112,0,0,0,0,0,0,0,0,0,0,0,15,0,0,0,0,0,0,0,0,0,0,0,0,0,0,0,0,0,0,0,0,0,0,backward
54,3,0,0,0,0,0,0,0,0,0,0,42,0,0,0,0,0,0,0,0,0,0,0,0,0,0,0,0,0,0,0,0,0,0,0,0,0,0,0,0,0,0,0,16,0,0,0,19,0,0,0,0,0,0,0,0,0,0,0,25,111,0,0,0,0,0,0,0,0,0,0,0,10,0,0,0,0,0,0,0,0,0,0,0,0,0,0,0,0,0,0,0,0,0,0,backward
0,0,26,0,0,0,0,0,17,0,0,0,0,5,39,0,0,0,0,0,0,0,0,0,0,0,35,17,0,0,0,0,21,0,0,0,0,0,0,0,0,0,0,0,0,0,0,0,6,18,24,0,0,0,0,0,0,0,0,0,0,0,23,0,0,0,0,0,0,0,0,0,0,0,5,0,0,0,0,0,0,0,0,0,0,0,0,0,0,0,0,0,0,0,0,0,backward
0,0,47,0,0,0,0,0,37,0,0,0,0,11,43,0,0,0,0,0,0,0,0,0,0,0,31,19,0,0,0,0,13,0,0,0,0,0,0,0,0,0,0,0,0,0,0,0,0,19,25,0,0,0,0,0,0,0,0,0,0,0,32,0,0,0,0,0,0,0,0,0,0,0,29,0,0,0,0,0,0,0,0,0,0,0,0,0,0,0,0,0,0,0,0,0,backward
0,0,40,0,0,0,0,0,22,0,0,0,0,0,38,0,0,0,0,0,0,0,0,0,0,0,40,30,0,0,0,0,28,0,0,0,0,0,0,0,0,0,0,0,0,0,0,0,0,18,28,0,0,0,0,0,0,0,0,0,0,0,30,0,0,0,0,0,0,0,0,0,0,0,26,0,0,0,0,0,0,0,0,0,0,0,0,0,0,0,0,0,0,0,0,0,backward
0,0,26,0,0,0,0,0,0,0,0,0,0,11,50,0,0,0,0,0,0,0,0,0,0,0,48,39,0,0,0,0,10,0,0,0,0,0,0,0,0,0,0,0,0,0,0,0,0,24,31,0,0,0,0,0,0,0,0,0,0,0,29,0,0,0,0,0,0,0,0,0,0,0,24,0,0,0,0,0,0,0,0,0,0,0,0,0,0,0,0,0,0,0,0,0,backward
0,0,9,0,0,0,0,0,0,0,0,0,0,5,38,0,0,0,0,0,0,0,0,0,0,0,49,43,0,0,0,0,31,0,0,0,0,0,4,0,0,0,0,0,4,0,0,0,0,24,30,0,0,0,0,0,0,0,0,0,0,0,32,0,0,0,0,0,0,0,0,0,0,0,13,0,0,0,0,0,0,0,0,0,0,0,0,0,0,0,0,0,0,0,0,0,backward
0,0,16,0,0,0,0,0,0,0,0,0,0,11,44,0,0,0,0,0,0,0,0,0,0,0,49,46,0,0,0,0,22,0,0,0,0,0,5,0,0,0,0,0,18,0,0,0,0,23,25,0,0,0,0,0,0,0,0,0,0,0,19,0,0,0,0,0,0,0,0,0,0,0,0,0,0,0,0,0,0,0,0,0,0,0,0,0,0,0,0,0,0,0,0,0,backward
0,0,10,0,0,0,0,0,0,0,0,0,0,15,50,0,0,0,0,0,0,0,0,0,0,15,56,55,0,0,0,0,0,0,0,0,0,0,17,0,0,0,0,0,0,0,0,0,0,46,33,0,0,0,0,0,0,0,0,0,0,0,22,0,0,0,0,0,0,0,0,0,0,0,0,0,0,0,0,0,0,0,0,0,0,0,0,0,0,0,0,0,0,0,0,0,backward
0,0,34,0,0,0,0,0,0,0,0,0,0,8,51,0,0,0,0,0,0,0,0,0,0,4,48,34,0,0,0,0,0,0,0,0,0,0,13,0,0,0,0,0,0,0,0,0,0,23,24,0,0,0,0,0,0,0,0,0,0,0,32,0,0,0,0,0,0,0,0,0,0,0,5,0,0,0,0,0,0,0,0,0,0,0,0,0,0,0,0,0,0,0,0,0,backward
0,0,52,0,0,0,0,0,0,0,0,0,0,28,59,0,0,0,0,0,0,0,0,0,0,0,39,6,0,0,0,0,0,0,0,0,0,0,0,0,0,0,0,0,0,0,0,0,0,7,18,0,0,0,0,0,0,0,0,0,0,0,28,0,0,0,0,0,0,0,0,0,0,0,23,0,0,0,0,0,0,0,0,0,0,0,0,0,0,0,0,0,0,0,0,0,backward
0,7,56,0,0,0,0,0,0,0,0,0,0,9,47,0,0,0,0,0,0,0,0,0,0,0,34,4,0,0,0,0,0,0,0,0,0,0,0,0,0,0,0,0,0,0,0,0,0,0,7,0,0,0,0,0,0,0,0,0,0,0,33,0,0,0,0,0,0,0,0,0,0,0,27,0,0,0,0,0,0,0,0,0,0,0,0,0,0,0,0,0,0,0,0,0,backward
0,25,71,0,0,0,0,0,0,0,0,0,0,24,55,0,0,0,0,0,0,0,0,0,0,0,26,0,0,0,0,0,0,0,0,0,0,0,0,0,0,0,0,0,0,0,0,0,0,15,4,0,0,0,0,0,0,0,0,0,0,0,35,0,0,0,0,0,0,0,0,0,0,42,42,0,0,0,0,0,0,0,0,0,0,0,0,0,0,0,0,0,0,0,0,0,backward
0,19,55,0,0,0,0,0,0,0,0,0,0,38,56,0,0,0,0,0,0,0,0,0,0,0,37,0,0,0,0,0,0,0,0,0,0,0,0,0,0,0,0,0,0,0,0,0,0,30,29,0,0,0,0,0,0,0,0,0,0,0,41,0,0,0,0,0,0,0,0,0,0,0,32,0,0,0,0,0,0,0,0,0,0,0,0,0,0,0,0,0,0,0,0,0,backward
0,0,35,0,0,0,0,0,0,0,0,0,0,35,60,0,0,0,0,0,0,0,0,0,0,18,51,0,0,0,0,0,0,0,0,0,0,0,0,0,0,0,0,0,0,0,0,0,0,43,38,0,0,0,0,0,0,0,0,0,0,0,36,0,0,0,0,0,0,0,0,0,0,0,13,0,0,0,0,0,0,0,0,0,0,0,0,0,0,0,0,0,0,0,0,0,backward
0,0,0,0,0,0,0,0,0,0,0,0,0,38,41,0,0,0,0,0,0,0,0,0,0,40,49,0,0,0,0,0,0,0,0,0,0,0,0,0,0,0,0,0,0,0,0,0,27,69,19,0,0,0,0,0,0,0,0,0,0,0,0,0,0,0,0,0,0,0,0,0,0,0,0,0,0,0,0,0,0,0,0,0,0,0,0,0,0,0,0,0,0,0,0,0,backward
0,0,0,0,0,0,0,0,0,0,0,0,0,54,23,0,0,0,0,0,0,0,0,0,0,46,34,0,0,0,0,0,0,0,0,0,0,0,0,0,0,0,0,0,0,0,0,0,34,69,21,0,0,0,0,0,0,0,0,0,0,4,8,0,0,0,0,0,0,0,0,0,0,0,0,0,0,0,0,0,0,0,0,0,0,0,0,0,0,0,0,0,0,0,0,0,backward
0,0,8,0,0,0,0,0,0,0,0,0,0,40,53,0,0,0,0,0,0,0,0,0,0,34,56,0,0,0,0,0,0,0,0,0,0,0,0,0,0,0,0,0,0,0,0,0,0,69,40,0,0,0,0,0,0,0,0,0,0,0,25,0,0,0,0,0,0,0,0,0,0,0,0,0,0,0,0,0,0,0,0,0,0,0,0,0,0,0,0,0,0,0,0,0,backward
0,0,30,0,0,0,0,0,0,0,0,0,0,17,43,0,0,0,0,0,0,0,0,0,0,15,59,28,0,0,0,0,0,0,0,0,0,0,14,0,0,0,0,0,0,0,0,0,0,38,33,0,0,0,0,0,0,0,0,0,0,0,34,0,0,0,0,0,0,0,0,0,0,0,0,0,0,0,0,0,0,0,0,0,0,0,0,0,0,0,0,0,0,0,0,0,backward
0,0,3,0,0,0,0,14,24,0,0,0,0,0,33,0,0,0,0,0,26,149,0,0,0,0,32,0,0,0,0,0,36,0,0,0,0,0,0,0,0,0,0,0,29,63,0,0,0,0,0,0,0,0,0,33,55,0,0,0,0,0,0,0,0,0,0,0,32,0,0,0,0,0,0,0,0,0,0,0,48,0,0,0,0,0,0,0,0,0,0,0,5,0,0,0,forward
0,0,5,0,0,0,0,21,48,0,0,0,0,0,33,0,0,0,0,0,28,159,0,0,0,0,28,0,0,0,0,0,38,0,0,0,0,0,0,0,0,0,0,0,31,74,0,0,0,0,0,0,0,0,0,31,53,0,0,0,0,0,0,0,0,0,0,0,34,0,0,0,0,0,0,0,0,0,0,0,46,0,0,0,0,0,0,0,0,0,0,0,3,0,0,0,forward
0,0,0,0,0,0,0,0,6,0,0,0,0,0,0,0,0,0,0,0,31,214,0,0,0,0,0,0,0,0,0,0,52,22,0,0,0,0,0,0,0,0,0,0,53,156,0,0,0,0,0,0,0,0,0,20,64,0,0,0,0,0,0,0,0,0,0,0,40,6,0,0,0,0,0,0,0,0,0,0,51,10,0,0,0,0,0,0,0,0,0,0,12,0,0,0,forward
0,0,0,0,0,0,0,0,0,0,0,0,0,0,0,0,0,0,0,0,22,189,0,0,0,0,0,0,0,0,0,0,42,25,0,0,0,0,0,0,0,0,0,0,45,164,0,45,0,0,0,0,0,0,0,3,50,0,0,0,0,0,0,0,0,0,0,0,40,5,0,0,0,0,0,0,0,0,0,0,55,19,0,0,0,0,0,0,0,0,0,0,12,0,0,0,forward
0,0,0,0,0,0,0,0,0,0,0,0,0,0,0,0,0,0,0,0,20,178,0,7,0,0,0,0,0,0,0,0,41,31,0,0,0,0,0,0,0,0,0,0,43,170,0,56,0,0,0,0,0,0,0,0,42,0,0,0,0,0,0,0,0,0,0,0,34,12,0,0,0,0,0,0,0,0,0,0,48,16,0,0,0,0,0,0,0,0,0,0,16,0,31,0,forward
0,0,0,0,0,0,0,0,0,0,0,0,0,0,0,0,0,0,0,0,22,203,0,0,0,0,0,0,0,0,0,0,37,34,0,0,0,0,0,0,0,0,0,0,39,166,0,19,0,0,0,0,0,0,0,0,45,0,0,0,0,0,0,0,0,0,0,0,35,13,0,0,0,0,0,0,0,0,0,0,52,17,0,0,0,0,0,0,0,0,0,0,17,0,0,0,forward
0,0,0,0,0,0,0,3,32,0,0,0,0,0,0,0,0,0,0,0,45,282,0,0,0,0,0,0,0,0,0,0,55,31,0,0,0,0,0,0,0,0,0,0,53,122,0,0,0,0,0,0,0,0,0,35,65,0,0,0,0,0,0,0,0,0,0,0,42,8,0,0,0,0,0,0,0,0,0,0,52,7,0,0,0,0,0,0,0,0,0,0,5,0,0,0,forward
17,0,27,0,0,0,0,62,90,0,0,0,0,0,24,0,0,0,0,0,0,6,0,0,0,0,0,0,0,0,0,0,0,0,0,0,0,0,0,0,0,0,0,0,0,0,0,0,0,0,0,0,0,0,0,0,0,0,0,0,0,0,0,0,0,0,0,0,0,0,0,0,0,0,63,0,0,0,0,0,7,0,0,0,0,0,0,0,0,0,0,0,38,0,10,0,strafe_left
0,0,0,0,0,0,0,76,122,13,0,0,0,0,0,0,0,0,0,0,0,38,0,0,0,0,0,0,0,0,0,0,0,0,0,0,0,0,0,0,0,0,0,0,0,0,0,0,0,0,0,0,0,0,0,0,0,0,0,0,0,0,0,0,0,0,0,0,0,0,0,0,0,0,17,0,0,0,0,0,0,0,0,0,0,0,0,0,0,0,0,0,68,28,83,0,strafe_left
0,0,0,0,0,0,0,78,141,36,0,0,0,0,0,0,0,0,0,0,0,42,0,0,0,0,0,0,0,0,0,0,0,0,0,0,0,0,0,0,0,0,0,0,0,0,0,0,0,0,0,0,0,0,0,0,0,0,0,0,0,0,0,0,0,0,0,0,0,0,0,0,0,0,7,0,0,0,0,0,0,0,0,0,0,0,0,0,0,0,0,0,72,40,88,0,strafe_left
0,0,0,0,0,0,0,86,140,38,0,0,0,0,0,0,0,0,0,0,0,54,0,0,0,0,0,0,0,0,0,0,0,0,0,0,0,0,0,0,0,0,0,0,0,0,0,0,0,0,0,0,0,0,0,0,0,0,0,0,0,0,4,0,0,0,0,0,0,0,0,0,0,0,47,0,0,0,0,0,0,0,0,0,0,0,0,0,0,0,0,0,53,8,0,0,strafe_left
9,0,5,0,0,0,0,66,106,6,0,0,0,0,4,0,0,0,0,0,0,9,0,0,0,0,0,0,0,0,0,0,0,0,0,0,0,0,0,0,0,0,0,0,0,0,0,0,0,0,0,0,0,0,0,0,0,0,0,0,0,0,10,0,0,0,0,0,0,0,0,0,0,0,63,0,0,0,0,0,0,0,0,0,0,0,0,0,0,0,0,0,26,0,0,0,strafe_left
0,54,119,34,0,0,0,30,27,0,0,0,0,0,44,0,0,0,0,0,0,0,0,0,0,0,0,0,0,0,0,0,0,0,0,0,0,0,0,0,0,0,0,0,0,0,0,0,0,0,0,0,0,0,0,0,0,0,0,0,0,0,12,0,0,0,0,0,0,0,0,0,0,0,81,0,0,0,0,0,0,0,0,0,0,0,0,0,0,0,0,0,15,0,0,0,strafe_left
0,81,147,48,0,0,0,37,38,0,0,0,0,0,52,0,0,0,0,0,0,0,0,0,0,0,0,0,0,0,0,0,0,0,0,0,0,0,0,0,0,0,0,0,0,0,0,0,0,0,0,0,0,0,0,0,0,0,0,0,0,0,12,0,0,0,0,0,0,0,0,0,0,0,85,0,0,0,0,0,0,0,0,0,0,0,0,0,0,0,0,0,14,0,0,0,strafe_left
0,78,127,36,0,0,0,40,42,0,0,0,0,0,63,0,0,0,0,0,0,0,0,0,0,0,9,0,0,0,0,0,0,0,0,0,0,0,0,0,0,0,0,0,0,0,0,0,0,0,0,0,0,0,0,0,0,0,0,0,0,0,14,0,0,0,0,0,0,0,0,0,0,0,76,0,0,0,0,0,6,0,0,0,0,0,0,0,0,0,0,0,4,0,0,0,strafe_left
0,0,0,0,0,0,0,0,0,0,0,0,0,0,39,0,0,0,0,0,0,0,0,0,0,24,73,21,0,0,0,0,0,0,0,0,0,6,84,23,0,0,0,0,60,78,0,0,0,0,0,0,0,0,19,63,112,0,0,0,0,0,0,0,0,0,0,0,0,0,0,0,0,0,0,0,0,0,0,0,0,0,0,0,0,0,0,0,0,0,0,0,0,0,0,0,strafe_right
0,0,0,0,0,0,0,0,0,0,0,0,0,0,45,0,0,0,0,0,0,0,0,0,0,22,75,28,0,0,0,0,0,0,0,0,0,0,69,15,0,0,0,0,47,71,0,0,0,0,0,0,0,0,13,71,140,0,0,0,0,0,0,0,0,0,0,0,0,0,0,0,0,0,0,0,0,0,0,0,0,0,0,0,0,0,0,0,0,0,0,0,0,0,0,0,strafe_right
0,0,0,0,0,0,0,0,0,0,0,0,0,0,26,0,0,0,0,0,0,0,0,0,0,0,52,19,0,0,0,0,0,0,0,0,0,0,57,25,0,0,0,0,82,188,0,0,0,0,0,0,0,0,22,85,190,0,0,0,0,0,0,0,0,0,0,0,0,0,0,0,0,0,0,0,0,0,0,0,0,0,0,0,0,0,0,0,0,0,0,0,0,0,0,0,strafe_right
0,0,0,0,0,0,0,0,0,0,0,0,0,0,11,0,0,0,0,0,0,0,0,0,0,0,24,0,0,0,0,0,0,0,0,0,0,0,31,14,0,0,0,0,101,282,40,5,0,0,0,0,0,0,20,93,220,0,0,0,0,0,0,0,0,0,0,0,0,0,0,0,0,0,0,0,0,0,0,0,0,0,0,0,0,0,0,0,0,0,0,0,0,0,0,0,strafe_right
0,0,0,0,0,0,0,0,0,0,0,0,0,0,49,0,0,0,0,0,0,0,0,0,0,19,74,20,0,0,0,0,0,0,0,0,0,0,59,9,0,0,0,0,47,70,0,0,0,0,0,0,0,0,17,81,155,0,0,0,0,0,0,0,0,0,0,0,0,0,0,0,0,0,0,0,0,0,0,0,0,0,0,0,0,0,0,0,0,0,0,0,0,0,0,0,strafe_right
0,0,22,0,0,0,0,9,16,0,0,0,0,0,47,18,0,0,0,0,8,89,0,0,0,0,59,38,0,0,0,0,25,0,0,0,0,0,18,0,0,0,0,0,0,18,0,0,6,0,0,0,0,0,0,15,20,0,0,0,0,0,0,0,0,0,0,0,9,0,0,0,0,0,0,0,0,0,0,0,24,0,0,0,0,0,0,0,0,0,0,0,0,0,0,0,none
0,0,32,0,0,0,0,28,34,0,0,0,0,0,44,16,0,0,0,0,10,100,0,0,0,0,54,33,0,0,0,0,26,0,0,0,0,0,7,0,0,0,0,0,0,30,0,0,0,0,0,0,0,0,0,14,23,0,0,0,0,0,0,0,0,0,0,0,9,0,0,0,0,0,7,0,0,0,0,0,31,0,0,0,0,0,0,0,0,0,0,0,0,0,0,0,none
0,0,17,0,0,0,0,7,17,0,0,0,0,0,44,12,0,0,0,0,11,99,0,0,0,0,60,40,0,0,0,0,31,0,0,0,0,0,8,0,0,0,0,0,0,31,0,0,0,0,0,0,0,0,0,22,33,0,0,0,0,0,0,0,0,0,0,0,12,0,0,0,0,0,0,0,0,0,0,0,27,0,0,0,0,0,0,0,0,0,0,0,0,0,0,0,none
0,0,28,0,0,0,0,11,19,0,0,0,0,0,48,6,0,0,0,0,0,65,0,0,0,0,62,42,0,0,0,0,25,0,0,0,0,0,18,0,0,0,0,0,3,31,0,0,0,0,0,0,0,0,0,20,31,0,0,0,0,0,0,0,0,0,0,0,6,0,0,0,0,0,0,0,0,0,0,0,27,0,0,0,0,0,0,0,0,0,0,0,0,0,0,0,none
0,0,32,0,0,0,0,16,21,0,0,0,0,0,46,7,0,0,0,0,0,71,0,0,0,0,59,37,0,0,0,0,26,0,0,0,0,0,19,0,0,0,0,0,3,29,0,0,0,0,0,0,0,0,0,17,27,0,0,0,0,0,0,0,0,0,0,0,9,0,0,0,0,0,0,0,0,0,0,0,30,0,0,0,0,0,0,0,0,0,0,0,0,0,0,0,none
0,34,331,3,0,0,0,0,0,0,0,0,0,49,82,7,0,0,0,0,0,0,0,0,0,37,88,4,0,0,0,0,0,0,0,0,0,0,0,0,0,0,0,0,0,0,0,0,0,0,0,0,0,0,0,26,0,0,0,0,0,0,10,0,0,0,0,12,0,0,0,0,0,117,170,0,0,0,0,0,0,0,0,0,0,117,72,0,0,0,0,0,0,0,0,0,backward
0,29,323,0,0,0,0,0,0,0,0,0,0,63,95,20,0,0,0,0,0,0,0,0,0,33,84,0,0,0,0,0,0,0,0,0,0,0,0,0,0,0,0,0,0,0,0,0,0,0,0,0,0,0,0,24,0,0,0,0,0,0,12,0,0,0,0,14,0,0,0,0,0,123,172,0,0,0,0,0,0,0,0,0,0,129,75,0,0,0,0,0,0,0,0,0,backward
0,19,316,0,0,0,0,0,0,0,0,0,0,52,90,16,0,0,0,0,0,0,0,0,0,40,91,7,0,0,0,0,0,0,0,0,0,0,0,0,0,0,0,0,0,0,0,0,0,0,0,0,0,0,0,19,0,0,0,0,0,0,3,0,0,0,0,4,0,0,0,0,0,122,173,0,0,0,0,0,0,0,0,0,0,138,79,0,0,0,0,0,0,0,0,0,backward
0,29,330,0,0,0,0,0,0,0,0,0,0,63,98,25,0,0,0,0,0,0,0,0,0,36,84,0,0,0,0,0,0,0,0,0,0,0,0,0,0,0,0,0,0,0,0,0,0,0,0,0,0,0,0,18,0,0,0,0,0,0,8,0,0,0,0,5,0,0,0,0,0,120,176,0,0,0,0,0,0,0,0,0,0,139,76,0,0,0,0,0,0,0,0,0,backward
0,0,94,0,0,0,0,0,0,0,0,0,0,57,85,0,0,0,0,0,0,0,0,0,0,133,135,15,0,0,0,0,0,0,0,0,0,0,40,0,0,0,0,0,0,0,0,0,0,0,0,0,0,0,0,0,0,0,0,0,0,0,31,0,0,0,0,0,0,0,0,0,0,118,171,0,0,0,0,0,0,0,0,0,0,74,21,0,0,0,0,0,0,0,0,0,backward
0,0,103,0,0,0,0,0,0,0,0,0,0,61,97,0,0,0,0,0,0,0,0,0,0,169,160,26,0,0,0,0,0,0,0,0,0,37,104,47,0,0,0,0,0,0,0,0,0,0,22,0,0,0,0,0,0,0,0,0,0,0,14,46,0,0,0,0,0,0,0,0,0,136,80,0,0,0,0,0,0,0,0,0,0,0,0,0,0,0,0,0,0,0,0,0,backward
0,0,274,87,13,0,74,52,195,0,0,0,0,0,23,0,0,0,0,0,10,0,0,0,0,0,0,0,0,0,0,0,0,0,0,0,0,0,0,0,0,0,0,0,8,0,0,0,0,0,0,0,0,0,0,0,0,0,0,0,0,0,0,0,0,0,0,0,0,0,0,0,0,0,35,0,0,0,0,0,14,0,0,0,0,0,13,0,0,0,0,0,0,0,0,0,strafe_left
0,0,275,81,4,0,57,35,181,0,0,0,0,0,20,0,0,0,0,0,4,0,0,0,0,0,0,0,0,0,0,0,0,0,0,0,0,0,0,0,0,0,0,0,11,0,0,0,0,0,0,0,0,0,0,0,0,0,0,0,0,0,0,0,0,0,0,0,0,0,0,0,0,0,32,0,0,0,0,0,13,0,0,0,0,0,11,0,0,0,0,0,0,0,0,0,strafe_left
0,0,288,92,18,5,79,57,197,0,0,0,0,0,29,0,0,0,0,0,7,0,0,0,0,0,0,0,0,0,0,0,0,0,0,0,0,0,0,0,0,0,0,0,10,0,0,0,0,0,0,0,0,0,0,0,0,0,0,0,0,0,0,0,0,0,0,0,0,0,0,0,0,0,33,0,0,0,0,0,15,0,0,0,0,0,9,0,0,0,0,0,0,0,0,0,strafe_left
0,0,276,81,5,0,66,42,181,0,0,0,0,0,14,0,0,0,0,0,0,0,0,0,0,0,0,0,0,0,0,0,0,0,0,0,0,0,0,0,0,0,0,0,12,0,0,0,0,0,0,0,0,0,0,0,0,0,0,0,0,0,0,0,0,0,0,0,0,0,0,0,0,0,17,0,0,0,0,0,13,0,0,0,0,0,9,0,0,0,0,0,0,0,0,0,strafe_left
0,0,241,69,0,0,70,47,189,0,0,0,0,0,4,0,0,0,0,0,3,0,0,0,0,0,0,0,0,0,0,0,0,0,0,0,0,0,0,0,0,0,0,0,14,0,0,0,0,0,0,0,0,0,0,0,0,0,0,0,0,0,0,0,0,0,0,0,0,0,0,0,0,0,13,0,0,0,0,0,13,0,0,0,0,0,8,0,0,0,0,0,0,0,0,0,strafe_left
0,0,182,54,7,3,97,72,228,0,0,0,0,0,0,0,0,0,0,0,23,0,0,0,0,0,0,0,0,0,0,0,0,0,0,0,0,0,0,0,0,0,0,0,18,0,0,0,0,0,0,0,0,0,0,0,0,0,0,0,0,0,0,0,0,0,0,0,0,0,0,0,0,0,5,0,0,0,0,0,17,0,0,0,0,0,3,0,0,0,0,0,0,0,0,0,strafe_left
0,0,264,82,5,0,43,38,155,0,0,0,0,0,34,0,0,0,0,0,9,0,0,0,0,0,0,0,0,0,0,0,0,0,0,0,0,0,0,0,0,0,0,0,8,0,0,0,0,0,0,0,0,0,0,0,0,0,0,0,0,0,0,0,0,0,0,0,0,0,0,0,0,0,46,0,0,0,0,0,6,0,0,0,0,0,19,0,0,0,0,0,0,0,0,0,strafe_left
0,32,317,102,9,0,26,25,137,0,0,0,0,0,47,0,0,0,0,0,0,0,0,0,0,0,0,0,0,0,0,0,0,0,0,0,0,0,0,0,0,0,0,0,4,0,0,0,0,0,0,0,0,0,0,0,0,0,0,0,0,0,0,0,0,0,0,0,0,0,0,0,0,0,55,0,0,0,0,0,11,0,0,0,0,0,19,0,0,0,0,0,0,0,0,0,strafe_left
0,24,303,96,0,0,16,14,105,0,0,0,0,0,35,0,0,0,0,0,13,0,0,0,0,0,4,0,0,0,0,0,0,0,0,0,0,0,0,0,0,0,0,0,15,0,0,0,0,0,0,0,0,0,0,0,0,0,0,0,0,0,0,0,0,0,0,0,0,0,0,0,0,0,52,0,0,0,0,0,3,0,0,0,0,0,16,0,0,0,0,0,0,0,0,0,strafe_left
0,32,305,108,10,0,27,26,108,0,0,0,0,0,34,0,0,0,0,0,5,0,0,0,0,0,11,0,0,0,0,0,0,0,0,0,0,0,0,0,0,0,0,0,15,0,0,0,0,0,0,0,0,0,0,0,0,0,0,0,0,0,0,0,0,0,0,0,0,0,0,0,0,0,56,0,0,0,0,0,0,0,0,0,0,0,13,0,0,0,0,0,0,0,0,0,strafe_left
0,20,305,95,3,0,23,21,112,0,0,0,0,0,43,0,0,0,0,0,12,0,0,0,0,0,15,0,0,0,0,0,0,0,0,0,0,0,0,0,0,0,0,0,7,0,0,0,0,0,0,0,0,0,0,0,0,0,0,0,0,0,0,0,0,0,0,0,0,0,0,0,0,0,54,0,0,0,0,0,5,0,0,0,0,0,16,0,0,0,0,0,0,0,0,0,strafe_left
0,0,0,0,0,0,0,0,0,0,0,0,0,0,0,0,0,0,0,0,0,0,0,0,0,0,33,0,0,0,0,0,0,0,0,0,0,0,0,12,0,0,0,0,37,19,0,0,0,0,0,0,0,6,0,5,47,0,0,0,0,0,0,0,0,0,0,0,0,0,0,0,0,0,0,0,0,0,0,0,0,0,0,0,0,0,0,0,0,0,0,0,0,0,0,0,strafe_right
0,0,0,0,0,0,0,0,0,0,0,0,0,0,0,0,0,0,0,0,0,0,0,0,0,0,14,0,0,0,0,0,0,0,0,0,0,0,0,0,0,0,0,0,44,40,0,0,0,0,0,0,0,4,0,12,59,0,0,0,0,0,0,0,0,0,0,0,0,0,0,0,0,0,0,0,0,0,0,0,0,0,0,0,0,0,0,0,0,0,0,0,0,0,0,0,strafe_right
0,0,0,0,0,0,0,0,0,0,0,0,0,0,0,0,0,0,0,0,0,0,0,0,0,0,9,0,0,0,0,0,0,0,0,0,0,0,0,0,0,0,0,0,47,38,0,0,0,0,0,0,0,3,0,15,65,0,0,0,0,0,0,0,0,0,0,0,0,0,0,0,0,0,0,0,0,0,0,0,0,0,0,0,0,0,0,0,0,0,0,0,0,0,0,0,strafe_right
0,0,0,0,0,0,0,0,0,0,0,0,0,0,0,0,0,0,0,0,0,0,0,0,0,0,37,0,0,0,0,0,0,0,0,0,0,0,14,40,0,0,0,0,37,21,0,0,0,5,21,25,0,10,0,3,40,0,0,0,0,10,0,0,0,0,0,0,0,0,0,0,0,0,0,0,0,0,0,0,0,0,0,0,0,0,0,0,0,0,0,0,0,0,0,0,strafe_right
0,0,0,0,0,0,0,0,0,0,0,0,0,0,0,0,0,0,0,0,0,0,0,0,0,0,25,0,0,0,0,0,0,0,0,0,0,0,19,48,0,0,0,0,48,34,0,0,0,8,27,33,0,15,0,10,50,0,0,0,0,13,0,0,0,0,0,0,0,0,0,0,0,0,0,0,0,0,0,0,0,0,0,0,0,0,0,0,0,0,0,0,0,0,0,0,strafe_right
0,0,0,0,0,0,0,0,0,0,0,0,0,0,0,0,0,0,0,0,0,0,0,0,0,0,26,0,0,0,0,0,0,0,0,0,0,0,23,45,0,0,0,0,41,23,0,0,0,51,51,47,0,4,0,0,33,0,0,0,0,71,20,0,0,0,0,0,0,0,0,0,0,0,0,0,0,0,0,0,0,0,0,0,0,0,0,0,0,0,0,0,0,0,0,0,strafe_right
0,0,0,0,0,0,0,0,0,0,0,0,0,0,12,0,0,0,0,0,0,0,0,0,0,0,42,0,0,0,0,0,0,0,0,0,0,0,45,58,0,0,0,0,39,9,0,0,0,67,59,49,0,0,0,0,27,0,0,0,0,75,23,0,0,0,0,0,0,0,0,0,0,0,0,0,0,0,0,0,0,0,0,0,0,0,0,0,0,0,0,0,0,0,0,0,strafe_right
0,0,0,0,0,0,0,0,0,0,0,0,0,0,7,0,0,0,0,0,0,0,0,0,0,0,52,0,0,0,0,0,0,0,0,0,0,0,57,70,0,0,0,0,40,10,0,0,0,55,56,51,0,9,0,0,31,0,0,0,0,50,8,0,0,0,0,0,0,0,0,0,0,0,0,0,0,0,0,0,0,0,0,0,0,0,0,0,0,0,0,0,0,0,0,0,strafe_right
0,0,0,0,0,0,0,0,0,0,0,0,0,0,0,0,0,0,0,0,0,0,0,0,0,0,29,0,0,0,0,0,0,0,0,0,0,0,22,49,0,0,0,0,41,27,0,0,0,20,34,34,0,9,0,4,44,0,0,0,0,26,0,0,0,0,0,0,0,0,0,0,0,0,0,0,0,0,0,0,0,0,0,0,0,0,0,0,0,0,0,0,0,0,0,0,strafe_right
0,0,0,0,0,0,0,0,0,0,0,0,0,0,0,0,0,0,0,0,0,0,0,0,0,0,27,0,0,0,0,0,0,0,0,0,0,0,17,43,0,0,0,0,49,37,0,0,0,27,37,38,0,18,0,10,51,0,0,0,0,27,0,0,0,0,0,0,0,0,0,0,0,0,0,0,0,0,0,0,0,0,0,0,0,0,0,0,0,0,0,0,0,0,0,0,strafe_right
0,0,0,0,0,0,0,0,0,0,0,0,0,0,0,0,0,0,0,0,0,0,0,0,0,0,26,0,0,0,0,0,0,0,0,0,0,0,0,15,0,0,0,0,34,42,0,0,0,20,29,29,0,0,0,3,40,0,0,0,0,29,0,0,0,0,0,0,0,0,0,0,0,0,0,0,0,0,0,0,0,0,0,0,0,0,0,0,0,0,0,0,0,0,0,0,strafe_right
0,0,0,0,0,0,0,0,0,0,0,0,0,0,0,0,0,0,0,0,0,0,0,0,0,0,31,0,0,0,0,0,0,0,0,0,0,0,22,41,0,0,0,0,42,31,0,0,0,74,66,49,0,0,0,0,32,0,0,0,0,80,25,0,0,0,0,0,0,0,0,0,0,0,0,0,0,0,0,0,0,0,0,0,0,0,0,0,0,0,0,0,0,0,0,0,strafe_right
0,0,0,0,0,0,0,0,0,0,0,0,0,0,23,0,0,0,0,0,0,0,0,0,0,0,43,0,0,0,0,0,0,0,0,0,0,0,46,59,0,0,0,0,38,9,0,0,0,71,65,48,0,0,0,0,26,0,0,0,0,92,27,0,0,0,0,0,0,0,0,0,0,0,0,0,0,0,0,0,0,0,0,0,0,0,0,0,0,0,0,0,0,0,0,0,strafe_right
0,0,43,0,0,0,0,0,22,0,0,0,0,0,25,0,0,0,0,0,0,24,0,0,0,0,64,7,0,0,0,0,10,146,0,0,0,0,0,0,0,0,0,0,31,21,0,0,0,0,0,0,0,0,4,24,72,0,0,0,0,40,116,0,0,0,0,10,23,0,0,0,0,21,18,0,0,0,0,0,6,0,0,0,0,0,0,0,0,0,0,0,0,0,0,0,none
0,0,34,0,0,0,0,0,17,0,0,0,0,0,25,0,0,0,0,0,0,24,0,0,0,0,60,6,0,0,0,0,15,150,0,0,0,0,0,0,0,0,0,0,29,21,0,0,0,0,0,0,0,0,3,23,72,0,0,0,0,50,121,0,0,0,0,14,28,4,0,0,0,27,19,0,0,0,0,0,4,0,0,0,0,0,0,0,0,0,0,0,0,0,0,0,none
0,0,46,0,0,0,0,0,31,0,0,0,0,0,28,0,0,0,0,0,0,16,0,0,0,0,48,0,0,0,0,0,0,132,0,0,0,0,0,0,0,0,0,0,37,29,0,0,0,0,0,0,0,0,0,16,66,0,0,0,0,46,120,0,0,0,0,12,26,5,0,0,0,30,23,0,0,0,0,0,9,0,0,0,0,0,0,0,0,0,0,0,0,0,0,0,none
0,0,38,0,0,0,0,0,17,0,0,0,0,0,27,0,0,0,0,0,0,21,0,0,0,0,56,5,0,0,0,0,10,141,0,0,0,0,0,0,0,0,0,0,34,21,0,0,0,0,0,0,0,0,0,21,70,0,0,0,0,48,122,0,0,0,0,16,32,10,0,0,0,32,23,0,0,0,0,0,5,0,0,0,0,0,0,0,0,0,0,0,0,0,0,0,none
0,0,45,0,0,0,0,0,16,0,0,0,0,0,28,0,0,0,0,0,0,20,0,0,0,0,58,5,0,0,0,0,10,139,0,0,0,0,0,0,0,0,0,0,30,19,0,0,0,0,0,0,0,0,0,20,72,0,0,0,0,31,110,0,0,0,0,13,30,9,0,0,0,21,18,0,0,0,0,0,6,0,0,0,0,0,0,0,0,0,0,0,0,0,0,0,none
0,0,51,0,0,0,0,0,17,0,0,0,0,0,28,0,0,0,0,0,0,17,0,0,0,0,58,5,0,0,0,0,9,138,0,0,0,0,0,0,0,0,0,0,30,13,0,0,0,0,0,0,0,0,0,19,69,0,0,0,0,29,103,0,0,0,0,11,29,5,0,0,0,23,18,0,0,0,0,0,8,0,0,0,0,0,0,0,0,0,0,0,0,0,0,0,none
0,0,63,0,0,0,0,0,34,0,0,0,5,0,32,0,0,0,0,0,0,17,0,0,0,0,43,0,0,0,0,0,0,126,0,0,0,0,0,0,0,0,0,0,35,19,0,0,0,0,0,0,0,0,0,6,54,0,0,0,0,15,90,0,0,0,0,9,29,9,0,0,0,21,19,0,0,0,0,0,16,0,0,0,0,0,0,0,0,0,0,0,0,0,0,0,none
0,0,54,0,0,0,0,0,29,0,0,0,0,0,24,0,0,0,0,0,0,32,0,0,0,0,51,0,0,0,0,0,5,123,0,0,0,0,0,0,0,0,0,0,27,5,0,0,0,0,0,0,0,0,0,7,56,0,0,0,0,0,63,0,0,0,0,0,27,7,0,0,0,22,17,0,0,0,0,0,19,0,0,0,0,0,4,0,0,0,0,0,0,0,0,0,none
0,0,68,0,0,0,0,0,29,0,0,0,0,0,19,0,0,0,0,0,0,15,0,0,0,0,52,0,0,0,0,0,3,124,0,0,0,0,0,0,0,0,0,0,40,17,0,0,0,0,0,0,0,0,0,10,58,0,0,0,0,16,77,0,0,0,0,4,30,7,0,0,0,35,24,0,0,0,0,0,15,0,0,0,0,0,0,0,0,0,0,0,0,0,0,0,none
0,0,72,0,0,0,0,0,29,0,0,0,0,0,32,0,0,0,0,0,0,25,0,0,0,0,60,6,0,0,0,0,0,103,0,0,0,0,0,0,0,0,0,0,26,0,0,0,0,0,0,0,0,0,0,10,53,0,0,0,0,19,83,0,0,0,0,0,20,0,0,0,0,44,28,0,0,0,0,0,18,0,0,0,0,0,7,0,0,0,0,0,0,0,0,0,none
0,0,94,0,0,0,0,0,41,0,0,0,5,0,31,0,0,0,0,0,0,8,0,0,0,0,49,0,0,0,0,0,0,89,0,0,0,0,0,0,0,0,0,0,32,6,0,0,0,0,0,0,0,0,0,8,53,0,0,0,0,26,87,0,0,0,0,3,26,4,0,0,0,48,32,0,0,0,0,0,18,0,0,0,0,0,5,0,0,0,0,0,0,0,0,0,none
0,0,88,0,0,0,0,0,34,0,0,0,0,0,23,0,0,0,0,0,0,13,0,0,0,0,52,0,0,0,0,0,0,104,0,0,0,0,0,0,0,0,0,0,38,13,0,0,0,0,0,0,0,0,0,11,59,0,0,0,0,25,91,0,0,0,0,5,28,8,0,0,0,42,29,0,0,0,0,0,19,0,0,0,0,0,4,0,0,0,0,0,0,0,0,0,none
0,0,85,0,0,0,0,0,40,0,0,0,4,0,31,0,0,0,0,0,0,11,0,0,0,0,48,0,0,0,0,0,0,103,0,0,0,0,0,0,0,0,0,0,33,7,0,0,0,0,0,0,0,0,0,18,68,0,0,0,0,23,89,0,0,0,0,7,31,10,0,0,0,35,28,0,0,0,0,0,17,0,0,0,0,0,0,0,0,0,0,0,0,0,0,0,none
0,0,80,0,0,0,0,0,37,0,0,0,3,0,28,0,0,0,0,0,0,13,0,0,0,0,52,0,0,0,0,0,0,104,0,0,0,0,0,0,0,0,0,0,32,9,0,0,0,0,0,0,0,0,0,19,69,0,0,0,0,24,92,0,0,0,0,7,29,8,0,0,0,33,26,0,0,0,0,0,15,0,0,0,0,0,0,0,0,0,0,0,0,0,0,0,none
0,0,68,0,0,0,0,0,38,0,0,0,6,0,34,6,0,0,0,0,0,20,0,0,0,0,49,0,0,0,0,0,0,101,0,0,0,0,0,0,0,0,0,0,34,10,0,0,0,0,0,0,0,0,0,18,68,0,0,0,0,25,91,0,0,0,0,3,28,6,0,0,0,37,29,0,0,0,0,0,19,0,0,0,0,0,0,0,0,0,0,0,0,0,0,0,none
0,0,66,0,0,0,0,0,37,0,0,0,7,0,35,5,0,0,0,0,0,19,0,0,0,0,49,0,0,0,0,0,0,103,0,0,0,0,0,0,0,0,0,0,34,9,0,0,0,0,0,0,0,0,0,15,67,0,0,0,0,26,91,0,0,0,0,5,29,8,0,0,0,38,29,0,0,0,0,0,18,0,0,0,0,0,0,0,0,0,0,0,0,0,0,0,none
0,0,60,0,0,0,0,0,23,0,0,0,0,0,29,0,0,0,0,0,0,20,0,0,0,0,57,4,0,0,0,0,6,113,0,0,0,0,0,0,0,0,0,0,34,8,0,0,0,0,0,0,0,0,4,21,67,0,0,0,0,21,88,0,0,0,0,0,23,3,0,0,0,36,27,0,0,0,0,0,18,0,0,0,0,0,0,0,0,0,0,0,0,0,0,0,none
0,0,68,0,0,0,0,0,34,0,0,0,8,0,36,7,0,0,0,0,0,21,0,0,0,0,49,0,0,0,0,0,0,102,0,0,0,0,0,0,0,0,0,0,34,9,0,0,0,0,0,0,0,0,0,17,67,0,0,0,0,27,91,0,0,0,0,5,26,6,0,0,0,39,30,0,0,0,0,0,22,0,0,0,0,0,0,0,0,0,0,0,0,0,0,0,none
0,0,74,0,0,0,0,0,33,0,0,0,5,0,36,9,0,0,0,0,4,29,0,0,0,0,56,3,0,0,0,0,0,105,0,0,0,0,0,0,0,0,0,0,30,11,0,0,0,0,0,0,0,0,0,17,71,0,0,0,0,23,96,0,0,0,0,11,38,17,0,0,0,38,25,0,0,0,0,0,15,0,0,0,0,0,0,0,0,0,0,0,0,0,0,0,none
0,0,71,0,0,0,0,0,32,0,0,0,0,0,30,6,0,0,0,0,0,29,0,0,0,0,61,11,0,0,0,0,0,114,0,0,0,0,0,0,0,0,0,0,29,7,0,0,0,0,0,0,0,0,0,18,70,0,0,0,0,22,94,0,0,0,0,8,36,16,0,0,0,41,27,0,0,0,0,0,19,0,0,0,0,0,0,0,0,0,0,0,0,0,0,0,none
0,0,83,0,0,0,0,0,34,0,0,0,8,0,44,6,0,0,0,0,0,15,0,0,0,0,53,0,0,0,0,0,0,89,0,0,0,0,0,5,0,0,0,0,33,18,0,0,0,0,0,0,0,0,0,23,83,0,0,0,0,43,119,0,0,0,0,11,30,7,0,0,0,43,31,0,0,0,0,0,14,0,0,0,0,0,0,0,0,0,0,0,0,0,0,0,none
0,0,0,0,0,0,0,0,10,0,0,0,8,0,32,0,0,0,0,0,12,14,0,0,0,0,37,77,0,0,0,0,11,88,0,0,0,0,0,0,0,0,0,0,36,0,0,0,0,0,0,0,0,0,0,19,78,0,0,0,0,34,107,0,0,0,0,11,36,22,0,0,0,44,30,0,0,0,0,0,18,0,0,0,0,0,0,0,0,0,0,0,0,0,0,0,none
0,0,0,0,0,0,0,0,18,0,0,0,15,0,38,0,0,0,0,0,23,23,0,0,0,0,36,76,0,0,0,0,0,76,0,0,0,0,0,0,0,0,0,0,35,0,0,0,0,0,0,0,0,0,8,23,80,0,0,0,0,31,105,0,0,0,0,7,33,18,0,0,0,37,26,0,0,0,0,0,16,0,0,0,0,0,0,0,0,0,0,0,0,0,0,0,none
0,0,0,0,0,0,0,0,9,0,0,0,0,0,24,0,0,0,0,0,10,12,0,0,0,0,33,78,0,0,0,0,5,84,0,0,0,0,0,0,0,0,0,0,43,7,0,0,0,0,0,0,0,0,0,17,74,0,0,0,0,30,106,0,0,0,0,12,37,23,0,0,0,40,28,0,0,0,0,0,21,0,0,0,0,0,0,0,0,0,0,0,0,0,0,0,none
0,0,0,0,0,0,0,0,17,0,0,0,11,0,31,0,0,0,0,0,16,20,0,0,0,0,39,78,0,0,0,0,9,88,0,0,0,0,0,0,0,0,0,0,32,0,0,0,0,0,0,0,0,0,6,25,86,0,0,0,0,23,100,0,0,0,0,11,36,20,0,0,0,27,21,0,0,0,0,0,15,0,0,0,0,0,0,0,0,0,0,0,0,0,0,0,none
14,5,42,0,0,0,18,51,79,27,0,0,13,201,121,36,0,0,0,53,140,30,21,0,0,201,126,27,0,0,0,30,85,0,0,0,0,0,13,0,0,0,0,0,6,0,0,0,0,0,0,0,0,0,0,0,19,82,87,0,0,0,0,179,142,35,27,0,58,137,209,0,0,0,0,393,240,80,0,0,29,247,273,0,0,0,0,67,74,0,0,0,0,149,36,15,none
25,39,68,7,0,0,38,70,94,38,0,0,14,251,143,42,0,0,0,39,121,11,0,0,0,274,149,32,0,0,0,37,101,0,0,0,0,0,23,0,0,0,0,0,7,0,0,0,0,0,0,0,0,0,0,0,0,68,69,0,0,0,0,179,126,24,17,0,52,131,193,0,0,0,0,406,242,83,0,0,32,241,266,0,0,0,0,85,83,0,0,0,0,152,41,15,none
27,53,79,15,0,0,32,67,89,33,0,0,7,272,148,47,0,0,0,44,129,13,7,0,0,303,160,43,0,0,0,41,109,0,0,0,0,0,26,0,0,0,0,0,7,0,0,0,0,0,0,0,0,0,0,0,0,63,64,0,0,0,0,171,110,17,13,0,48,125,187,0,0,0,0,395,230,77,0,0,32,244,268,0,0,0,0,81,82,0,0,0,0,154,35,15,none
14,25,64,14,0,0,47,79,119,66,0,0,13,217,140,55,0,0,0,62,172,38,12,0,0,169,118,30,0,0,0,37,126,0,0,0,0,0,17,0,0,0,0,0,8,0,0,0,0,0,0,0,0,0,0,0,0,30,34,0,0,0,0,107,34,0,0,0,19,72,129,0,0,0,0,318,166,41,0,0,24,227,248,0,0,0,0,76,83,9,0,0,0,194,58,32,none
3,0,28,0,0,0,22,44,87,43,0,0,3,173,109,34,0,0,0,61,178,47,26,0,0,161,116,33,0,0,0,59,207,8,0,0,0,0,20,0,0,0,0,0,4,0,0,0,0,0,0,0,0,0,0,0,0,50,48,0,0,0,0,116,51,0,0,0,31,91,153,0,0,0,0,309,167,44,0,0,16,225,244,0,0,0,0,51,64,0,0,0,0,170,49,32,none
15,0,26,0,0,0,29,60,99,55,0,0,17,193,120,32,0,0,0,60,192,53,29,0,0,214,129,26,0,0,0,53,241,16,0,0,0,0,20,0,0,0,0,0,7,0,0,0,0,0,0,0,0,0,0,0,0,64,61,0,0,0,0,120,59,0,0,0,32,100,162,0,0,0,0,302,166,50,0,0,23,214,230,0,0,0,0,45,55,0,0,0,0,123,28,26,none
22,17,41,0,0,0,27,60,94,49,0,0,10,231,135,38,0,0,0,56,164,34,16,0,0,243,136,35,0,0,0,49,181,0,0,0,0,0,23,0,0,0,0,0,8,0,0,0,0,0,0,0,0,0,0,0,11,79,81,0,0,0,0,149,103,21,15,0,49,122,179,0,0,0,0,341,198,62,0,0,21,197,208,0,0,0,0,53,48,0,0,0,0,90,0,3,none
28,27,41,0,0,0,14,45,67,23,0,0,0,236,127,21,0,0,0,41,146,28,9,0,0,338,180,51,0,0,0,66,274,26,0,0,0,0,30,0,0,0,0,0,12,0,0,0,0,0,0,0,10,41,0,0,34,100,98,0,0,0,0,164,130,41,26,0,60,142,185,0,0,0,0,320,189,55,0,0,19,155,150,0,0,0,0,29,3,0,0,0,0,40,0,0,none
5,0,13,0,0,0,0,33,58,13,0,0,8,250,139,31,0,0,0,56,152,37,24,0,0,338,187,64,0,0,0,71,261,30,0,0,0,3,29,0,0,0,0,0,0,0,0,0,0,0,0,0,28,99,0,38,62,142,138,0,0,0,0,152,134,56,41,0,66,148,191,0,0,0,0,268,159,36,0,0,0,126,123,0,0,0,0,22,0,0,0,0,0,31,0,0,none
4,0,11,0,0,0,0,26,49,0,0,0,3,258,140,29,0,0,0,53,151,36,24,0,0,350,185,61,0,0,0,75,277,35,0,0,0,16,37,0,0,0,0,0,0,0,0,0,0,0,0,0,40,129,31,58,84,166,151,0,0,0,0,148,129,55,40,6,64,147,182,0,0,0,0,249,149,29,0,0,0,104,99,0,0,0,0,25,0,0,0,0,0,21,0,0,none
12,8,23,0,0,0,3,38,61,15,0,0,21,257,142,31,0,0,0,51,139,31,19,0,0,351,178,43,0,0,0,61,283,23,0,0,0,10,34,0,0,0,0,0,7,0,0,0,0,0,0,0,54,178,88,81,114,194,175,0,0,0,0,138,130,64,47,6,60,146,157,0,0,0,0,215,136,21,0,0,0,89,62,0,0,0,0,23,0,0,0,0,0,4,0,0,none
0,0,0,0,0,0,0,15,37,0,0,0,4,242,130,17,0,0,0,42,132,27,18,0,0,360,187,53,0,0,0,78,315,45,0,0,0,27,39,0,0,0,0,0,7,0,0,0,0,0,0,0,61,190,107,98,134,231,205,0,0,0,0,136,136,73,54,14,68,162,163,0,0,0,0,195,124,16,0,0,0,86,64,0,0,0,0,21,0,0,0,0,0,0,0,0,none
9,0,0,0,0,0,0,15,37,0,0,0,0,217,117,9,0,0,0,41,133,25,18,0,0,342,176,45,0,0,0,68,287,34,0,0,0,25,40,0,0,0,0,0,12,0,0,0,0,0,0,0,64,199,109,104,140,231,216,0,0,0,0,132,132,74,55,15,67,166,181,0,0,0,0,201,130,21,0,0,0,96,78,0,0,0,0,23,0,0,0,0,0,0,0,0,none
4,0,0,0,0,0,3,33,57,5,0,0,15,182,109,12,0,0,0,50,135,33,24,0,0,245,140,30,0,0,0,45,202,0,0,0,0,0,22,0,0,0,0,0,5,0,0,0,0,0,0,0,71,208,117,110,152,254,218,0,0,0,0,135,138,71,53,12,66,162,188,0,0,0,0,216,144,28,0,0,0,107,98,0,0,0,0,30,0,0,0,0,0,11,0,0,none
16,0,5,0,0,0,3,29,52,0,0,0,0,158,90,0,0,0,0,42,137,25,14,0,0,216,125,25,0,0,0,51,168,0,0,0,0,0,25,0,0,0,0,0,13,0,0,0,0,0,0,0,50,168,83,83,118,218,203,0,0,0,0,152,146,77,59,19,78,174,210,0,0,0,0,244,162,41,0,0,0,121,125,0,0,0,0,35,0,0,0,0,0,22,0,0,none
11,0,11,0,0,0,0,31,53,0,0,0,0,187,108,13,0,0,0,49,150,31,16,0,0,226,131,29,0,0,0,50,151,0,0,0,0,0,25,0,0,0,0,0,11,0,0,0,0,0,0,0,29,94,31,42,56,138,158,0,0,0,0,172,156,73,63,18,79,169,215,0,0,0,0,289,183,57,0,0,8,143,156,0,0,0,0,60,0,0,0,0,0,55,0,0,none
12,11,33,0,0,0,18,48,76,24,0,0,18,221,130,32,0,0,0,60,156,38,25,0,0,255,140,32,0,0,0,41,142,0,0,0,0,0,22,0,0,0,0,0,5,0,0,0,0,0,0,0,14,52,3,13,23,103,110,0,0,0,0,170,143,56,49,4,74,152,201,0,0,0,0,312,190,63,0,0,18,163,172,0,0,0,0,69,25,0,0,0,0,67,0,0,none
6,6,26,0,0,0,11,45,73,23,0,0,5,221,127,26,0,0,0,59,170,49,40,0,0,278,157,49,0,0,0,63,231,10,0,0,0,0,22,0,0,0,0,0,0,0,0,0,0,0,0,0,19,59,8,20,32,114,119,0,0,0,0,170,143,52,45,3,69,151,200,0,0,0,0,316,190,61,0,0,21,170,180,0,0,0,0,69,24,0,0,0,0,77,0,0,none
20,13,33,0,0,0,21,50,75,27,0,0,0,220,117,11,0,0,0,42,163,35,23,0,0,297,161,46,0,0,0,62,249,25,0,0,0,0,30,0,0,0,0,0,13,0,0,0,0,0,0,0,15,56,0,15,27,107,112,0,0,0,0,175,150,56,48,5,74,153,204,0,0,0,0,325,194,63,0,0,19,168,181,0,0,0,0,67,22,0,0,0,0,75,0,0,none
8,27,45,0,0,0,28,59,87,37,0,0,15,272,148,37,0,0,0,51,142,22,6,0,0,360,177,46,0,0,0,42,144,0,0,0,0,6,33,0,0,0,0,0,9,0,0,0,0,0,0,0,8,42,0,5,15,91,99,0,0,0,0,169,146,52,45,0,66,143,194,0,0,0,0,347,203,68,0,0,23,177,188,0,0,0,0,76,42,0,0,0,0,82,0,0,none
0,28,48,0,0,0,3,40,71,16,0,0,6,279,159,48,0,0,0,52,131,20,4,0,0,391,197,61,0,0,0,51,96,0,0,0,0,6,33,0,0,0,0,0,0,0,0,0,0,0,0,0,0,0,0,0,0,52,58,0,0,0,0,188,124,21,23,0,43,104,154,0,0,0,0,382,225,69,0,0,22,197,206,3,0,0,0,111,86,0,0,0,0,139,0,0,none
0,20,76,50,35,11,94,120,176,124,0,0,0,196,134,66,0,0,0,78,227,65,25,0,0,109,97,24,0,0,0,37,92,0,0,0,0,0,3,0,0,0,0,0,15,0,0,0,0,0,0,0,0,0,0,0,0,18,23,0,0,0,0,37,0,0,0,0,0,50,76,0,0,0,0,161,77,0,0,0,0,131,135,0,0,0,0,19,25,0,0,0,0,123,33,8,strafe_left
0,17,82,55,45,23,125,150,222,162,0,0,0,180,125,67,0,0,0,75,222,61,24,0,0,98,91,21,0,0,0,40,82,0,0,0,0,0,0,0,0,0,0,0,8,0,0,0,0,0,0,0,0,0,0,0,0,20,23,0,0,0,0,24,0,0,0,0,0,48,77,0,0,0,0,140,63,0,0,0,0,138,129,0,0,0,0,21,22,0,0,0,0,123,32,8,strafe_left
0,33,86,56,46,24,119,137,208,151,0,0,0,204,137,70,0,0,0,75,240,68,26,0,0,110,97,21,0,0,0,33,82,0,0,0,0,0,0,0,0,0,0,0,16,0,0,0,0,0,0,0,0,0,0,0,0,19,25,0,0,0,0,36,0,0,0,0,0,51,76,0,0,0,0,141,75,0,0,0,0,133,121,0,0,0,0,22,25,0,0,0,0,114,26,0,strafe_left
0,45,108,77,62,36,129,152,222,156,0,0,7,251,164,88,15,0,0,74,231,66,22,0,0,145,107,23,0,0,0,21,73,0,0,0,0,0,0,0,0,0,0,0,8,0,0,0,0,0,0,0,0,0,0,0,0,16,20,0,0,0,0,47,0,0,0,0,0,55,79,0,0,0,0,175,96,0,0,0,0,144,129,0,0,0,0,33,41,0,0,0,0,121,29,0,strafe_left
0,42,101,60,36,9,96,121,175,121,0,0,0,238,147,77,0,0,0,74,231,66,31,0,0,174,127,37,0,0,0,44,109,0,0,0,0,0,6,0,0,0,0,0,17,0,0,0,0,0,0,0,0,0,0,0,0,26,25,0,0,0,0,78,0,0,0,0,8,61,87,0,0,0,0,207,123,9,0,0,0,148,132,0,0,0,0,33,49,0,0,0,0,113,21,0,strafe_left
0,44,97,58,33,12,80,108,156,99,0,0,5,281,178,93,6,0,3,84,215,69,35,0,0,208,140,44,0,0,0,31,89,0,0,0,0,0,0,0,0,0,0,0,11,0,0,0,0,0,0,0,0,0,0,0,0,35,35,0,0,0,0,93,15,0,0,0,6,59,84,0,0,0,0,252,163,42,0,0,11,155,143,0,0,0,0,53,68,0,0,0,0,140,33,9,strafe_left
3,55,93,37,7,0,40,72,110,58,0,0,9,308,180,81,0,0,0,66,170,44,0,0,0,339,190,66,0,0,0,58,128,0,0,0,0,0,19,0,0,0,0,0,5,0,0,0,0,0,0,0,0,0,0,0,0,37,38,0,0,0,0,120,46,0,0,0,15,68,88,0,0,0,0,278,176,46,0,0,12,146,128,0,0,0,0,56,79,0,0,0,0,125,18,0,strafe_left
21,79,119,58,23,0,52,85,118,66,0,0,22,350,205,96,0,0,0,67,169,39,0,0,0,387,201,59,0,0,0,37,102,0,0,0,0,0,20,0,0,0,0,0,10,0,0,0,0,0,0,0,0,0,0,0,0,32,30,0,0,0,0,126,46,0,0,0,13,63,87,0,0,0,0,307,194,55,0,0,17,155,132,0,0,0,0,74,95,4,0,0,0,135,23,0,strafe_left
35,113,145,80,41,14,67,95,121,65,0,0,17,356,198,82,0,0,0,49,136,18,0,0,0,412,207,66,0,0,0,39,96,0,0,0,0,0,27,0,0,0,0,0,13,0,0,0,0,0,0,0,0,0,0,0,0,35,30,0,0,0,0,136,55,0,0,0,13,62,82,0,0,0,0,331,203,59,0,0,21,156,131,0,0,0,0,74,100,6,0,0,0,132,20,0,strafe_left
12,108,146,76,34,0,57,80,113,42,0,0,4,371,211,105,0,0,0,49,148,22,0,0,0,354,195,56,0,0,0,21,60,0,0,0,0,0,21,0,0,0,0,0,12,0,0,0,0,0,0,0,0,0,0,0,0,26,30,0,0,0,0,106,29,0,0,0,12,56,77,0,0,0,0,281,187,41,0,0,13,157,142,0,0,0,0,61,111,14,0,0,0,167,40,11,strafe_left
22,133,166,95,57,21,90,110,145,69,0,0,8,379,223,124,20,0,0,63,165,35,0,0,0,337,183,44,0,0,0,8,41,0,0,0,0,0,15,0,0,0,0,0,10,0,0,0,0,0,0,0,0,0,0,0,0,22,23,0,0,0,0,92,13,0,0,0,3,48,73,0,0,0,0,272,182,41,0,0,14,156,140,0,0,0,0,59,113,16,0,0,0,167,48,15,strafe_left
35,126,170,103,55,12,82,102,134,41,0,0,0,388,226,119,8,0,0,43,133,11,0,0,0,352,197,48,0,0,0,12,44,0,0,0,0,0,16,0,0,0,0,0,13,0,0,0,0,0,0,0,0,0,0,0,0,22,23,0,0,0,0,94,11,0,0,0,7,51,67,0,0,0,0,273,180,31,0,0,7,145,124,0,0,0,0,52,105,8,0,0,0,156,44,9,strafe_left
47,148,188,119,69,28,98,111,138,53,0,0,0,396,223,118,6,0,0,46,146,17,0,0,0,367,202,51,0,0,0,15,48,0,0,0,0,0,17,0,0,0,0,0,16,0,0,0,0,0,0,0,0,0,0,0,0,20,24,0,0,0,0,90,6,0,0,0,4,46,66,0,0,0,0,263,177,35,0,0,12,154,133,0,0,0,0,52,101,7,0,0,0,155,41,0,strafe_left
31,145,188,121,72,30,106,125,163,71,0,0,4,395,230,129,23,0,0,59,156,29,0,0,0,317,186,47,0,0,0,9,39,0,0,0,0,0,5,0,0,0,0,0,5,0,0,0,0,0,0,0,0,0,0,0,0,23,26,0,0,0,0,89,0,0,0,0,0,42,60,0,0,0,0,259,170,27,0,0,9,148,128,0,0,0,0,57,110,15,0,0,0,165,48,10,strafe_left
35,151,195,130,83,38,113,128,162,61,0,0,0,387,223,120,8,0,0,44,151,18,0,0,0,313,183,44,0,0,0,12,44,0,0,0,0,0,16,0,0,0,0,0,15,0,0,0,0,0,0,0,0,0,0,0,0,16,20,0,0,0,0,81,0,0,0,0,0,47,65,0,0,0,0,253,163,27,0,0,11,149,127,0,0,0,0,54,100,9,0,0,0,159,44,3,strafe_left
12,121,176,118,78,38,117,132,181,88,0,0,0,349,215,125,19,0,0,62,181,37,0,0,0,273,175,47,0,0,0,15,48,0,0,0,0,0,4,0,0,0,0,0,5,0,0,0,0,0,0,0,0,0,0,0,0,23,23,0,0,0,0,81,0,0,0,0,0,46,64,0,0,0,0,245,157,23,0,0,7,147,127,0,0,0,0,54,102,9,0,0,0,154,44,4,strafe_left
0,77,145,106,75,42,121,139,188,104,0,0,8,290,186,111,24,0,0,65,186,40,0,0,0,176,124,23,0,0,0,3,35,0,0,0,0,0,5,0,0,0,0,0,10,0,0,0,0,0,0,0,0,0,0,0,0,20,23,0,0,0,0,60,0,0,0,0,0,44,67,0,0,0,0,220,141,20,0,0,5,154,135,0,0,0,0,33,82,5,0,0,0,162,47,7,strafe_left
0,48,118,87,66,39,130,152,206,132,0,0,12,243,162,97,13,0,0,63,201,47,7,0,0,129,100,12,0,0,0,13,51,0,0,0,0,0,0,0,0,0,0,0,11,0,0,0,0,0,0,0,0,0,0,0,0,13,20,0,0,0,0,61,0,0,0,0,0,56,76,0,0,0,0,209,131,19,0,0,5,157,132,0,0,0,0,24,69,0,0,0,0,162,48,7,strafe_left
0,50,109,77,55,23,112,128,183,100,0,0,0,254,160,89,5,0,0,57,199,46,6,0,0,155,117,26,0,0,0,20,59,0,0,0,0,0,6,0,0,0,0,0,14,0,0,0,0,0,0,0,0,0,0,0,0,18,24,0,0,0,0,61,0,0,0,0,6,58,80,0,0,0,0,211,132,21,0,0,8,161,139,0,0,0,0,19,70,0,0,0,0,163,49,11,strafe_left
0,61,118,82,59,25,117,141,198,117,0,0,0,256,161,91,8,0,0,58,199,46,0,0,0,143,115,27,0,0,0,23,58,0,0,0,0,0,0,0,0,0,0,0,6,0,0,0,0,0,0,0,0,0,0,0,0,20,26,0,0,0,0,81,0,0,0,0,8,59,82,0,0,0,0,235,149,29,0,0,5,162,141,0,0,0,0,39,85,4,0,0,0,174,53,13,strafe_left
0,64,126,93,73,43,136,158,210,132,0,0,9,257,164,93,10,0,0,58,196,43,0,0,0,122,95,12,0,0,0,7,44,0,0,0,0,0,0,0,0,0,0,0,12,0,0,0,0,0,0,0,0,0,0,0,0,13,21,0,0,0,0,86,0,0,0,0,4,56,79,0,0,0,0,250,164,36,0,0,11,167,144,0,0,0,0,51,98,16,0,0,0,174,54,17,strafe_left
0,52,117,78,49,17,112,132,187,112,0,0,0,275,168,94,7,0,0,65,202,50,15,0,0,180,132,39,0,0,0,34,78,0,0,0,0,0,0,0,0,0,0,0,5,0,0,0,0,0,0,0,0,0,0,0,0,25,26,0,0,0,0,103,19,0,0,0,7,54,73,0,0,0,0,265,169,33,0,0,4,120,98,0,0,0,0,54,88,0,0,0,0,111,17,0,strafe_left
0,0,0,0,0,0,0,19,38,0,0,0,16,165,93,0,0,0,0,29,106,10,11,0,0,314,167,45,0,0,0,59,189,0,0,0,0,0,27,0,0,0,0,0,0,0,0,0,0,0,0,31,140,373,213,178,231,328,217,0,0,0,0,135,154,91,81,18,53,121,84,0,0,0,0,208,164,38,0,0,0,67,18,0,0,0,0,22,0,0,0,0,0,0,0,0,strafe_right
14,12,19,0,0,0,14,36,53,0,0,0,16,198,102,0,0,0,0,23,102,0,0,0,0,356,175,41,0,0,0,50,180,0,0,0,0,7,34,0,0,0,0,0,9,0,0,0,0,0,0,19,131,350,198,165,218,311,213,0,0,0,0,135,152,94,85,21,58,132,98,0,0,0,0,219,175,45,0,0,0,73,29,0,0,0,0,20,0,0,0,0,0,0,0,0,strafe_right
7,0,12,0,0,0,13,37,55,0,0,0,21,202,113,8,0,0,0,33,112,5,4,0,0,331,162,33,0,0,0,43,181,0,0,0,0,0,31,0,0,0,0,0,8,0,0,0,0,0,0,0,112,326,190,159,212,317,215,0,0,0,0,117,135,85,79,20,59,132,102,0,0,0,0,189,157,41,0,0,0,75,29,0,0,0,0,25,0,0,0,0,0,0,0,0,strafe_right
0,0,0,0,0,0,0,25,48,0,0,0,13,114,71,0,0,0,0,43,136,33,43,0,0,188,126,35,0,0,0,65,246,23,0,0,0,0,18,0,0,0,0,0,0,0,0,0,0,0,0,0,92,299,178,158,211,314,221,0,0,0,0,99,113,68,69,15,57,129,102,0,0,0,0,129,115,28,0,0,0,67,19,0,0,0,0,24,0,0,0,0,0,0,0,0,strafe_right
0,0,0,0,0,0,4,30,56,7,0,0,21,92,63,0,0,0,0,49,144,38,51,0,0,123,97,9,0,0,0,57,248,21,0,0,0,0,9,0,0,0,0,0,4,0,0,0,0,0,0,0,88,291,166,152,209,326,226,0,0,0,0,94,102,64,69,16,59,137,107,0,0,0,0,124,116,27,0,0,0,68,17,0,0,0,0,23,0,0,0,0,0,0,0,0,strafe_right
0,0,0,0,0,0,0,28,56,4,0,0,12,107,66,0,0,0,0,39,136,32,46,0,0,164,118,32,0,0,0,73,265,35,0,0,0,0,9,0,0,0,0,0,0,0,0,0,0,0,0,0,108,325,185,163,217,323,213,0,0,0,0,111,125,75,70,14,54,130,91,0,0,0,0,158,129,28,0,0,0,68,20,0,0,0,0,25,0,0,0,0,0,0,0,0,strafe_right
0,0,0,0,0,0,0,26,51,0,0,0,12,167,98,5,0,0,0,45,134,37,37,0,0,290,155,39,0,0,0,52,217,0,0,0,0,0,25,0,0,0,0,0,6,0,0,0,0,0,0,60,168,381,210,170,213,290,179,0,0,0,0,147,158,84,66,10,44,102,61,0,0,0,0,241,167,28,0,0,0,59,4,0,0,0,0,34,0,0,0,0,0,0,0,0,strafe_right
15,18,26,0,0,0,9,31,48,0,0,0,12,220,115,0,0,0,0,15,83,0,0,0,0,413,194,46,0,0,0,46,158,0,0,0,0,30,40,0,0,0,0,0,15,0,0,0,0,0,0,141,235,422,215,166,196,260,154,0,0,0,4,181,207,113,76,13,47,89,50,0,0,0,0,315,201,25,0,0,0,55,0,0,0,0,0,40,0,0,0,0,0,0,0,0,strafe_right
0,0,0,0,0,0,0,16,31,0,0,0,25,173,92,0,0,0,0,13,63,0,0,0,0,260,140,24,0,0,0,28,80,0,0,0,0,0,19,0,0,0,0,0,0,0,0,0,0,0,0,171,283,520,287,206,255,338,210,0,0,0,7,202,242,148,99,21,57,107,60,0,0,0,0,316,206,37,0,0,0,51,0,0,0,0,0,29,0,0,0,0,0,0,0,0,strafe_right
10,0,0,0,0,0,9,30,48,0,0,0,21,117,61,0,0,0,0,4,61,0,0,0,0,183,109,8,0,0,0,27,115,0,0,0,0,0,18,0,0,0,0,0,9,0,0,0,0,0,0,94,198,463,280,217,257,350,236,0,0,0,0,145,192,128,103,27,62,125,81,0,0,0,0,214,163,29,0,0,0,48,0,0,0,0,0,25,0,0,0,0,0,0,0,0,strafe_right
10,0,0,0,0,0,7,27,45,0,0,0,11,98,50,0,0,0,0,0,67,0,0,0,0,165,102,6,0,0,0,31,143,0,0,0,0,0,14,0,0,0,0,0,13,0,0,0,0,0,0,70,186,486,300,245,292,395,266,0,0,0,0,130,174,113,97,23,57,125,79,0,0,0,0,179,145,28,0,0,0,54,0,0,0,0,0,22,0,0,0,0,0,0,0,0,strafe_right
0,0,0,0,0,0,0,8,26,0,0,0,12,34,17,0,0,0,0,5,75,0,0,0,0,57,57,0,0,0,0,30,169,0,0,0,0,0,8,0,0,0,0,0,15,0,0,0,0,0,0,18,144,436,286,252,305,433,286,0,0,0,0,94,136,98,97,30,64,134,91,0,0,0,0,122,110,20,0,0,0,64,6,0,0,0,0,20,0,0,0,0,0,0,0,0,strafe_right
0,0,0,0,0,0,0,16,40,0,0,0,20,69,39,0,0,0,0,17,92,11,15,0,0,95,78,0,0,0,0,36,176,0,0,0,0,0,0,0,0,0,0,0,0,0,0,0,0,0,0,49,191,476,298,254,312,440,280,0,0,0,0,133,180,120,107,39,71,140,90,0,0,0,0,175,141,32,0,0,0,62,3,0,0,0,0,20,0,0,0,0,0,0,0,0,strafe_right
0,0,0,0,0,0,4,24,44,0,0,0,14,59,30,0,0,0,0,4,78,0,0,0,0,85,70,0,0,0,0,33,187,0,0,0,0,0,0,0,0,0,0,0,13,0,0,0,0,0,0,71,208,502,306,265,321,449,279,0,0,0,0,132,175,112,102,32,64,130,78,0,0,0,0,179,142,27,0,0,0,56,0,0,0,0,0,24,0,0,0,0,0,0,0,0,strafe_right
0,0,0,0,0,0,0,13,36,0,0,0,17,75,42,0,0,0,0,15,91,6,9,0,0,108,88,6,0,0,0,43,184,0,0,0,0,0,0,0,0,0,0,0,0,0,0,0,0,0,0,99,227,528,306,257,316,426,244,0,0,0,0,149,189,122,104,33,64,121,71,0,0,0,0,216,156,24,0,0,0,48,0,0,0,0,0,23,0,0,0,0,0,0,0,0,strafe_right
0,0,0,0,0,0,0,10,27,0,0,0,8,73,32,0,0,0,0,0,62,0,0,0,0,131,85,0,0,0,0,29,175,0,0,0,0,0,7,0,0,0,0,0,12,0,0,0,0,0,0,197,311,558,310,258,299,356,192,0,0,0,0,186,245,146,101,21,51,95,46,0,0,0,0,295,190,11,0,0,0,36,0,0,0,0,0,29,0,0,0,0,0,0,0,0,strafe_right
0,0,0,0,0,0,0,0,21,0,0,0,18,89,46,0,0,0,0,13,65,0,3,0,0,148,95,0,0,0,0,23,132,0,0,0,0,0,0,0,0,0,0,0,0,0,0,0,0,0,0,211,337,584,347,281,333,404,212,0,0,0,10,196,252,149,107,27,60,101,52,0,0,0,0,287,182,6,0,0,0,31,0,0,0,0,0,23,0,0,0,0,0,0,0,0,strafe_right
0,0,0,0,0,0,0,5,19,0,0,0,8,90,39,0,0,0,0,0,42,0,0,0,0,190,103,0,0,0,0,16,110,0,0,0,0,0,9,0,0,0,0,0,10,0,0,0,0,0,0,201,347,612,388,303,342,436,198,0,0,0,3,179,242,136,101,22,57,103,27,0,0,0,0,262,169,0,0,0,0,31,0,0,0,0,0,25,0,0,0,0,0,0,0,0,strafe_right
0,0,0,0,0,0,0,0,11,0,0,0,15,118,59,0,0,0,0,0,43,0,0,0,0,236,127,8,0,0,0,21,82,0,0,0,0,0,6,0,0,0,0,0,0,0,0,0,0,0,0,196,333,613,384,320,353,466,228,0,0,0,10,181,242,142,110,32,67,123,54,0,0,0,0,244,167,0,0,0,0,41,0,0,0,0,0,23,0,0,0,0,0,0,0,0,strafe_right
0,0,0,0,0,0,0,14,28,0,0,0,7,71,36,0,0,0,0,10,84,0,8,0,0,129,103,12,0,0,0,57,306,38,0,0,0,0,16,0,0,0,0,0,12,0,0,0,0,0,0,85,201,492,340,292,333,420,207,0,0,0,0,96,130,74,73,13,47,87,37,0,0,0,0,120,66,0,0,0,0,32,0,0,0,0,0,8,0,0,0,0,0,0,0,0,strafe_right
0,0,0,0,0,0,0,13,33,0,0,0,14,101,58,0,0,0,0,35,116,20,32,0,0,163,120,23,0,0,0,62,316,42,0,0,0,0,9,0,0,0,0,0,0,0,0,0,0,0,0,67,170,453,292,262,300,401,198,0,0,0,0,88,118,67,64,9,43,89,42,0,0,0,0,119,70,0,0,0,0,39,0,0,0,0,0,10,0,0,0,0,0,0,0,0,strafe_right
0,0,0,0,0,0,5,25,44,0,0,0,10,126,67,0,0,0,0,20,103,0,9,0,0,220,136,29,0,0,0,63,327,45,0,0,0,4,25,0,0,0,0,0,10,0,0,0,0,0,0,45,152,423,275,248,297,397,211,0,0,0,0,80,100,60,66,12,45,91,46,0,0,0,0,103,62,0,0,0,0,34,0,0,0,0,0,8,0,0,0,0,0,0,0,0,strafe_right
0,0,0,0,0,0,0,13,26,0,0,0,0,75,34,0,0,0,0,3,71,0,4,0,0,128,87,0,0,0,0,36,158,0,0,0,0,0,13,0,0,0,0,0,11,0,0,0,0,0,0,148,256,510,294,236,281,381,252,0,0,0,5,176,219,144,113,37,76,143,100,0,0,0,0,265,185,44,0,0,0,70,10,0,0,0,0,24,0,0,0,0,0,0,0,0,strafe_right
0,0,0,0,0,0,0,0,24,0,0,0,3,84,45,0,0,0,0,17,87,0,12,0,0,142,95,4,0,0,0,43,162,0,0,0,0,0,14,0,0,0,0,0,5,0,0,0,0,0,0,171,279,525,295,231,271,358,229,0,0,0,4,188,231,146,110,34,73,140,98,0,0,0,0,296,193,41,0,0,0,70,8,0,0,0,0,23,0,0,0,0,0,0,0,0,strafe_right
0,0,0,0,0,0,0,15,38,0,0,0,5,160,91,0,0,0,0,31,117,18,36,0,0,359,190,62,0,0,0,85,386,66,0,0,0,32,52,0,0,0,0,0,0,0,0,0,0,0,0,142,200,394,196,151,174,241,165,0,0,0,0,166,192,114,76,11,54,108,71,0,0,0,0,299,192,42,0,0,0,70,11,0,0,0,0,30,0,0,0,0,0,0,0,0,strafe_right
0,0,7,0,0,0,69,108,192,159,11,0,0,0,8,0,0,0,0,71,299,94,79,0,0,0,28,0,0,0,0,54,173,0,0,0,0,0,0,0,0,0,0,0,13,0,0,0,0,0,0,0,0,34,0,12,34,121,133,0,0,0,0,46,34,7,21,0,62,143,168,0,0,0,0,104,67,28,0,0,0,134,93,0,0,0,0,15,0,0,0,0,0,61,0,0,forward
0,0,0,0,0,0,36,83,158,137,0,0,0,0,7,0,0,0,0,79,311,107,101,0,0,0,33,0,0,0,0,68,232,24,0,0,0,0,0,0,0,0,0,0,14,0,0,0,0,0,0,0,0,33,0,18,38,135,144,0,0,0,0,24,12,0,18,0,61,150,177,0,0,0,0,72,43,8,0,0,0,133,96,0,0,0,0,9,0,0,0,0,0,56,0,0,forward
0,0,0,0,0,0,0,48,109,102,0,0,0,0,0,0,0,0,0,64,312,112,125,0,0,0,0,0,0,0,0,63,309,65,0,0,0,0,0,0,0,0,0,0,8,0,0,0,0,0,0,0,0,0,0,8,41,184,208,41,0,0,0,0,0,0,0,0,67,217,314,0,0,0,0,0,0,0,0,0,0,171,141,21,0,0,0,0,0,0,0,0,0,76,0,0,forward
0,0,0,0,0,0,7,58,125,121,6,0,0,0,0,0,0,0,0,67,317,120,139,0,0,0,0,0,0,0,0,41,286,45,0,0,0,0,0,0,0,0,0,0,7,0,0,0,0,0,0,0,0,0,0,7,42,195,223,47,0,0,0,0,0,0,0,0,64,237,338,0,0,0,0,0,0,0,0,0,0,184,159,26,0,0,0,0,0,0,0,0,0,80,0,0,forward
0,0,0,0,0,0,0,47,117,116,0,0,0,0,0,0,0,0,0,59,314,112,132,0,0,0,0,0,0,0,0,55,301,57,0,0,0,0,0,0,0,0,0,0,11,0,0,0,0,0,0,0,0,0,0,8,41,188,215,45,0,0,0,0,0,0,0,0,75,237,334,0,0,0,0,0,0,0,0,0,0,188,158,27,0,0,0,0,0,0,0,0,0,87,0,0,forward
0,0,0,0,0,0,7,53,113,104,0,0,0,0,0,0,0,0,0,76,302,116,135,0,0,0,0,0,0,0,0,69,348,66,0,0,0,0,0,0,0,0,0,0,4,0,0,0,0,0,0,0,0,0,0,16,46,180,200,40,0,0,0,0,0,0,0,0,69,221,298,0,0,0,0,0,0,0,0,0,0,191,154,33,0,0,0,0,0,0,0,0,0,100,0,0,forward
0,0,0,0,0,0,0,0,0,0,0,0,0,0,0,0,0,0,0,0,0,0,0,0,0,0,0,0,0,0,0,0,0,0,0,0,0,0,0,0,0,0,0,0,0,0,0,0,0,0,0,0,0,0,0,0,0,0,0,0,0,0,0,0,0,0,0,0,0,0,0,0,0,0,0,0,0,0,0,0,0,0,0,0,0,0,0,0,0,0,0,0,0,0,0,0,none
0,0,0,0,0,0,0,0,0,0,0,0,0,0,0,0,0,0,0,0,0,0,0,0,0,0,0,0,0,0,0,0,0,0,0,0,0,0,0,0,0,0,0,0,0,0,0,0,0,0,0,0,0,0,0,0,0,0,0,0,0,0,0,0,0,0,0,0,0,0,0,0,0,0,0,0,0,0,0,0,0,0,0,0,0,0,0,0,0,0,0,0,0,0,0,0,none
0,0,0,0,0,0,0,0,0,0,0,0,0,0,0,0,0,0,0,0,0,0,0,0,0,0,0,0,0,0,0,0,0,0,0,0,0,0,0,0,0,0,0,0,0,0,0,0,0,0,0,0,0,0,0,0,0,0,0,0,0,0,0,0,0,0,0,0,0,0,0,0,0,0,0,0,0,0,0,0,0,0,0,0,0,0,0,0,0,0,0,0,0,0,0,0,none
0,0,0,0,0,0,0,0,0,0,0,0,0,0,0,0,0,0,0,0,0,0,0,0,0,0,0,0,0,0,0,0,0,0,0,0,0,0,0,0,0,0,0,0,0,0,0,0,0,0,0,0,0,0,0,0,0,0,0,0,0,0,0,0,0,0,0,0,0,0,0,0,0,0,0,0,0,0,0,0,0,0,0,0,0,0,0,0,0,0,0,0,0,0,0,0,none
0,0,0,0,0,0,0,0,0,0,0,0,0,0,0,0,0,0,0,0,0,0,0,0,0,0,0,0,0,0,0,0,0,0,0,0,0,0,0,0,0,0,0,0,0,0,0,0,0,0,0,0,0,0,0,0,0,0,0,0,0,0,0,0,0,0,0,0,0,0,0,0,0,0,0,0,0,0,0,0,0,0,0,0,0,0,0,0,0,0,0,0,0,0,0,0,none
0,0,0,0,0,0,0,0,0,0,0,0,0,0,0,0,0,0,0,0,0,0,0,0,0,0,0,0,0,0,0,0,0,0,0,0,0,0,0,0,0,0,0,0,0,0,0,0,0,0,0,0,0,0,0,0,0,0,0,0,0,0,0,0,0,0,0,0,0,0,0,0,0,0,0,0,0,0,0,0,0,0,0,0,0,0,0,0,0,0,0,0,0,0,0,0,none
0,0,0,0,0,0,0,0,0,0,0,0,0,0,0,0,0,0,0,0,0,0,0,0,0,0,0,0,0,0,0,0,0,0,0,0,0,0,0,0,0,0,0,0,0,0,0,0,0,0,0,0,0,0,0,0,0,0,0,0,0,0,0,0,0,0,0,0,0,0,0,0,0,0,0,0,0,0,0,0,0,0,0,0,0,0,0,0,0,0,0,0,0,0,0,0,none
0,0,0,0,0,0,0,0,0,0,0,0,0,0,0,0,0,0,0,0,0,0,0,0,0,0,0,0,0,0,0,0,0,0,0,0,0,0,0,0,0,0,0,0,0,0,0,0,0,0,0,0,0,0,0,0,0,0,0,0,0,0,0,0,0,0,0,0,0,0,0,0,0,0,0,0,0,0,0,0,0,0,0,0,0,0,0,0,0,0,0,0,0,0,0,0,none
0,0,4,0,0,0,0,4,6,0,0,0,0,0,49,68,0,0,0,0,34,49,0,0,0,0,51,0,0,0,0,0,24,0,0,0,0,0,0,0,0,0,0,0,0,0,0,0,0,0,0,0,0,0,0,0,34,15,0,0,0,0,30,0,0,0,0,0,22,4,0,0,0,0,53,12,0,0,0,0,14,0,0,0,0,0,58,0,0,0,0,0,0,0,0,0,none
0,0,11,0,0,0,0,0,29,0,0,0,0,0,42,30,0,0,0,0,33,52,0,0,0,0,45,0,0,0,0,0,31,0,0,0,0,0,0,0,0,0,0,0,16,0,0,0,0,0,0,0,0,0,0,0,38,9,0,0,0,0,52,62,0,0,0,0,25,5,0,0,0,0,61,15,0,0,0,0,14,0,0,0,0,0,60,0,0,0,0,0,0,0,0,0,none
0,0,0,0,0,0,0,0,0,0,0,0,0,0,19,0,0,0,0,0,0,26,0,0,0,25,65,45,0,0,0,0,16,0,0,0,0,35,90,27,0,0,0,0,27,12,0,0,0,0,0,0,0,0,0,0,42,11,0,0,0,0,72,101,0,0,0,0,0,0,0,0,0,0,74,0,0,0,0,0,0,0,0,0,0,0,0,0,0,0,0,0,0,0,0,0,strafe_right
0,0,0,0,0,0,0,0,0,0,0,0,0,0,15,0,0,0,0,0,0,21,0,0,0,16,61,40,0,0,0,0,20,0,0,0,0,42,98,42,0,0,0,0,36,23,0,0,0,0,0,0,0,0,0,0,37,9,0,0,0,0,63,90,0,0,0,0,0,0,0,0,0,0,76,0,0,0,0,0,0,0,0,0,0,0,0,0,0,0,0,0,0,0,0,0,strafe_right
0,0,0,0,0,0,0,0,12,0,0,0,0,0,16,0,0,0,0,0,11,35,0,0,0,19,59,41,0,0,0,0,19,0,0,0,0,23,84,27,0,0,0,0,28,12,0,0,0,0,0,0,0,0,0,0,40,10,0,0,0,0,64,93,0,0,0,0,0,0,0,0,0,0,71,0,0,0,0,0,0,0,0,0,0,0,0,0,0,0,0,0,0,0,0,0,strafe_right
0,0,0,0,0,0,0,0,8,0,0,0,0,0,9,0,0,0,0,0,3,26,0,0,0,16,59,41,0,0,0,0,22,0,0,0,0,37,97,42,0,0,0,0,37,18,0,0,0,0,0,0,0,0,0,0,34,5,0,0,0,0,61,93,0,0,0,0,0,0,0,0,0,0,74,0,0,0,0,0,0,0,0,0,0,0,0,0,0,0,0,0,0,0,0,0,strafe_right
0,0,0,0,0,0,0,0,0,0,0,0,0,0,13,0,0,0,0,0,0,15,0,0,0,14,61,49,0,0,0,0,18,0,0,0,0,45,89,35,0,0,0,0,36,25,0,0,0,0,0,0,0,0,0,45,80,0,0,0,0,0,24,31,0,0,0,0,0,0,0,0,0,0,49,0,0,0,0,0,0,0,0,0,0,0,7,0,0,0,0,0,0,0,0,0,strafe_right
0,0,0,0,0,0,0,0,40,0,0,0,0,0,20,0,0,0,0,0,22,51,0,0,0,0,38,36,0,0,0,0,23,0,0,0,0,0,62,16,0,0,0,0,29,20,0,0,0,0,0,0,0,0,0,28,64,0,0,0,0,0,10,16,0,0,0,0,0,0,0,0,0,0,0,0,0,0,0,0,0,0,0,0,0,0,0,0,0,0,0,0,0,0,0,0,strafe_right
0,0,0,0,0,0,0,72,125,0,0,0,0,117,110,0,0,0,0,57,121,258,23,0,0,130,151,196,8,0,0,53,141,34,22,0,0,129,127,22,0,0,0,13,212,8,0,0,0,0,0,0,0,0,26,82,122,76,0,0,0,0,73,171,18,13,45,33,126,100,0,0,0,16,90,46,0,0,0,0,53,26,0,0,0,249,190,100,0,0,0,0,0,0,0,0,none
0,0,0,0,0,0,0,70,118,0,0,0,0,117,119,0,0,0,0,58,131,268,24,0,0,125,150,201,9,0,0,52,146,40,23,0,0,129,133,37,0,0,0,30,230,22,0,0,0,0,0,0,0,0,14,65,110,64,0,0,0,0,59,146,0,10,44,38,128,106,0,0,0,12,90,44,0,0,0,0,51,26,0,0,0,199,164,83,0,0,0,0,0,0,0,0,none
0,0,0,0,0,15,15,84,149,0,0,0,0,143,142,19,0,0,0,61,136,309,7,0,0,136,162,220,15,0,0,51,149,45,0,0,9,152,142,43,0,0,0,24,218,27,0,0,0,0,0,0,0,0,15,51,101,67,0,0,0,0,49,100,0,7,40,33,131,108,0,0,0,0,84,33,0,0,0,0,59,37,0,0,0,217,161,83,0,0,0,0,4,0,0,0,none
0,83,93,0,0,0,0,59,125,0,0,0,21,238,196,44,0,0,0,23,83,81,0,0,0,207,223,370,32,0,0,33,130,39,0,0,0,91,91,7,0,0,0,16,86,0,0,0,0,45,275,203,0,0,0,114,86,38,0,0,0,35,170,157,7,0,0,0,80,222,0,0,0,0,172,137,0,0,0,10,142,155,0,0,0,0,0,0,0,0,0,0,130,134,13,0,none
0,26,38,0,0,0,0,57,134,0,0,0,18,246,191,39,0,0,0,33,93,86,0,0,0,231,227,365,51,0,0,40,140,39,0,0,0,195,162,48,0,0,0,26,98,16,0,0,0,0,146,56,0,0,0,99,56,7,0,0,0,45,166,138,0,0,0,3,71,162,0,0,0,30,186,147,0,0,0,13,122,115,0,0,0,0,79,38,0,0,0,0,121,95,0,4,none
0,49,52,0,0,0,0,54,129,0,0,0,17,273,208,43,0,0,0,30,82,72,0,0,0,260,248,361,42,0,0,37,134,32,0,0,0,221,171,47,0,0,0,22,86,0,0,0,0,4,226,108,0,0,0,97,58,8,0,0,0,65,175,154,0,0,0,0,76,175,0,0,0,20,189,150,0,0,0,4,125,121,0,0,0,0,51,24,0,0,0,0,118,90,0,7,none
0,53,51,0,0,0,0,57,135,0,0,0,17,268,206,43,0,0,0,31,84,76,0,0,0,256,248,365,45,0,0,35,136,33,0,0,0,220,170,42,0,0,0,20,85,0,0,0,0,7,237,115,0,0,0,100,62,11,0,0,0,66,179,156,0,0,0,0,74,170,0,0,0,18,191,152,0,0,0,0,124,121,0,0,0,0,54,26,0,0,0,0,118,91,0,8,none
0,52,49,0,0,0,0,57,130,0,0,0,18,273,209,43,0,0,0,31,81,72,0,0,0,252,239,347,32,0,0,30,124,24,0,0,0,220,167,41,0,0,0,15,78,0,0,0,0,17,247,129,0,0,0,102,59,12,0,0,0,71,189,170,0,0,0,0,77,179,0,0,0,14,195,163,0,0,0,5,132,128,0,0,0,0,56,27,0,0,0,0,125,97,0,12,none
0,55,53,0,0,0,0,55,123,0,0,0,15,285,212,42,0,0,0,28,78,66,0,0,0,266,248,353,33,0,0,31,121,22,0,0,0,227,171,42,0,0,0,16,74,0,0,0,0,17,249,119,0,0,0,91,53,0,0,0,0,78,196,173,0,0,0,0,72,164,0,0,0,33,213,175,0,0,0,6,125,118,0,0,0,0,61,27,0,0,0,0,121,92,0,8,none
0,17,32,0,0,0,0,58,147,0,0,0,8,187,166,35,0,0,0,33,89,82,0,0,0,194,204,367,58,0,0,42,148,38,0,0,0,147,142,42,0,0,0,25,98,18,0,0,0,0,161,78,0,0,0,84,46,0,0,0,0,23,141,118,0,0,0,0,66,169,0,0,0,0,164,122,0,0,0,3,127,130,0,0,0,0,52,26,0,0,0,0,135,111,15,31,none
0,18,35,0,0,0,0,59,157,0,0,0,10,202,176,43,0,0,0,33,94,91,0,0,0,207,212,379,62,0,0,46,168,52,0,0,0,134,136,37,0,0,0,23,110,29,0,0,0,0,136,54,0,0,0,83,43,0,0,0,0,16,119,99,0,0,0,0,61,162,0,0,0,0,140,100,0,0,0,0,122,124,0,0,0,0,45,22,0,0,0,0,128,105,14,35,none
0,47,56,0,0,0,0,57,141,0,0,0,11,265,208,50,0,0,0,33,87,84,0,0,0,265,249,388,51,0,0,45,151,41,0,0,0,197,161,44,0,0,0,20,90,12,0,0,0,0,174,70,0,0,0,80,40,0,0,0,0,39,145,122,0,0,0,0,58,152,0,0,0,21,170,120,0,0,0,0,104,104,0,0,0,0,52,24,0,0,0,0,113,88,0,19,none
0,72,75,0,0,0,0,54,131,0,0,0,16,302,229,53,0,0,0,29,76,65,0,0,0,311,285,384,38,0,0,37,119,25,0,0,0,243,180,37,0,0,0,13,67,0,0,0,0,8,207,89,0,0,0,77,39,0,0,0,0,64,173,143,0,0,0,0,59,141,0,0,0,17,190,149,0,0,0,0,106,97,0,0,0,0,59,26,0,0,0,0,110,82,0,7,none
0,52,63,0,0,0,0,56,133,0,0,0,14,290,217,52,0,0,0,31,80,71,0,0,0,285,268,392,47,0,0,43,135,36,0,0,0,233,181,48,0,0,0,20,82,0,0,0,0,0,207,92,0,0,0,80,41,0,0,0,0,63,174,147,0,0,0,0,64,151,0,0,0,20,195,151,0,0,0,0,118,111,0,0,0,0,65,31,0,0,0,0,131,105,8,26,none
0,40,58,0,0,0,0,62,150,0,0,0,9,261,204,49,0,0,0,33,93,89,0,0,0,252,251,393,59,0,0,48,145,42,0,0,0,202,173,50,0,0,0,27,98,18,0,0,0,0,187,81,0,0,0,75,34,0,0,0,0,43,157,137,0,0,0,0,62,158,0,0,0,7,187,145,0,0,0,0,126,124,0,0,0,0,61,32,0,0,0,0,134,113,10,31,none
0,49,62,0,0,0,0,55,147,0,0,0,11,289,221,55,0,0,0,36,98,92,0,0,0,268,264,406,61,0,0,51,154,48,0,0,0,213,176,51,0,0,0,27,95,14,0,0,0,0,183,76,0,0,0,73,37,0,0,0,0,46,158,135,0,0,0,0,63,156,0,0,0,8,186,138,0,0,0,0,117,111,0,0,0,0,58,29,0,0,0,0,128,104,5,32,none
0,55,70,0,0,0,0,61,155,0,0,0,9,294,227,60,0,0,0,38,103,96,0,0,0,263,263,407,62,0,0,48,154,45,0,0,0,204,172,47,0,0,0,25,97,16,0,0,0,0,178,75,0,0,0,71,37,0,0,0,0,48,159,136,0,0,0,0,62,153,0,0,0,4,183,136,0,0,0,0,114,107,0,0,0,0,60,31,0,0,0,0,130,106,7,34,none
0,62,74,0,0,0,0,64,158,0,0,0,14,302,230,60,0,0,0,37,99,95,0,0,0,277,269,409,59,0,0,49,154,44,0,0,0,213,176,49,0,0,0,26,96,15,0,0,0,0,187,76,0,0,0,68,34,0,0,0,0,55,163,135,0,0,0,0,59,146,0,0,0,18,191,141,0,0,0,0,110,104,0,0,0,0,63,30,0,0,0,0,120,94,5,20,none
0,71,77,0,0,0,0,62,157,0,0,0,16,319,237,62,0,0,0,39,100,93,0,0,0,290,280,416,62,0,0,51,154,47,0,0,0,228,180,52,0,0,0,27,96,5,0,0,0,5,210,89,0,0,0,74,37,0,0,0,0,65,174,145,0,0,0,0,58,143,0,0,0,26,195,144,0,0,0,0,109,98,0,0,0,0,64,29,0,0,0,0,122,94,4,21,none
0,72,81,0,0,0,0,64,158,0,0,0,13,327,246,63,0,0,0,38,98,90,0,0,0,304,287,417,56,0,0,48,147,41,0,0,0,243,188,58,0,0,0,27,91,3,0,0,0,6,209,87,0,0,0,68,32,0,0,0,0,64,173,144,0,0,0,0,59,142,0,0,0,31,202,149,0,0,0,0,114,104,0,0,0,0,66,32,0,0,0,0,125,97,5,19,none
0,73,76,0,0,0,0,59,156,0,0,0,12,334,246,63,0,0,0,39,101,92,0,0,0,312,292,425,64,0,0,53,150,45,0,0,0,246,191,58,0,0,0,26,89,0,0,0,0,6,213,91,0,0,0,70,37,0,0,0,0,66,175,147,0,0,0,0,62,145,0,0,0,32,202,148,0,0,0,0,111,101,0,0,0,0,61,29,0,0,0,0,123,94,4,20,none
0,71,76,0,0,0,0,64,160,0,0,0,15,327,243,63,0,0,0,40,101,96,0,0,0,304,287,426,59,0,0,52,161,48,0,0,0,243,190,57,0,0,0,29,99,9,0,0,0,4,207,85,0,0,0,64,31,0,0,0,0,60,170,143,0,0,0,0,59,146,0,0,0,24,199,148,0,0,0,0,115,104,0,0,0,0,66,34,0,0,0,0,129,101,7,24,none
0,72,75,0,0,0,0,64,159,0,0,0,13,320,235,59,0,0,0,37,102,98,0,0,0,287,277,421,66,0,0,52,163,48,0,0,0,228,184,55,0,0,0,31,104,18,0,0,0,0,168,71,0,0,0,59,28,0,0,0,0,40,147,126,0,0,0,0,59,147,0,0,0,0,182,139,0,0,0,0,122,118,0,0,0,0,64,35,0,0,0,0,136,113,12,34,none
0,65,71,0,0,0,0,63,159,0,0,0,12,287,219,56,0,0,0,38,104,97,0,0,0,269,266,413,64,0,0,52,167,51,0,0,0,211,177,50,0,0,0,33,107,26,0,0,0,0,150,58,0,0,0,61,26,0,0,0,0,32,144,125,0,0,0,0,61,156,0,0,0,0,171,133,0,0,0,0,127,123,0,0,0,0,60,35,0,0,0,0,137,119,13,33,none
0,46,59,0,0,0,0,60,157,0,0,0,8,263,207,53,0,0,0,41,106,102,0,0,0,253,253,406,65,0,0,53,163,50,0,0,0,195,171,48,0,0,0,27,109,25,0,0,0,0,148,63,0,0,0,72,36,0,0,0,0,25,134,119,0,0,0,0,61,164,0,0,0,0,155,124,0,0,0,0,123,124,0,0,0,0,56,36,0,0,0,0,143,124,23,40,none
0,32,45,0,0,0,0,59,156,0,0,0,5,225,192,48,0,0,0,40,105,103,0,0,0,232,237,394,62,0,0,51,162,50,0,0,0,170,159,44,0,0,0,27,106,26,0,0,0,0,131,57,0,0,0,72,38,0,0,0,0,14,125,111,0,0,0,0,62,169,0,0,0,0,148,113,0,0,0,0,131,130,0,0,0,0,52,33,0,0,0,0,148,131,25,44,none
0,29,43,0,0,0,0,56,152,0,0,0,0,229,191,44,0,0,0,38,102,104,0,0,0,233,235,390,61,0,0,52,163,51,0,0,0,176,162,47,0,0,0,27,109,28,0,0,0,0,127,54,0,0,0,73,35,0,0,0,0,13,127,110,0,0,0,0,67,172,0,0,0,0,154,118,0,0,0,3,133,138,0,0,0,0,50,30,0,0,0,0,144,126,21,45,none
0,21,36,0,0,0,0,56,152,0,0,0,0,225,184,40,0,0,0,36,102,103,0,0,0,222,225,382,63,0,0,51,162,51,0,0,0,170,161,49,0,0,0,28,107,27,0,0,0,0,139,62,0,0,0,75,38,0,0,0,0,18,133,115,0,0,0,0,70,179,0,0,0,0,160,126,0,0,0,5,138,146,0,0,0,0,48,33,0,0,0,0,145,128,24,49,none
0,39,47,0,0,0,0,56,146,0,0,0,9,223,189,38,0,0,0,31,86,84,0,0,0,235,241,392,61,0,0,46,148,44,0,0,0,192,164,47,0,0,0,24,106,24,0,0,0,0,164,66,0,0,0,73,36,0,0,0,0,33,155,135,0,0,0,0,66,173,0,0,0,11,180,137,0,0,0,8,124,133,0,0,0,0,66,34,0,0,0,0,157,138,36,63,none
14,230,155,0,0,0,0,61,68,0,0,0,126,422,321,65,0,0,0,28,43,6,0,0,60,446,372,365,0,0,0,0,79,0,0,0,24,347,227,26,0,0,0,0,36,0,0,0,0,176,415,267,0,0,0,120,79,0,0,0,0,147,249,186,0,0,0,3,43,44,0,0,0,24,208,133,0,0,0,0,38,0,0,0,0,0,16,0,0,0,0,0,0,0,0,0,backward
15,190,139,0,0,0,0,54,62,0,0,0,113,417,319,62,0,0,0,28,43,10,0,0,53,441,368,373,0,0,0,0,77,0,0,0,23,353,234,27,0,0,0,0,39,0,0,0,0,204,442,279,0,0,0,126,86,0,0,0,0,172,266,196,0,0,0,6,46,45,0,0,0,35,220,142,0,0,0,0,36,0,0,0,0,0,15,0,0,0,0,0,0,0,0,0,backward
31,229,141,0,0,0,0,44,38,0,0,0,157,425,335,63,0,0,0,28,34,0,0,0,67,462,388,350,0,0,0,0,53,0,0,0,34,387,240,21,0,0,0,0,30,0,0,0,0,215,457,281,0,4,0,116,80,0,0,0,0,173,271,197,0,0,0,0,40,35,0,0,0,29,225,143,0,0,0,0,30,0,0,0,0,0,17,0,0,0,0,0,0,0,0,0,backward
47,243,137,0,0,0,0,41,31,0,0,0,161,425,334,54,0,0,0,21,7,0,0,0,102,466,393,334,0,0,0,0,35,0,0,0,31,381,229,14,0,0,0,0,16,0,0,0,0,246,477,289,0,0,0,115,77,0,0,0,0,205,286,206,0,0,0,4,36,20,0,0,0,33,237,149,0,0,0,0,27,0,0,0,0,0,12,0,0,0,0,0,0,0,0,0,backward
82,250,121,0,0,0,0,0,0,0,0,0,183,426,345,34,0,0,0,5,0,0,0,0,162,493,401,278,0,0,0,0,0,0,0,0,29,403,226,0,0,0,0,0,0,0,0,0,0,266,491,247,0,0,0,78,38,0,0,0,0,217,295,209,0,0,0,0,28,0,0,0,0,54,246,147,0,0,0,0,8,0,0,0,0,0,13,0,0,0,0,0,0,0,0,0,backward
118,262,91,0,0,0,0,0,0,0,0,0,260,451,341,11,0,0,0,0,0,0,0,0,283,548,415,211,0,0,0,0,0,0,0,0,77,425,188,0,0,0,0,0,0,0,0,0,0,306,488,185,0,0,0,51,7,0,0,0,0,276,323,206,0,0,0,0,0,0,0,0,0,61,244,113,0,0,0,0,0,0,0,0,0,0,8,0,0,0,0,0,0,0,0,0,backward
150,252,61,0,0,0,0,0,0,0,0,0,326,463,311,0,0,0,0,0,0,0,0,0,388,533,379,119,0,0,0,0,0,0,0,0,81,378,138,0,0,0,0,0,0,0,0,0,0,455,507,144,0,0,0,23,0,0,0,0,0,347,352,189,0,0,0,0,0,0,0,0,0,104,262,93,0,0,0,0,0,0,0,0,0,0,0,0,0,0,0,0,0,0,0,0,backward
161,330,132,0,0,0,0,0,0,0,0,0,339,492,369,21,0,0,0,0,0,0,0,0,353,565,433,175,0,0,0,0,0,0,0,0,75,396,162,0,0,0,0,0,0,0,0,0,0,331,407,113,0,0,0,30,0,0,0,0,0,284,311,180,0,0,0,0,0,0,0,0,0,125,276,137,0,0,0,0,0,0,0,0,0,0,17,0,0,0,0,0,0,0,0,0,backward
183,416,199,0,0,0,0,0,0,0,0,0,378,527,407,43,0,0,0,0,0,0,0,0,369,622,472,204,0,0,0,0,0,0,0,0,88,424,179,0,0,0,0,0,0,0,0,0,0,157,282,53,0,0,0,25,0,0,0,0,0,173,221,126,0,0,0,0,0,0,0,0,0,88,227,114,0,0,0,0,0,0,0,0,0,0,24,0,0,0,0,0,0,0,0,0,backward
230,487,243,0,0,0,0,7,0,0,0,0,403,570,438,57,0,0,0,0,0,0,0,0,307,641,466,216,0,0,0,0,0,0,0,0,47,349,146,0,0,0,0,0,0,0,0,0,0,68,159,0,0,0,0,0,0,0,0,0,0,151,207,81,0,0,0,0,0,0,0,0,0,130,243,114,0,0,0,0,0,0,0,0,0,0,78,0,0,0,0,0,0,0,0,0,backward
244,551,285,0,0,0,0,27,4,0,0,0,428,592,473,68,0,0,0,0,0,0,0,0,331,677,482,241,0,0,0,0,0,0,0,0,52,389,169,0,0,0,0,0,0,0,0,0,0,24,126,0,0,0,0,0,0,0,0,0,0,123,186,67,0,0,0,0,0,0,0,0,0,107,208,105,0,0,0,0,0,0,0,0,0,0,78,0,0,0,0,0,0,0,0,0,backward
242,534,271,0,0,0,0,15,0,0,0,0,425,592,473,66,0,0,0,0,0,0,0,0,387,709,494,242,0,0,0,0,0,0,0,0,75,435,186,0,0,0,0,0,0,0,0,0,0,77,179,0,0,0,0,0,0,0,0,0,0,132,187,92,0,0,0,0,0,0,0,0,0,61,175,93,0,0,0,0,0,0,0,0,0,0,62,0,0,0,0,0,0,0,0,0,backward
236,446,175,0,0,0,0,0,0,0,0,0,406,584,443,32,0,0,0,0,0,0,0,0,452,722,498,224,0,0,0,0,0,0,0,0,151,495,206,0,0,0,0,0,0,0,0,0,0,186,281,72,0,0,0,12,0,0,0,0,0,173,210,122,0,0,0,0,0,0,0,0,0,65,187,79,0,0,0,0,0,0,0,0,0,0,25,0,0,0,0,0,0,0,0,0,backward
223,373,136,0,0,0,0,0,0,0,0,0,404,559,419,24,0,0,0,0,0,0,0,0,458,702,487,218,0,0,0,0,0,0,0,0,163,504,210,0,0,0,0,0,0,0,0,0,0,272,348,149,0,0,0,44,0,0,0,0,0,181,232,139,0,0,0,0,0,0,0,0,0,39,189,62,0,0,0,0,0,0,0,0,0,0,0,0,0,0,0,0,0,0,0,0,backward
177,277,105,0,0,0,0,0,0,0,0,0,377,513,376,11,0,0,0,0,0,0,0,0,451,681,474,220,0,0,0,0,0,0,0,0,168,519,223,0,0,0,0,0,0,0,0,0,0,360,434,244,0,0,0,88,22,0,0,0,0,193,233,147,0,0,0,0,0,0,0,0,0,11,182,34,0,0,0,0,0,0,0,0,0,0,0,0,0,0,0,0,0,0,0,0,backward
116,177,59,0,0,0,0,0,0,0,0,0,322,443,306,0,0,0,0,0,0,0,0,0,382,559,416,183,0,0,0,0,0,0,0,0,127,456,200,0,0,0,0,0,0,0,0,0,0,473,522,292,0,0,0,105,31,0,0,0,0,246,266,166,0,0,0,0,0,0,0,0,0,9,192,29,0,0,0,0,0,0,0,0,0,0,0,0,0,0,0,0,0,0,0,0,backward
34,70,16,0,0,0,0,0,0,0,0,0,171,292,193,0,0,0,0,0,0,0,0,0,137,305,259,101,0,0,0,0,0,0,0,0,21,239,108,0,0,0,0,0,0,0,0,0,0,695,657,310,0,0,7,94,39,0,0,0,0,460,445,272,0,0,0,12,0,0,0,0,0,77,284,89,0,0,0,0,0,0,0,0,0,0,0,0,0,0,0,0,0,0,0,0,backward
122,196,58,0,0,0,0,0,0,0,0,0,319,437,276,0,0,0,0,0,0,0,0,0,325,474,343,101,0,0,0,0,0,0,0,0,93,348,131,0,0,0,0,0,0,0,0,0,0,600,501,227,0,0,0,48,0,0,0,0,0,355,355,193,0,0,0,0,0,0,0,0,0,72,247,64,0,0,0,0,0,0,0,0,0,0,0,0,0,0,0,0,0,0,0,0,backward
78,148,37,0,0,0,0,0,0,0,0,0,239,377,248,0,0,0,0,0,0,0,0,0,282,437,335,127,0,0,0,0,0,0,0,0,96,378,149,0,0,0,0,0,0,0,0,0,0,544,467,251,0,0,0,49,0,0,0,0,0,369,400,218,0,0,0,0,0,0,0,0,0,31,229,39,0,0,0,0,0,0,0,0,0,0,0,0,0,0,0,0,0,0,0,0,backward
66,142,36,0,0,0,0,0,0,0,0,0,221,341,236,0,0,0,0,0,0,0,0,0,268,426,334,128,0,0,0,0,0,0,0,0,86,364,153,0,0,0,0,0,0,0,0,0,0,573,497,274,0,0,0,59,28,0,0,0,0,379,447,247,0,0,0,16,0,0,0,0,0,24,230,50,0,0,0,0,0,0,0,0,0,0,0,0,0,0,0,0,0,0,0,0,backward
55,125,32,0,0,0,0,0,0,0,0,0,179,306,219,0,0,0,0,0,0,0,0,0,192,379,307,124,0,0,0,0,0,0,0,0,70,308,139,0,0,0,0,0,0,0,0,0,0,607,564,305,31,0,15,82,56,0,0,0,0,408,483,258,0,0,0,23,18,0,0,0,0,21,238,58,0,0,0,0,0,0,0,0,0,0,0,0,0,0,0,0,0,0,0,0,backward
85,181,63,0,0,0,0,0,0,0,0,0,203,371,254,0,0,0,0,0,0,0,0,0,182,406,332,158,0,0,0,0,0,0,0,0,68,326,149,0,0,0,0,0,0,0,0,0,0,580,524,272,16,0,5,68,45,0,0,0,0,395,458,253,0,0,0,23,25,0,0,0,0,38,259,76,0,0,0,0,0,0,0,0,0,0,0,0,0,0,0,0,0,0,0,0,backward
109,234,95,0,0,0,0,0,0,0,0,0,307,462,312,12,0,0,0,0,0,0,0,0,314,514,392,208,0,0,0,0,0,0,0,0,100,423,182,0,0,0,0,0,0,0,0,0,0,398,371,184,0,0,0,54,30,0,0,0,0,266,346,186,0,0,0,16,16,0,0,0,0,22,213,68,0,0,0,0,0,0,0,0,0,0,0,0,0,0,0,0,0,0,0,0,backward
101,233,96,0,0,0,0,0,0,0,0,0,299,456,309,14,0,0,0,0,0,0,0,0,318,516,393,212,0,0,0,0,0,0,0,0,99,427,185,0,0,0,0,0,0,0,0,0,0,431,383,193,0,0,0,54,32,0,0,0,0,293,359,194,0,0,0,13,17,0,0,0,0,30,218,72,0,0,0,0,0,0,0,0,0,0,0,0,0,0,0,0,0,0,0,0,backward
0,82,64,0,0,0,0,50,109,0,0,0,44,287,210,48,0,0,0,31,74,66,0,0,0,299,276,338,27,0,0,39,110,20,0,0,0,230,167,23,0,0,0,11,71,0,0,0,0,36,136,23,0,0,0,26,25,0,0,0,0,87,231,135,0,0,0,0,41,105,0,0,0,30,181,126,0,0,0,5,82,58,0,0,0,0,82,10,0,0,0,0,82,36,21,0,none
0,53,41,0,0,0,0,48,119,0,0,0,30,271,200,47,0,0,0,36,92,92,0,0,0,259,254,350,47,0,0,44,129,36,0,0,0,191,153,29,0,0,0,19,81,0,0,0,0,12,95,0,0,0,0,16,12,0,0,0,0,76,213,131,0,0,0,4,41,117,0,0,0,25,173,124,0,0,0,13,97,78,0,0,0,0,89,21,0,0,0,0,105,67,48,0,none
0,49,44,0,0,0,0,50,122,12,0,0,22,261,201,49,0,0,0,36,92,102,0,0,0,249,250,350,46,0,0,46,137,41,0,0,0,186,154,34,0,0,0,19,91,0,0,0,0,11,101,0,0,0,0,18,15,0,0,0,0,67,201,126,0,0,0,0,41,118,0,0,0,29,168,122,0,0,0,11,98,78,0,0,0,0,86,18,0,0,0,0,106,70,44,0,none
0,47,42,0,0,0,0,51,124,16,0,0,24,260,202,51,5,0,0,39,94,104,0,0,0,248,249,353,48,0,0,47,136,40,0,0,0,182,152,34,0,0,0,21,91,0,0,0,0,11,100,0,0,0,0,22,19,0,0,0,0,66,200,127,0,0,0,5,44,120,0,0,0,29,167,121,0,0,0,11,96,77,0,0,0,0,82,18,0,0,0,0,107,71,47,0,none
0,49,43,0,0,0,0,51,125,16,0,0,22,258,200,49,3,0,0,36,93,104,0,0,0,248,249,355,51,0,0,48,139,43,0,0,0,183,153,35,0,0,0,24,90,0,0,0,0,10,98,0,0,0,0,18,16,0,0,0,0,63,198,124,0,0,0,0,41,117,0,0,0,30,168,123,0,0,0,12,99,80,0,0,0,0,83,21,0,0,0,0,109,73,47,0,none
0,48,42,0,0,0,0,49,128,19,0,0,25,258,202,50,6,0,0,40,95,106,0,0,0,245,249,358,53,0,0,46,139,43,0,0,0,178,151,36,0,0,0,23,94,0,0,0,0,13,97,0,0,0,0,21,19,0,0,0,0,66,201,126,0,0,0,6,44,118,0,0,0,28,166,121,0,0,0,10,95,75,0,0,0,0,81,17,0,0,0,0,105,70,44,0,none
0,51,45,0,0,0,0,52,129,18,0,0,22,262,202,50,4,0,0,37,92,104,0,0,0,253,255,359,51,0,0,48,142,44,0,0,0,188,154,36,0,0,0,24,96,0,0,0,0,15,100,0,0,0,0,18,16,0,0,0,0,63,200,124,0,0,0,3,42,118,0,0,0,30,169,124,0,0,0,13,99,79,0,0,0,0,86,20,0,0,0,0,107,70,44,0,none
0,39,33,0,0,0,0,45,114,8,0,0,21,261,199,47,0,0,0,38,90,102,0,0,0,251,253,355,49,0,0,46,133,42,0,0,0,210,166,39,0,0,0,24,97,0,0,0,0,56,154,85,9,0,0,80,86,43,0,0,0,38,162,115,5,0,0,0,68,121,0,0,0,0,118,70,0,0,0,3,76,43,0,0,0,0,3,0,0,0,0,0,31,0,0,0,none
192,565,484,380,374,440,261,307,492,62,0,0,62,293,247,106,31,0,0,38,59,0,0,0,0,53,73,0,0,0,0,0,0,0,0,0,0,0,0,0,0,0,0,0,0,0,0,0,0,0,7,0,0,0,0,0,0,0,0,0,0,0,57,0,0,0,0,0,0,17,0,0,0,0,64,17,0,0,0,0,43,11,0,0,0,0,33,0,0,0,0,0,72,32,49,0,strafe_left
228,616,506,388,384,440,262,311,493,61,0,0,64,312,250,104,24,0,0,35,51,0,0,0,0,42,68,0,0,0,0,0,0,0,0,0,0,0,0,0,0,0,0,0,0,0,0,0,0,0,5,0,0,0,0,0,0,0,0,0,0,0,58,0,0,0,0,0,0,11,0,0,0,0,65,17,0,0,0,0,44,12,0,0,0,0,35,0,0,0,0,0,73,31,48,0,strafe_left
137,407,419,364,377,443,273,324,516,75,0,0,60,234,221,102,35,0,0,38,63,0,0,0,0,41,70,8,0,0,0,0,7,0,0,0,0,0,0,0,0,0,0,0,0,0,0,0,0,0,10,0,0,0,0,0,0,0,0,0,0,0,55,0,0,0,0,0,0,14,0,0,0,0,64,14,0,0,0,0,46,14,0,0,0,0,34,0,0,0,0,0,75,37,49,0,strafe_left
67,323,324,319,370,443,290,331,510,72,0,0,39,157,159,76,29,0,0,38,69,0,0,0,0,8,49,0,0,0,0,0,6,0,0,0,0,0,0,0,0,0,0,0,0,0,0,0,0,0,5,0,0,0,0,0,0,0,0,0,0,0,49,0,0,0,0,0,0,0,0,0,0,0,55,10,0,0,0,0,31,0,0,0,0,0,19,0,0,0,0,0,57,32,12,0,strafe_left
39,266,290,312,376,456,301,343,515,75,0,0,30,129,137,63,27,0,0,39,71,4,0,0,0,0,37,0,0,0,0,0,7,0,0,0,0,0,0,0,0,0,0,0,0,0,0,0,0,0,0,0,0,0,0,0,0,0,0,0,0,0,43,0,0,0,0,0,0,0,0,0,0,0,55,9,0,0,0,0,33,4,0,0,0,0,23,0,0,0,0,0,61,43,19,0,strafe_left
35,281,292,311,375,452,303,338,511,81,0,0,33,112,127,60,27,0,0,34,66,0,0,0,0,0,37,0,0,0,0,0,6,0,0,0,0,0,0,0,0,0,0,0,0,0,0,0,0,0,5,0,0,0,0,0,0,0,0,0,0,0,42,0,0,0,0,0,0,0,0,0,0,0,55,9,0,0,0,0,33,5,0,0,0,0,19,0,0,0,0,0,64,46,25,0,strafe_left
44,292,300,321,385,467,306,353,527,82,0,0,36,119,131,63,27,0,0,35,67,5,0,0,0,0,38,0,0,0,0,0,4,0,0,0,0,0,0,0,0,0,0,0,0,0,0,0,0,0,3,0,0,0,0,0,0,0,0,0,0,0,47,0,0,0,0,0,0,0,0,0,0,0,58,12,0,0,0,0,34,5,0,0,0,0,18,0,0,0,0,0,56,37,16,0,strafe_left
65,346,332,332,387,458,295,340,519,82,0,0,34,158,153,73,29,0,0,34,67,7,0,0,0,7,42,0,0,0,0,0,0,0,0,0,0,0,0,0,0,0,0,0,0,0,0,0,0,0,5,0,0,0,0,0,0,0,0,0,0,0,51,0,0,0,0,0,0,0,0,0,0,0,60,11,0,0,0,0,33,5,0,0,0,0,20,0,0,0,0,0,61,43,20,0,strafe_left
105,408,383,349,371,422,269,307,506,79,0,0,43,189,176,81,27,0,0,32,61,0,0,0,0,18,48,0,0,0,0,0,4,0,0,0,0,0,0,0,0,0,0,0,0,0,0,0,0,0,0,0,0,0,0,0,0,0,0,0,0,0,52,0,0,0,0,0,0,0,0,0,0,0,64,17,0,0,0,0,38,10,0,0,0,0,27,0,0,0,0,0,62,41,22,0,strafe_left
142,479,427,372,407,449,289,321,478,75,0,0,38,187,164,55,0,0,0,18,32,0,0,0,0,0,32,0,0,0,0,0,0,0,0,0,0,0,0,0,0,0,0,0,0,0,0,0,0,0,0,0,0,0,0,0,0,0,0,0,0,0,57,0,0,0,0,0,0,0,0,0,0,0,70,20,0,0,0,0,37,8,0,0,0,0,30,0,0,0,0,0,72,45,17,0,strafe_left
156,479,426,355,362,395,248,286,463,64,0,0,43,226,192,73,10,0,0,22,43,0,0,0,0,16,51,0,0,0,0,0,0,0,0,0,0,0,0,0,0,0,0,0,0,0,0,0,0,0,0,0,0,0,0,0,0,0,0,0,0,0,56,0,0,0,0,0,0,0,0,0,0,0,71,22,0,0,0,0,45,19,0,0,0,0,33,0,0,0,0,0,105,86,56,0,strafe_left
0,0,0,0,0,0,0,4,10,0,0,0,4,0,0,0,0,0,0,0,8,0,0,0,0,13,20,8,0,0,0,0,35,0,0,0,0,0,7,0,0,0,0,0,36,0,0,0,0,396,559,316,403,224,212,382,381,172,0,0,0,72,257,222,52,0,0,55,113,74,0,0,0,0,131,25,0,0,0,0,55,0,0,0,0,0,0,0,0,0,0,0,0,0,0,0,strafe_right
0,0,0,0,0,0,0,7,17,0,0,0,17,22,12,0,0,0,0,0,8,0,0,0,4,60,59,61,0,0,0,0,47,0,0,0,0,61,54,0,0,0,0,10,62,0,0,0,0,357,521,279,256,123,101,261,225,115,0,0,0,117,271,224,56,0,0,51,103,78,0,0,0,0,175,62,0,0,0,0,60,0,0,0,0,0,0,0,0,0,0,0,0,0,0,0,strafe_right
0,0,0,0,0,0,0,4,14,0,0,0,17,19,11,0,0,0,0,0,10,0,0,0,0,61,59,62,0,0,0,0,50,0,0,0,0,61,53,0,0,0,0,13,70,0,0,0,0,306,498,268,262,129,106,275,247,129,0,0,0,100,256,214,60,0,0,52,107,81,0,0,0,0,170,64,0,0,0,0,59,0,0,0,0,0,0,0,0,0,0,0,0,0,0,0,strafe_right
0,0,0,0,0,0,0,12,22,0,0,0,17,14,6,0,0,0,0,0,11,0,0,0,0,57,56,62,0,0,0,0,59,0,0,0,0,50,56,4,0,0,0,24,105,0,0,0,0,190,407,216,255,136,119,293,280,151,0,0,0,48,202,181,65,0,0,60,124,91,0,0,0,0,149,62,0,0,0,0,69,0,0,0,0,0,0,0,0,0,0,0,0,0,0,0,strafe_right
0,0,0,0,0,0,0,8,16,0,0,0,6,0,0,0,0,0,0,0,12,0,0,0,0,31,41,24,0,0,0,0,42,0,0,0,0,23,35,0,0,0,0,0,47,0,0,0,0,410,616,340,310,144,114,303,263,150,0,0,0,161,374,302,108,0,0,74,140,112,0,0,0,0,230,106,0,0,0,0,80,12,0,0,0,0,0,0,0,0,0,0,0,0,0,0,strafe_right
0,0,0,0,0,0,0,10,17,0,0,0,8,0,0,0,0,0,0,0,13,0,0,0,0,31,42,20,0,0,0,0,41,0,0,0,0,23,36,0,0,0,0,0,45,0,0,0,0,444,627,339,314,145,114,309,266,150,0,0,0,166,380,305,110,0,0,79,143,118,0,0,0,0,235,110,0,0,0,0,84,16,0,0,0,0,0,0,0,0,0,0,0,0,0,0,strafe_right
0,0,0,0,0,0,0,11,19,0,0,0,6,0,0,0,0,0,0,0,10,0,0,0,0,31,42,21,0,0,0,0,43,0,0,0,0,20,35,0,0,0,0,0,41,0,0,0,0,475,646,352,323,147,115,306,264,152,0,0,0,187,394,315,112,0,0,79,136,111,0,0,0,0,235,104,0,0,0,0,77,8,0,0,0,0,0,0,0,0,0,0,0,0,0,0,strafe_right
0,0,0,0,0,0,0,13,22,0,0,0,9,0,0,0,0,0,0,0,10,0,0,0,0,31,41,20,0,0,0,0,41,0,0,0,0,21,35,0,0,0,0,0,40,0,0,0,0,478,650,352,316,143,109,295,256,142,0,0,0,186,397,315,102,0,0,73,129,108,0,0,0,0,227,98,0,0,0,0,69,0,0,0,0,0,0,0,0,0,0,0,0,0,0,0,strafe_right
0,0,0,0,0,0,0,15,24,0,0,0,9,3,0,0,0,0,0,0,10,0,0,0,0,32,41,22,0,0,0,0,41,0,0,0,0,20,35,0,0,0,0,0,38,0,0,0,0,478,651,355,310,139,106,286,247,139,0,0,0,191,400,318,99,0,0,72,126,103,0,0,0,0,234,101,0,0,0,0,69,0,0,0,0,0,0,0,0,0,0,0,0,0,0,0,strafe_right
302,515,449,356,329,370,229,280,469,75,0,0,87,347,308,306,117,9,0,85,124,33,0,0,0,90,93,14,0,0,0,0,17,0,0,0,0,0,0,0,0,0,0,0,0,0,0,0,0,0,7,0,0,0,0,0,0,0,0,0,0,0,46,0,0,0,0,0,0,0,0,0,0,0,60,11,0,0,0,0,35,0,0,0,0,0,10,0,0,0,0,0,66,23,0,0,strafe_left
344,564,467,359,322,347,216,259,446,72,0,0,94,376,308,306,113,8,0,78,116,28,0,0,0,106,100,15,0,0,0,0,15,0,0,0,0,0,0,0,0,0,0,0,0,0,0,0,0,0,5,0,0,0,0,0,0,0,0,0,0,0,48,0,0,0,0,0,0,0,0,0,0,0,60,11,0,0,0,0,35,0,0,0,0,0,15,0,0,0,0,0,65,23,0,0,strafe_left
357,572,470,357,315,339,213,259,439,72,0,0,103,386,312,310,110,8,0,77,112,26,0,0,0,109,103,15,0,0,0,0,14,0,0,0,0,0,0,0,0,0,0,0,0,0,0,0,0,0,0,0,0,0,0,0,0,0,0,0,0,0,54,0,0,0,0,0,0,0,0,0,5,0,63,14,0,0,0,0,37,0,0,0,0,0,17,0,0,0,0,0,69,27,0,0,strafe_left
167,330,304,283,272,311,205,251,440,85,0,0,63,230,220,254,116,10,0,71,126,34,0,0,0,90,94,34,0,0,0,0,29,0,0,0,0,0,0,0,0,0,0,0,0,0,0,0,0,0,0,0,0,0,0,0,0,0,0,0,0,0,45,0,0,0,0,0,0,0,0,0,0,0,65,24,0,0,0,0,53,22,0,0,0,0,23,0,0,0,0,0,127,76,14,0,strafe_left
20,93,64,0,0,0,0,44,95,6,0,0,84,276,215,95,0,0,0,27,70,42,0,0,35,234,214,187,0,0,0,36,87,28,0,0,0,163,112,5,0,0,0,32,68,0,0,0,0,263,212,60,0,0,0,27,55,55,0,0,0,243,187,107,0,0,0,0,61,49,0,0,0,33,182,274,18,0,0,0,125,81,0,0,0,0,0,0,0,0,0,0,167,53,0,0,none
19,87,61,0,0,0,0,45,98,7,0,0,70,263,208,94,0,0,0,28,72,42,0,0,30,226,210,190,0,0,0,38,92,36,0,0,0,156,110,9,0,0,0,34,69,0,0,0,0,225,194,49,0,0,0,25,51,54,0,0,0,223,179,105,0,0,0,0,61,50,0,0,0,24,177,265,17,0,0,0,126,82,0,0,0,0,0,0,0,0,0,0,174,61,0,0,none
19,77,55,0,0,0,0,43,100,5,0,0,61,244,199,95,0,0,0,32,79,44,0,0,11,223,207,196,3,0,0,44,106,51,0,0,0,150,110,15,0,0,0,39,77,0,0,0,0,194,175,43,0,0,0,26,53,54,0,0,0,209,170,98,0,0,0,0,61,51,0,0,0,19,164,251,13,0,0,0,118,77,0,0,0,0,0,0,0,0,0,0,173,61,0,0,none
9,57,50,0,0,0,0,48,112,12,0,0,48,214,182,94,3,0,0,32,83,46,0,0,4,209,196,198,9,0,0,45,113,59,0,0,0,128,96,15,0,0,0,40,83,0,0,0,0,167,161,26,0,0,0,23,49,48,0,0,0,203,162,94,0,0,0,0,58,48,0,0,0,28,166,250,12,0,0,0,124,77,0,0,0,0,0,0,0,0,0,0,180,67,0,0,none
19,109,82,0,0,4,0,50,116,14,0,0,76,259,224,114,7,0,0,36,80,48,0,0,24,248,229,222,9,0,0,44,101,49,0,0,0,162,118,18,0,0,0,34,73,0,0,0,0,283,241,65,0,0,0,30,56,48,0,0,0,294,231,135,0,0,0,0,69,59,0,0,0,39,198,294,26,0,0,0,139,89,12,0,0,0,10,0,0,0,0,0,194,74,0,0,none
11,86,71,0,0,5,0,52,118,16,0,0,71,241,212,112,8,0,0,35,78,45,0,0,0,233,215,223,15,0,0,46,107,57,0,0,0,147,113,20,0,0,0,38,78,0,0,0,0,244,230,59,0,0,0,32,59,51,0,0,0,269,217,128,0,0,0,0,68,59,0,0,0,24,182,280,21,0,0,0,137,89,6,0,0,0,5,0,0,0,0,0,195,77,0,0,none
21,113,93,0,0,6,0,52,120,16,0,0,75,278,232,121,12,0,0,39,83,49,0,0,25,256,233,227,8,0,0,44,102,54,0,0,0,172,122,19,0,0,0,35,73,0,0,0,0,281,244,63,0,0,0,30,57,47,0,0,0,292,230,131,0,0,0,0,67,54,0,0,0,32,194,288,26,0,0,0,131,78,6,0,0,0,4,0,0,0,0,0,171,58,0,0,none
16,115,92,0,0,6,0,53,125,19,0,0,76,270,229,123,15,0,0,40,89,53,0,0,19,253,235,235,15,0,0,49,113,61,0,0,0,160,119,22,0,0,0,36,79,0,0,0,0,293,248,67,0,0,0,28,54,43,0,0,0,292,230,129,0,0,0,0,66,54,0,0,0,28,189,285,24,0,0,0,129,76,0,0,0,0,9,0,0,0,0,0,171,59,0,0,none
18,114,91,0,0,3,0,52,124,17,0,0,79,275,232,122,16,0,0,40,88,53,0,0,19,252,234,235,15,0,0,50,113,63,0,0,0,163,120,24,0,0,0,37,80,0,0,0,0,311,255,71,0,0,0,33,59,45,0,0,0,298,233,131,0,0,0,0,64,48,0,0,0,31,190,278,21,0,0,0,120,71,0,0,0,0,5,0,0,0,0,0,158,52,0,0,none
25,125,96,0,0,5,0,52,121,17,0,0,72,285,237,124,14,0,0,37,84,50,0,0,39,272,246,236,11,0,0,47,104,55,0,0,0,182,123,17,0,0,0,32,68,0,0,0,0,309,255,70,0,0,0,31,54,45,0,0,0,296,232,130,0,0,0,0,62,42,0,0,0,36,191,275,21,0,0,0,114,67,0,0,0,0,7,0,0,0,0,0,152,45,0,0,none
24,115,97,0,0,0,0,46,31,0,0,0,0,216,202,265,44,0,0,42,87,28,0,0,0,271,218,66,0,0,0,28,73,38,0,0,0,253,163,50,0,0,0,47,87,0,0,0,0,242,212,48,0,0,0,32,50,32,0,0,0,276,233,124,0,0,0,0,71,55,0,0,0,32,187,245,14,0,0,0,128,73,0,0,0,0,12,0,0,0,0,0,165,71,0,0,none
22,113,94,0,0,0,0,44,30,0,0,0,0,219,204,265,45,0,0,44,88,33,0,0,0,269,216,63,0,0,0,27,69,36,0,0,0,254,164,49,0,0,0,45,85,0,0,0,0,243,213,51,0,0,0,32,49,30,0,0,0,278,234,124,0,0,0,0,71,57,0,0,0,32,185,246,13,0,0,0,127,72,0,0,0,0,15,0,0,0,0,0,165,74,0,0,none
20,111,93,0,0,0,0,40,25,0,0,0,0,221,204,268,44,0,0,41,84,29,0,0,0,270,218,63,0,0,0,28,69,33,0,0,0,256,161,46,0,0,0,40,76,0,0,0,0,234,213,52,0,0,0,32,50,33,0,0,0,282,235,126,0,0,0,0,71,55,0,0,0,29,185,244,11,0,0,0,118,61,0,0,0,0,12,0,0,0,0,0,165,70,0,0,none
21,118,102,0,0,0,0,46,30,0,0,0,0,224,209,272,46,0,0,44,86,31,0,0,0,268,218,64,0,0,0,25,65,33,0,0,0,257,163,46,0,0,0,41,77,0,0,0,0,231,212,44,0,0,0,23,43,23,0,0,0,274,231,121,0,0,0,0,63,49,0,0,0,27,183,243,14,0,0,0,120,64,0,0,0,0,20,0,0,0,0,0,166,71,0,0,none
23,115,102,0,0,0,0,43,29,0,0,0,0,227,211,272,47,0,0,41,85,32,0,0,0,273,222,63,0,0,0,26,65,28,0,0,0,260,159,40,0,0,0,38,72,0,0,0,0,230,217,45,0,0,0,27,48,28,0,0,0,289,239,124,0,0,0,0,55,36,0,0,0,38,189,240,11,0,0,0,113,52,0,0,0,0,23,0,0,0,0,0,146,57,0,0,none
30,125,109,0,0,0,0,46,31,0,0,0,0,224,212,286,59,0,0,47,95,33,0,0,0,273,225,68,0,0,0,29,72,38,0,0,0,231,152,41,0,0,0,44,78,0,0,0,0,185,192,21,0,0,0,19,42,21,0,0,0,252,210,103,0,0,0,0,51,32,0,0,0,32,172,218,7,0,0,0,112,52,0,0,0,0,16,0,0,0,0,0,159,70,0,0,none
39,146,143,0,0,0,16,62,50,22,0,0,0,211,208,342,85,0,0,58,121,46,0,0,0,245,212,77,0,0,0,39,102,73,0,0,0,93,92,20,0,0,0,49,80,0,0,0,0,82,111,0,0,0,0,3,27,10,0,0,0,139,136,61,0,0,0,0,44,30,0,0,0,0,127,165,0,0,0,0,102,48,0,0,0,0,0,0,0,0,0,0,145,62,0,0,none
54,192,168,7,0,0,5,51,43,7,0,0,0,259,252,356,78,0,0,47,102,39,0,0,0,346,272,95,0,0,0,39,92,64,0,0,0,257,176,47,0,0,0,56,90,0,0,0,0,115,123,0,0,0,0,7,30,13,0,0,0,159,143,65,0,0,0,0,41,25,0,0,0,0,125,158,0,0,0,0,93,40,0,0,0,0,0,0,0,0,0,0,102,20,0,0,none
22,41,41,0,0,0,0,38,26,0,0,0,0,180,166,237,41,0,0,42,100,37,0,0,0,214,193,66,0,0,0,37,111,96,0,0,0,156,144,54,0,0,0,70,124,0,0,0,0,126,146,28,0,0,0,27,46,28,0,0,0,152,156,83,0,0,0,0,62,50,0,0,0,0,140,213,11,0,0,0,138,82,0,0,0,0,0,0,0,0,0,0,229,121,0,0,none
16,16,23,0,0,0,0,36,27,3,0,0,0,122,118,202,36,0,0,41,106,44,0,0,0,145,146,47,0,0,0,39,119,128,0,0,0,72,99,44,0,0,0,70,140,17,0,0,0,86,109,16,0,0,0,27,52,37,0,0,19,87,109,60,0,0,0,0,64,55,0,0,0,0,117,184,5,0,0,0,141,84,0,0,0,0,0,0,0,0,0,0,239,133,0,0,none
50,150,104,0,0,0,0,38,0,0,0,0,4,232,189,137,0,0,0,11,16,0,0,0,0,279,220,38,0,0,0,0,30,0,0,0,0,243,140,5,0,0,0,0,8,0,0,0,7,744,437,236,37,13,0,76,78,0,0,0,0,385,324,182,0,0,0,0,40,0,0,0,0,0,160,125,0,0,0,0,4,0,0,0,0,0,0,0,0,0,0,0,0,0,0,0,backward
60,161,110,0,0,0,0,41,0,0,0,0,0,244,199,145,0,0,0,12,20,0,0,0,0,289,228,42,0,0,0,0,31,0,0,0,0,268,151,7,0,0,0,3,16,0,0,0,16,723,424,229,35,13,0,76,77,0,0,0,0,372,314,176,0,0,0,0,40,0,0,0,0,0,152,124,0,0,0,0,16,0,0,0,0,0,0,0,0,0,0,0,0,0,0,0,backward
157,297,178,0,0,0,0,22,0,0,0,0,19,292,239,105,0,0,0,0,0,0,0,0,0,349,250,5,0,0,0,0,0,0,0,0,0,161,75,0,0,0,0,0,0,0,0,0,53,717,406,108,0,0,0,15,17,0,0,0,0,502,372,180,0,0,0,0,0,0,0,0,0,71,224,170,0,0,0,0,0,0,0,0,0,0,16,0,0,0,0,0,0,0,0,0,backward
169,312,166,0,0,0,0,3,0,0,0,0,38,310,244,74,0,0,0,0,0,0,0,0,0,372,255,0,0,0,0,0,0,0,0,0,0,196,81,0,0,0,0,0,0,0,0,0,73,701,396,77,0,0,0,12,0,0,0,0,0,522,378,156,0,0,0,0,0,0,0,0,0,80,242,180,0,0,0,0,0,0,0,0,0,0,19,0,0,0,0,0,0,0,0,0,backward
251,381,228,0,0,0,0,20,0,0,0,0,52,331,263,122,0,0,0,0,0,0,0,0,0,353,236,0,0,0,0,0,0,0,0,0,0,65,30,0,0,0,0,0,0,0,0,0,58,677,364,50,0,0,0,0,0,0,0,0,0,520,349,120,0,0,0,0,0,0,0,0,0,100,239,154,0,0,0,0,0,0,0,0,0,0,21,0,0,0,0,0,0,0,0,0,backward
415,523,267,0,0,0,0,0,0,0,0,0,77,429,280,69,0,0,0,0,0,0,0,0,0,481,265,0,0,0,0,0,0,0,0,0,0,67,19,0,0,0,0,0,0,0,0,0,108,691,350,46,0,0,0,0,0,0,0,0,0,474,307,78,0,0,0,0,0,0,0,0,0,17,139,31,0,0,0,0,0,0,0,0,0,0,0,0,0,0,0,0,0,0,0,0,backward
376,480,225,0,0,0,0,0,0,0,0,0,85,447,292,57,0,0,0,0,0,0,0,0,3,547,287,0,0,0,0,0,0,0,0,0,0,83,28,0,0,0,0,0,0,0,0,0,100,661,344,63,0,0,0,0,0,0,0,0,0,403,277,58,0,0,0,0,0,0,0,0,0,0,87,0,0,0,0,0,0,0,0,0,0,0,0,0,0,0,0,0,0,0,0,0,backward
273,368,158,0,0,0,0,0,0,0,0,0,71,423,273,43,0,0,0,0,0,0,0,0,15,538,301,0,0,0,0,0,0,0,0,0,0,203,69,0,0,0,0,0,0,0,0,0,63,654,350,111,0,0,0,4,0,0,0,0,0,381,297,83,0,0,0,0,0,0,0,0,0,0,84,0,0,0,0,0,0,0,0,0,0,0,0,0,0,0,0,0,0,0,0,0,backward
177,265,107,0,0,0,0,0,0,0,0,0,56,404,260,29,0,0,0,0,0,0,0,0,30,544,316,0,0,0,0,0,0,0,0,0,0,288,103,0,0,0,0,0,0,0,0,0,36,613,348,129,0,0,0,26,19,0,0,0,0,321,280,85,0,0,0,0,0,0,0,0,0,0,68,0,0,0,0,0,0,0,0,0,0,0,0,0,0,0,0,0,0,0,0,0,backward
144,225,91,0,0,0,0,0,0,0,0,0,43,392,256,33,0,0,0,0,0,0,0,0,34,563,329,0,0,0,0,0,0,0,0,0,0,371,147,0,0,0,0,0,0,0,0,0,15,525,311,139,0,0,0,44,47,0,0,0,0,232,234,78,0,0,0,0,0,0,0,0,0,0,71,6,0,0,0,0,0,0,0,0,0,0,0,0,0,0,0,0,0,0,0,0,backward
159,217,89,0,0,0,0,0,0,0,0,0,47,389,249,22,0,0,0,0,0,0,0,0,44,547,321,0,0,0,0,0,0,0,0,0,0,355,136,0,0,0,0,0,0,0,0,0,16,529,320,151,0,0,0,44,51,0,0,0,0,290,277,122,0,0,0,0,0,0,0,0,0,0,104,44,0,0,0,0,0,0,0,0,0,0,0,0,0,0,0,0,0,0,0,0,backward
184,329,166,0,0,0,0,0,0,0,0,0,34,367,267,89,0,0,0,0,0,0,0,0,0,447,290,0,0,0,0,0,0,0,0,0,0,192,83,0,0,0,0,0,0,0,0,0,40,576,341,151,0,0,0,50,54,0,0,0,0,355,299,142,0,0,0,0,8,0,0,0,0,0,134,72,0,0,0,0,0,0,0,0,0,0,0,0,0,0,0,0,0,0,0,0,backward
153,258,142,0,0,0,0,0,0,0,0,0,45,288,215,59,0,0,0,0,0,0,0,0,0,356,237,0,0,0,0,0,0,0,0,0,0,96,40,0,0,0,0,0,0,0,0,0,51,611,364,136,0,0,0,38,50,0,0,0,0,443,340,163,0,0,0,0,13,0,0,0,0,34,211,170,0,0,0,0,0,0,0,0,0,0,9,0,0,0,0,0,0,0,0,0,backward
349,526,261,0,0,0,0,17,0,0,0,0,79,489,334,132,0,0,0,0,0,0,0,0,0,627,353,20,0,0,0,0,0,0,0,0,0,222,84,0,0,0,0,0,0,0,0,0,20,343,244,26,0,0,0,0,0,0,0,0,0,370,265,69,0,0,0,0,0,0,0,0,0,43,181,111,0,0,0,0,0,0,0,0,0,0,0,0,0,0,0,0,0,0,0,0,backward
268,373,158,0,0,0,0,0,0,0,0,0,75,490,312,58,0,0,0,0,0,0,0,0,18,680,369,9,0,0,0,0,0,0,0,0,0,336,119,0,0,0,0,0,0,0,0,0,33,444,279,46,0,0,0,0,0,0,0,0,0,326,263,87,0,0,0,0,0,0,0,0,0,8,135,54,0,0,0,0,0,0,0,0,0,0,0,0,0,0,0,0,0,0,0,0,backward
227,325,133,0,0,0,0,0,0,0,0,0,73,473,299,50,0,0,0,0,0,0,0,0,16,677,374,8,0,0,0,0,0,0,0,0,0,427,155,0,0,0,0,0,0,0,0,0,0,427,276,99,0,0,0,27,9,0,0,0,0,254,239,83,0,0,0,0,0,0,0,0,0,0,91,16,0,0,0,0,0,0,0,0,0,0,0,0,0,0,0,0,0,0,0,0,backward
235,370,170,0,0,0,0,0,0,0,0,0,59,510,343,102,0,0,0,0,0,0,0,0,31,726,403,29,0,0,0,0,0,0,0,0,0,470,180,0,0,0,0,0,0,0,0,0,0,286,209,54,0,0,0,12,13,0,0,0,0,220,212,84,0,0,0,0,0,0,0,0,0,0,134,88,0,0,0,0,0,0,0,0,0,0,0,0,0,0,0,0,0,0,0,0,backward
221,431,225,0,0,0,0,49,0,0,0,0,37,505,373,178,0,0,0,18,0,0,0,0,8,701,410,55,0,0,0,0,0,0,0,0,0,395,168,0,0,0,0,0,0,0,0,0,0,186,151,7,0,0,0,6,11,0,0,0,0,259,195,81,0,0,0,0,16,0,0,0,0,31,157,154,0,0,0,0,38,0,0,0,0,0,6,0,0,0,0,0,0,0,0,0,backward
96,194,160,38,0,0,0,44,82,0,0,0,18,149,163,157,30,0,0,36,74,27,0,0,0,74,115,151,0,0,0,43,122,78,0,0,0,0,0,0,0,0,0,73,109,0,0,0,0,254,245,68,0,0,0,54,54,0,0,0,0,290,240,133,0,0,0,0,77,252,0,0,0,28,223,290,15,0,0,0,132,82,10,0,0,0,29,0,0,0,0,0,37,0,0,0,none
109,228,182,46,0,0,0,50,84,0,0,0,22,157,175,168,37,0,0,39,73,26,0,0,0,87,117,146,0,0,0,32,107,61,0,0,0,0,0,0,0,0,0,73,105,0,0,0,0,267,251,74,0,0,0,56,53,0,0,0,0,301,242,131,0,0,0,0,74,246,0,0,0,34,229,298,19,0,0,0,134,86,15,0,0,0,33,0,0,0,0,0,38,0,0,0,none
110,226,182,45,0,0,0,48,80,0,0,0,28,173,186,169,34,0,0,37,69,24,0,0,0,91,119,145,0,0,0,30,101,50,0,0,0,0,0,0,0,0,0,65,97,0,0,0,0,267,249,73,0,0,0,51,50,0,0,0,0,313,248,136,0,0,0,0,75,247,0,0,0,40,236,297,19,0,0,0,131,82,9,0,0,0,34,0,0,0,0,0,36,0,0,0,none
121,229,185,42,0,0,0,42,70,0,0,0,24,178,186,166,29,0,0,34,63,23,0,0,0,100,127,147,0,0,0,36,99,51,0,0,0,0,0,0,0,0,0,60,90,0,0,0,0,273,253,75,0,0,0,55,54,0,0,0,0,314,252,139,0,0,0,0,78,243,0,0,0,33,233,299,18,0,0,0,125,76,6,0,0,0,33,0,0,0,0,0,32,0,0,0,none
134,236,193,48,0,0,0,47,75,0,0,0,19,176,185,165,27,0,0,31,63,21,0,0,0,99,127,147,0,0,0,34,100,51,0,0,0,0,0,0,0,0,0,62,95,0,0,0,0,275,255,74,0,0,0,54,53,0,0,0,0,314,253,139,0,0,0,0,77,243,0,0,0,38,236,301,20,0,0,0,131,81,10,0,0,0,35,0,0,0,0,0,37,0,0,0,none
139,241,196,51,0,0,0,49,78,0,0,0,20,175,187,167,28,0,0,29,61,19,0,0,0,100,129,151,0,0,0,34,100,51,0,0,0,0,0,0,0,0,0,63,97,0,0,0,0,276,256,74,0,0,0,55,54,0,0,0,0,316,254,139,0,0,0,0,76,247,0,0,0,39,234,301,22,0,0,0,134,84,12,0,0,0,37,0,0,0,0,0,39,0,0,0,none
136,237,192,45,0,0,0,47,74,0,0,0,22,182,193,170,32,0,0,35,64,24,0,0,0,102,133,154,0,0,0,38,102,52,0,0,0,0,0,0,0,0,0,60,94,0,0,0,0,280,258,77,0,0,0,59,57,0,0,0,0,320,257,141,0,0,0,0,74,239,0,0,0,33,231,302,18,0,0,0,129,79,11,0,0,0,39,0,0,0,0,0,42,0,0,0,none
135,241,197,50,0,0,0,50,75,0,0,0,20,172,186,164,28,0,0,31,62,21,0,0,0,98,132,153,0,0,0,36,103,55,0,0,0,0,0,0,0,0,0,65,101,0,0,0,0,278,258,73,0,0,0,52,51,0,0,0,0,321,258,140,0,0,0,0,76,243,0,0,0,41,240,309,23,0,0,0,137,84,18,0,0,0,40,0,0,0,0,0,38,0,0,0,none
110,221,183,41,0,0,0,43,72,0,0,0,23,160,180,167,32,0,0,36,68,25,0,0,0,96,131,160,0,0,0,40,114,68,0,0,0,0,0,0,0,0,0,68,107,0,0,0,0,280,259,76,0,0,0,60,59,0,0,0,0,318,256,141,0,0,0,0,77,249,0,0,0,36,234,307,17,0,0,0,136,85,17,0,0,0,31,0,0,0,0,0,41,0,0,0,none
120,219,181,44,0,0,0,49,75,0,0,0,24,159,176,159,24,0,0,30,64,21,0,0,0,94,129,158,0,0,0,39,115,69,0,0,0,0,0,0,0,0,0,77,115,0,0,0,0,277,255,83,0,0,0,61,56,0,0,0,0,301,239,134,0,0,0,0,84,265,0,0,0,20,206,284,17,0,0,5,142,91,11,0,0,0,0,0,0,0,0,0,33,0,0,0,none
92,173,151,30,0,0,0,43,62,0,0,0,16,129,151,141,19,0,0,26,59,19,0,0,0,84,122,160,0,0,0,43,123,82,0,0,0,0,0,0,0,0,0,89,131,11,0,0,0,221,217,85,0,0,0,68,67,10,0,0,0,186,192,113,0,0,0,0,92,284,3,0,0,0,160,246,10,0,0,4,142,95,12,0,0,0,0,0,0,0,0,0,31,0,0,0,none
64,140,121,12,0,0,0,31,51,0,0,0,17,109,127,121,12,0,0,29,63,22,0,0,0,72,114,153,0,0,0,42,128,89,0,0,0,0,0,0,0,0,0,99,142,24,0,0,0,194,201,84,0,0,0,79,72,22,0,0,0,170,178,108,0,0,0,0,100,297,0,0,0,0,149,232,6,0,0,0,141,96,9,0,0,0,0,0,0,0,0,0,27,0,0,0,none
51,126,111,6,0,0,0,36,54,0,0,0,21,106,121,118,14,0,0,30,64,25,0,0,0,65,104,149,0,0,0,40,128,86,0,0,0,0,0,0,0,0,0,93,140,26,0,0,0,203,203,86,0,0,0,78,71,23,0,0,0,184,186,112,0,0,0,0,97,302,0,0,0,0,161,247,8,0,0,0,149,106,17,0,0,0,0,0,0,0,0,0,40,0,0,0,none
51,107,101,8,0,0,0,38,62,0,0,0,18,90,101,108,12,0,0,29,65,22,0,0,0,46,89,139,0,0,0,43,130,94,0,0,0,0,0,0,0,0,0,98,143,31,0,0,0,183,184,69,0,0,0,67,59,17,0,0,0,193,188,111,0,0,0,0,94,304,0,0,0,0,172,254,12,0,0,5,157,112,24,0,0,0,0,0,0,0,0,0,43,0,0,0,none
55,115,104,20,0,0,0,39,69,0,0,0,22,88,107,121,24,0,0,38,69,24,0,0,0,40,83,131,0,0,0,42,126,93,0,0,0,0,0,0,0,0,0,94,132,22,0,0,0,161,181,51,0,0,0,42,45,5,0,0,0,221,200,109,0,0,0,0,70,257,0,0,0,12,205,286,15,0,0,5,154,110,34,0,0,0,13,0,0,0,0,0,52,0,0,0,none
66,140,119,29,0,0,0,45,84,0,0,0,18,107,124,135,30,0,0,41,76,27,0,0,0,38,88,138,0,0,0,41,132,104,0,0,0,0,0,0,0,0,0,97,141,24,0,0,0,124,149,21,0,0,0,33,37,0,0,0,0,215,195,102,0,0,0,0,73,259,0,0,0,15,205,291,17,0,0,3,153,113,36,0,0,0,20,0,0,0,0,0,60,0,0,0,none
45,103,105,31,0,0,0,46,95,6,0,0,16,90,107,125,29,0,0,39,81,29,0,0,0,31,79,133,0,0,0,47,153,125,0,0,0,0,0,0,0,0,0,103,148,30,0,0,0,117,147,17,0,0,0,34,39,0,0,0,0,209,189,97,0,0,0,0,71,256,0,0,0,15,205,287,17,0,0,0,155,114,38,0,0,0,16,0,0,0,0,0,53,0,0,0,none
56,122,114,34,0,0,0,45,95,5,0,0,15,96,111,134,31,0,0,43,87,34,0,0,0,38,88,139,0,0,0,50,153,124,0,0,0,0,0,0,0,0,0,104,153,36,0,0,0,146,173,32,0,0,0,38,42,0,0,0,0,228,205,105,0,0,0,0,74,243,0,0,0,24,205,290,20,0,0,0,145,99,26,0,0,0,16,0,0,0,0,0,43,0,0,0,none
192,258,230,67,0,0,0,54,68,0,0,0,13,221,207,149,28,0,0,40,69,22,0,0,0,104,124,134,0,0,0,45,93,61,0,0,0,0,0,0,0,0,0,60,94,0,0,0,0,216,238,68,0,0,0,51,46,13,0,0,0,333,271,136,0,0,0,0,77,233,0,0,0,29,216,265,16,0,0,0,110,64,0,0,0,0,18,0,0,0,0,0,14,0,0,0,none
196,256,229,67,0,4,0,58,70,0,0,0,20,217,207,147,30,0,0,43,71,24,0,0,0,103,125,135,0,0,0,44,96,63,0,0,0,0,0,0,0,0,0,60,97,0,0,0,0,217,242,74,0,0,0,57,50,19,0,0,0,332,274,137,0,0,0,0,74,233,0,0,0,25,212,262,12,0,0,0,108,63,0,0,0,0,21,0,0,0,0,0,21,0,0,0,none
195,254,225,62,0,0,0,56,69,0,0,0,19,215,205,143,24,0,0,39,67,22,0,0,0,108,130,140,0,0,0,48,99,64,0,0,0,0,0,0,0,0,0,58,94,0,0,0,0,215,242,71,0,0,0,55,49,17,0,0,0,336,276,140,0,0,0,0,79,238,0,0,0,24,213,266,11,0,0,0,108,63,0,0,0,0,23,0,0,0,0,0,25,0,0,0,none
198,260,230,66,0,4,0,60,73,0,0,0,15,211,202,141,22,0,0,36,65,17,0,0,0,105,129,139,0,0,0,45,99,66,0,0,0,0,0,0,0,0,0,63,100,0,0,0,0,211,240,69,0,0,0,50,43,11,0,0,0,333,274,134,0,0,0,0,78,241,0,0,0,28,217,268,15,0,0,0,112,65,0,0,0,0,25,0,0,0,0,0,26,0,0,0,none
180,249,218,54,0,0,0,56,70,0,0,0,14,213,201,142,26,0,0,41,69,23,0,0,0,106,130,141,0,0,0,50,103,69,0,0,0,0,0,0,0,0,0,62,98,0,0,0,0,203,233,67,0,0,0,56,48,14,0,0,0,328,272,140,0,0,0,0,82,244,0,0,0,22,211,265,12,0,0,0,114,69,0,0,0,0,17,0,0,0,0,0,25,0,0,0,none
183,253,223,61,0,5,0,59,72,0,0,0,13,209,199,141,22,0,0,36,64,19,0,0,0,103,126,140,0,0,0,48,102,70,0,0,0,0,0,0,0,0,0,67,104,0,0,0,0,213,241,70,0,0,0,55,45,11,0,0,0,333,277,138,0,0,0,0,81,247,0,0,0,27,215,270,15,0,0,0,118,72,0,0,0,0,18,0,0,0,0,0,29,0,0,0,none
178,244,215,55,0,0,0,54,68,0,0,0,12,207,201,144,24,0,0,41,71,24,0,0,0,105,127,143,0,0,0,50,106,73,0,0,0,0,0,0,0,0,0,64,99,0,0,0,0,211,240,67,0,0,0,57,49,16,0,0,0,337,280,142,0,0,0,0,84,251,0,0,0,27,215,269,14,0,0,0,111,68,0,0,0,0,17,0,0,0,0,0,27,0,0,0,none
124,202,187,48,0,0,0,49,63,0,0,0,10,168,172,129,23,0,0,39,69,21,0,0,0,88,113,137,0,0,0,49,111,77,0,0,0,0,0,0,0,0,0,72,117,10,0,0,0,155,188,42,0,0,0,48,40,10,0,0,0,279,234,120,0,0,0,0,81,250,0,0,0,19,198,262,16,0,0,0,118,76,9,0,0,0,13,0,0,0,0,0,33,0,0,0,none
125,206,184,50,0,0,0,53,74,0,0,0,11,169,173,132,28,0,0,42,72,25,0,0,0,86,112,138,0,0,0,52,114,83,0,0,0,0,0,0,0,0,0,71,115,8,0,0,0,142,175,41,0,0,0,54,45,15,0,0,0,258,221,112,0,0,0,0,79,250,0,0,0,0,176,244,7,0,0,0,114,79,9,0,0,0,5,0,0,0,0,0,35,0,0,0,none
133,217,192,55,0,0,0,55,75,0,0,0,9,171,174,132,26,0,0,38,65,21,0,0,0,87,114,142,0,0,0,53,117,88,0,0,0,0,0,0,0,0,0,78,123,13,0,0,0,116,153,27,0,0,0,43,36,6,0,0,0,247,205,106,0,0,0,0,82,262,0,0,0,0,163,231,9,0,0,0,119,85,12,0,0,0,0,0,0,0,0,0,41,0,0,0,none
138,221,199,62,0,4,0,60,79,0,0,0,11,179,180,135,28,0,0,38,68,22,0,0,0,86,114,142,0,0,0,49,114,91,0,0,0,0,0,0,0,0,0,78,121,14,0,0,0,113,148,27,0,0,0,44,34,5,0,0,0,216,192,98,0,0,0,0,81,263,0,0,0,0,151,220,6,0,0,0,116,84,8,0,0,0,0,0,0,0,0,0,43,0,0,0,none
134,220,195,57,0,0,0,56,76,0,0,0,11,180,181,137,27,0,0,42,70,25,0,0,0,89,118,148,0,0,0,56,120,94,0,0,0,0,0,0,0,0,0,73,121,15,0,0,0,104,146,24,0,0,0,46,39,9,0,0,0,221,193,95,0,0,0,0,83,264,0,0,0,0,150,223,8,0,0,0,116,82,8,0,0,0,0,0,0,0,0,0,35,0,0,0,none
144,227,204,65,0,8,0,60,80,0,0,0,11,185,184,138,27,0,0,41,70,22,0,0,0,87,117,146,0,0,0,51,115,92,0,0,0,0,0,0,0,0,0,76,123,17,0,0,0,116,153,28,0,0,0,48,40,9,0,0,0,228,194,98,0,0,0,0,79,263,0,0,0,0,154,223,7,0,0,0,117,82,9,0,0,0,0,0,0,0,0,0,39,0,0,0,none
148,235,208,64,0,6,0,59,79,0,0,0,14,196,192,144,30,0,0,43,71,24,0,0,0,87,116,144,0,0,0,48,113,90,0,0,0,0,0,0,0,0,0,75,121,15,0,0,0,139,170,38,0,0,0,53,45,14,0,0,0,247,207,105,0,0,0,0,78,264,0,0,0,0,159,228,8,0,0,0,115,81,8,0,0,0,0,0,0,0,0,0,39,0,0,0,none
154,238,208,65,0,7,0,57,79,0,0,0,13,195,190,145,30,0,0,41,72,25,0,0,0,89,118,145,0,0,0,51,118,92,0,0,0,0,0,0,0,0,0,73,120,14,0,0,0,149,183,43,0,0,0,51,44,12,0,0,0,273,226,116,0,0,0,0,80,263,0,0,0,4,172,232,8,0,0,0,115,79,6,0,0,0,8,0,0,0,0,0,38,0,0,0,none
169,268,228,72,0,6,0,61,80,0,0,0,14,212,205,153,31,0,0,43,72,24,0,0,0,95,122,145,0,0,0,47,103,80,0,0,0,0,0,0,0,0,0,70,112,8,0,0,0,172,200,53,0,0,0,57,49,18,0,0,0,292,241,125,0,0,0,0,77,257,0,0,0,5,182,241,9,0,0,0,115,75,3,0,0,0,14,0,0,0,0,0,33,0,0,0,none
187,277,236,72,0,6,0,61,81,0,0,0,17,226,214,156,32,0,0,42,72,24,0,0,0,101,126,142,0,0,0,46,102,76,0,0,0,0,0,0,0,0,0,68,109,4,0,0,0,175,207,57,0,0,0,51,46,14,0,0,0,305,249,124,0,0,0,0,76,245,0,0,0,9,188,242,10,0,0,0,103,64,0,0,0,0,14,0,0,0,0,0,25,0,0,0,none
186,282,236,71,0,0,0,56,75,0,0,0,17,233,218,161,34,0,0,41,71,24,0,0,0,112,131,146,0,0,0,51,105,76,0,0,0,0,0,0,0,0,0,65,103,0,0,0,0,181,210,57,0,0,0,50,44,12,0,0,0,316,257,133,0,0,0,0,79,251,0,0,0,8,190,247,12,0,0,0,110,66,0,0,0,0,12,0,0,0,0,0,22,0,0,0,none
195,272,238,71,0,3,0,58,72,0,0,0,18,242,230,167,36,0,0,44,72,26,0,0,0,124,135,142,0,0,0,41,89,57,0,0,0,0,0,0,0,0,0,56,96,0,0,0,0,198,227,67,0,0,0,57,48,17,0,0,0,333,268,137,0,0,0,0,80,249,0,0,0,10,195,248,8,0,0,0,106,66,0,0,0,0,19,0,0,0,0,0,24,0,0,0,none
196,273,235,68,0,3,0,57,70,0,0,0,16,237,224,162,32,0,0,43,71,25,0,0,0,123,137,145,0,0,0,44,93,61,0,0,0,0,0,0,0,0,0,55,96,0,0,0,0,199,231,67,0,0,0,55,48,16,0,0,0,338,272,140,0,0,0,0,80,259,0,0,0,9,194,251,7,0,0,0,105,67,0,0,0,0,18,0,0,0,0,0,23,0,0,0,none
201,278,241,70,0,8,0,60,72,0,0,0,16,232,217,153,25,0,0,35,60,15,0,0,0,123,135,143,0,0,0,46,91,62,0,0,0,0,0,0,0,0,0,59,100,0,0,0,0,205,232,67,0,0,0,49,44,11,0,0,0,339,272,134,0,0,0,0,83,262,0,0,0,16,204,263,15,0,0,0,116,72,6,0,0,0,23,0,0,0,0,0,30,0,0,0,none
202,283,241,62,0,0,0,55,68,0,0,0,21,239,224,156,23,0,0,36,60,19,0,0,0,130,137,130,0,0,0,39,82,47,0,0,0,0,0,0,0,0,0,41,80,0,0,0,0,211,240,69,0,0,0,55,47,15,0,0,0,347,277,147,0,0,0,0,83,263,0,0,0,14,216,268,10,0,0,0,116,72,0,0,0,0,26,0,0,0,0,0,30,0,0,0,none
191,262,206,55,0,0,0,48,54,0,0,0,16,232,228,179,35,0,0,39,68,24,0,0,0,134,143,149,0,0,0,43,95,82,0,0,0,0,0,0,0,0,0,15,91,0,0,0,0,207,241,61,0,0,0,45,36,6,0,0,0,364,312,163,0,0,0,0,86,197,0,0,0,6,226,285,23,0,0,0,145,92,0,0,0,0,10,0,0,0,0,0,65,46,0,0,none
170,252,201,59,0,0,0,51,60,0,0,0,8,203,211,174,31,0,0,32,64,19,0,0,0,127,142,157,0,0,0,46,104,96,0,0,0,0,0,0,0,0,0,26,104,0,0,0,0,185,234,63,0,0,0,51,44,15,0,0,0,359,308,160,0,0,0,0,87,197,0,0,0,0,212,280,20,0,0,0,142,91,0,0,0,0,0,0,0,0,0,0,65,46,0,0,none
164,246,194,53,0,0,0,48,59,0,0,0,8,212,218,180,37,0,0,41,72,28,0,0,0,129,146,160,0,0,0,53,114,106,0,0,0,0,0,0,0,0,0,20,100,0,0,0,0,185,229,57,0,0,0,41,33,7,0,0,0,362,310,160,0,0,0,0,88,200,0,0,0,6,218,284,23,0,0,0,147,94,0,0,0,0,5,0,0,0,0,0,66,46,0,0,none
170,254,201,62,0,0,0,54,63,0,0,0,8,208,214,176,32,0,0,37,69,22,0,0,0,126,144,160,0,0,0,51,111,107,0,0,0,0,0,0,0,0,0,29,108,0,0,0,0,194,234,61,0,0,0,47,41,14,0,0,0,367,312,161,0,0,0,0,84,192,0,0,0,5,219,281,18,0,0,0,141,87,0,0,0,0,8,0,0,0,0,0,65,46,0,0,none
159,245,194,54,0,0,0,45,58,0,0,0,9,212,218,182,39,0,0,42,75,29,0,0,0,131,149,164,0,0,0,53,114,109,0,0,0,0,0,0,0,0,0,22,100,0,0,0,0,171,217,50,0,0,0,39,30,4,0,0,0,359,306,157,0,0,0,0,84,192,0,0,0,9,222,284,23,0,0,0,145,92,0,0,0,0,15,0,0,0,0,0,68,52,0,0,none
124,222,179,53,0,0,0,39,55,0,0,0,6,184,193,174,38,0,0,42,73,28,0,0,0,117,142,166,0,0,0,52,122,130,0,0,0,0,0,0,0,0,0,31,106,4,0,0,0,160,214,51,0,0,0,44,35,10,0,0,0,328,289,149,0,0,0,0,80,190,0,0,0,3,207,274,21,0,0,0,143,88,0,0,0,0,5,0,0,0,0,0,68,54,0,0,none
124,231,191,64,0,0,0,47,62,0,0,0,7,185,191,177,39,0,0,39,71,24,0,0,0,115,139,164,0,0,0,53,121,130,0,0,0,0,0,0,0,0,0,32,111,5,0,0,0,158,210,48,0,0,0,46,38,12,0,0,0,328,289,149,0,0,0,0,81,187,0,0,0,0,204,269,19,0,0,0,139,85,0,0,0,0,0,0,0,0,0,0,68,53,0,0,none
116,225,189,61,0,0,0,48,63,0,0,0,11,184,194,179,42,0,0,43,79,33,0,0,0,113,139,168,0,0,0,53,126,134,0,0,0,0,0,0,0,0,0,29,110,3,0,0,0,149,204,45,0,0,0,40,31,6,0,0,0,323,289,150,0,0,0,0,83,193,0,0,0,3,206,271,22,0,0,0,144,90,0,0,0,0,0,0,0,0,0,0,64,50,0,0,none
106,208,180,64,0,0,0,50,62,0,0,0,12,175,183,170,37,0,0,39,75,27,0,0,0,105,137,168,0,0,0,52,129,138,0,0,0,0,0,0,0,0,0,34,118,9,0,0,0,161,212,50,0,0,0,46,38,13,0,0,0,329,294,154,0,0,0,0,84,194,0,0,0,0,207,270,16,0,0,0,140,86,0,0,0,0,0,0,0,0,0,0,68,53,0,0,none
114,216,188,64,0,0,0,51,65,0,0,0,14,185,192,178,40,0,0,42,76,27,0,0,0,109,139,166,0,0,0,51,127,136,0,0,0,0,0,0,0,0,0,33,115,5,0,0,0,167,217,52,0,0,0,45,36,9,0,0,0,341,300,159,0,0,0,3,85,192,0,0,0,0,211,271,17,0,0,0,138,84,0,0,0,0,0,0,0,0,0,0,66,51,0,0,none
164,268,216,73,0,0,0,56,72,0,0,0,8,226,225,190,38,0,0,39,73,27,0,0,0,129,146,160,0,0,0,47,112,111,0,0,0,0,0,0,0,0,0,24,101,0,0,0,0,194,237,62,0,0,0,47,38,13,0,0,0,367,317,164,0,0,0,0,83,186,0,0,0,0,213,277,19,0,0,0,132,81,0,0,0,0,8,0,0,0,0,0,60,41,0,0,none
108,187,144,0,0,0,0,31,22,0,0,0,31,176,170,100,0,0,0,20,38,8,0,0,0,141,139,124,0,0,0,29,77,46,0,0,0,0,0,0,0,0,0,13,96,0,0,0,0,556,302,342,152,89,237,158,172,113,0,0,0,296,273,155,0,0,7,0,73,8,0,0,0,0,64,20,0,0,0,0,28,4,0,0,0,0,0,0,0,0,0,0,0,0,0,0,strafe_right
114,192,153,0,0,0,0,35,21,0,0,0,31,184,180,113,0,0,0,23,42,10,0,0,0,147,144,130,0,0,0,29,80,51,0,0,0,0,0,0,0,0,0,16,89,0,0,0,0,570,308,340,131,68,180,126,138,103,0,0,0,317,286,173,0,0,13,4,74,22,0,0,0,0,86,49,0,0,0,0,35,32,0,0,0,0,0,0,0,0,0,0,0,0,0,0,strafe_right
50,110,87,0,0,0,0,10,3,0,0,0,25,131,119,49,0,0,0,7,20,0,0,0,0,125,112,96,0,0,0,16,53,23,0,0,0,0,0,0,0,0,0,5,76,0,0,0,0,638,361,383,168,98,258,167,195,124,0,0,0,353,319,186,0,0,13,0,75,9,0,0,0,0,67,10,0,0,0,0,16,0,0,0,0,0,0,0,0,0,0,0,0,0,0,0,strafe_right
51,116,88,0,0,0,0,12,4,0,0,0,24,129,117,47,0,0,0,4,18,0,0,0,0,125,114,99,0,0,0,16,55,26,0,0,0,0,0,0,0,0,0,8,83,0,0,0,0,641,360,389,168,96,256,166,192,123,0,0,0,351,317,185,0,0,10,0,72,5,0,0,0,0,69,12,0,0,0,0,19,0,0,0,0,0,0,0,0,0,0,0,0,0,0,0,strafe_right
51,120,94,0,0,0,0,12,5,0,0,0,28,134,123,53,0,0,0,7,23,0,0,0,0,130,118,105,0,0,0,19,59,30,0,0,0,0,0,0,0,0,0,7,84,0,0,0,0,647,372,392,163,91,249,163,182,116,0,0,0,347,328,192,0,0,11,0,67,6,0,0,0,0,73,13,0,0,0,0,15,0,0,0,0,0,0,0,0,0,0,0,0,0,0,0,strafe_right
43,109,90,0,0,0,0,15,8,0,0,0,25,124,118,53,0,0,0,9,25,0,0,0,0,118,114,108,0,0,0,20,63,35,0,0,0,0,0,0,0,0,0,10,96,0,0,0,0,633,362,389,168,97,258,168,191,126,0,0,0,354,329,195,0,0,15,0,77,12,0,0,0,0,74,17,0,0,0,0,22,0,0,0,0,0,0,0,0,0,0,0,0,0,0,0,strafe_right
35,85,78,0,0,0,0,14,7,0,0,0,28,106,107,53,0,0,0,8,25,0,0,0,0,104,108,112,0,0,0,23,66,43,0,0,0,0,0,0,0,0,0,14,105,0,0,0,0,608,354,390,174,104,272,173,194,141,0,0,0,349,322,196,0,0,16,0,83,19,0,0,0,0,78,25,0,0,0,0,33,12,0,0,0,0,0,0,0,0,0,0,0,0,0,0,strafe_right
36,75,72,0,0,0,0,17,10,0,0,0,27,99,99,53,0,0,0,9,31,0,0,0,0,94,101,113,0,0,0,30,84,61,0,0,0,0,0,0,0,0,0,22,126,9,0,0,0,454,267,345,172,110,261,182,214,168,0,0,0,215,239,165,0,0,13,9,95,36,0,0,0,0,68,41,0,0,0,0,56,39,0,0,0,0,0,0,0,0,0,0,0,0,0,0,strafe_right
27,68,66,0,0,0,0,17,9,0,0,0,31,97,98,53,0,0,0,12,33,0,0,0,0,94,103,116,0,0,0,33,88,64,0,0,0,0,0,0,0,0,0,19,122,6,0,0,0,418,250,327,171,112,261,178,213,172,0,0,0,185,213,147,0,0,12,10,92,38,0,0,0,0,63,41,0,0,0,0,53,41,0,0,0,0,0,0,0,0,0,0,0,0,0,0,strafe_right
32,73,66,0,0,0,0,16,7,0,0,0,25,102,100,55,0,0,0,12,34,3,0,0,0,91,100,115,0,0,0,31,89,66,0,0,0,0,0,0,0,0,0,25,132,14,0,0,0,418,241,315,164,110,265,176,212,174,0,0,0,195,210,143,0,0,10,10,90,37,0,0,0,0,60,40,0,0,0,0,58,45,0,0,0,0,0,0,0,0,0,0,0,0,0,0,strafe_right
32,77,69,0,0,0,0,20,11,0,0,0,26,101,101,57,0,0,0,15,37,5,0,0,0,92,101,115,0,0,0,33,90,67,0,0,0,0,0,0,0,0,0,24,130,13,0,0,0,468,263,332,176,117,275,185,220,184,0,0,0,222,227,152,0,0,12,11,93,34,0,0,0,0,65,41,0,0,0,0,57,47,0,0,0,0,0,0,0,0,0,0,0,0,0,0,strafe_right
27,58,58,0,0,0,0,15,9,0,0,0,30,77,82,46,0,0,0,11,35,3,0,0,0,74,93,112,0,0,0,35,96,78,0,0,0,0,0,0,0,0,0,28,138,21,0,0,0,374,228,303,160,105,264,176,212,176,0,0,0,184,202,136,0,0,12,12,93,40,0,0,0,0,62,43,0,0,0,0,60,50,0,0,0,0,0,0,0,0,0,0,0,0,0,0,strafe_right
16,58,54,0,0,0,0,20,12,0,0,0,37,75,78,46,0,0,0,11,33,0,0,0,0,65,88,115,0,0,0,38,105,90,0,0,0,0,0,0,0,0,0,32,149,24,0,0,0,361,216,284,153,106,267,182,216,214,0,0,0,164,181,124,6,0,11,17,102,56,0,0,0,0,64,61,0,0,0,0,74,84,0,0,0,0,0,0,0,0,0,0,0,0,0,0,strafe_right
14,72,61,0,0,0,0,14,5,0,0,0,30,86,85,50,0,0,0,12,33,0,0,0,0,72,96,119,0,0,0,40,107,92,0,0,0,0,0,0,0,0,0,29,152,25,0,0,0,426,246,307,157,107,262,178,208,198,0,0,0,203,209,144,0,0,12,17,99,52,0,0,0,0,73,54,0,0,0,0,67,62,0,0,0,0,0,0,0,0,0,0,0,0,0,0,strafe_right
218,358,347,287,195,183,147,212,340,96,0,0,0,250,264,254,102,25,11,116,147,45,0,0,0,0,34,0,0,0,0,29,81,0,0,0,0,0,0,0,0,0,0,9,44,0,0,0,0,0,5,0,0,0,0,0,18,0,0,0,0,24,43,0,0,0,0,0,8,0,0,0,0,0,48,44,0,0,0,0,49,66,0,0,0,0,0,0,0,0,0,0,7,0,0,0,strafe_left
69,226,244,233,198,227,184,260,379,106,0,0,0,117,158,191,91,32,16,125,163,49,0,0,0,0,9,0,0,0,0,32,90,12,0,0,0,0,0,0,0,0,0,5,43,0,0,0,0,0,0,0,0,0,0,0,0,0,0,0,0,18,42,0,0,0,0,0,0,0,0,0,0,0,58,57,0,0,0,0,49,71,0,0,0,0,0,0,0,0,0,0,15,0,0,0,strafe_left
43,195,210,220,214,247,214,312,423,120,0,0,6,84,115,138,55,20,19,122,143,36,0,0,0,0,0,0,0,0,0,19,64,0,0,0,0,0,0,0,0,0,0,0,37,0,0,0,0,0,0,0,0,0,0,0,0,0,0,0,0,114,105,0,0,0,0,0,0,0,0,0,0,83,144,169,0,0,0,0,73,102,0,0,0,0,0,14,0,0,0,0,89,47,0,0,strafe_left
95,190,170,50,0,0,0,42,51,0,0,0,19,168,163,129,22,0,0,36,63,22,0,0,0,91,120,110,0,0,0,41,104,82,0,0,0,0,0,0,0,0,0,24,100,0,0,0,0,334,229,181,0,7,38,20,63,35,0,0,0,388,286,180,36,0,11,0,67,79,0,0,0,109,223,248,0,0,0,16,108,157,0,0,0,0,0,0,0,0,0,0,43,0,0,0,none
99,195,173,52,0,0,0,42,51,0,0,0,14,170,163,128,22,0,0,32,60,19,0,0,0,93,122,113,0,0,0,45,107,82,0,0,0,0,0,0,0,0,0,25,99,0,0,0,0,328,223,175,0,0,33,14,57,30,0,0,0,387,283,177,33,0,8,0,65,77,0,0,0,111,225,251,0,0,0,17,115,162,0,0,0,0,0,0,0,0,0,0,45,0,0,0,none
117,215,185,54,0,0,0,44,54,0,0,0,20,197,182,140,28,0,0,38,67,23,0,0,0,97,126,110,0,0,0,43,101,76,0,0,0,0,0,0,0,0,0,22,95,0,0,0,0,332,226,176,0,5,34,17,60,32,0,0,0,395,286,178,33,0,10,0,67,75,0,0,0,116,226,249,0,0,0,12,109,152,0,0,0,0,0,0,0,0,0,0,39,0,0,0,none
75,179,159,49,0,0,0,40,56,0,0,0,17,135,142,124,22,0,0,33,66,19,0,0,0,75,115,114,0,0,0,53,120,98,0,0,0,0,0,0,0,0,0,32,115,6,0,0,0,269,201,165,0,3,35,17,64,39,0,0,0,316,244,152,30,0,6,0,72,71,0,0,0,67,194,246,0,0,0,22,126,181,0,0,0,0,0,0,0,0,0,0,52,0,0,0,none
73,167,137,37,0,0,0,41,54,0,0,0,14,125,137,117,19,0,0,30,62,19,0,0,0,73,113,117,0,0,0,54,125,109,0,0,0,0,0,0,0,0,0,30,110,8,0,0,0,307,229,193,0,6,35,18,62,37,0,0,0,354,281,176,34,0,7,0,66,72,0,0,0,98,211,255,0,0,0,20,122,176,0,0,0,0,0,0,0,0,0,0,46,0,0,0,none
30,5,14,0,0,0,5,55,24,0,0,0,7,0,0,0,0,0,0,5,50,0,0,0,0,0,0,0,0,0,0,0,0,0,0,0,0,0,0,0,0,0,0,0,0,0,0,0,0,0,0,0,0,0,0,0,0,0,0,0,0,64,53,0,0,0,0,0,0,0,0,0,0,0,56,59,0,0,0,0,31,31,0,0,0,0,0,0,0,0,0,0,15,0,0,0,strafe_left
32,0,7,0,0,0,0,43,15,0,0,0,14,0,4,3,0,0,0,9,59,0,0,0,0,0,0,0,0,0,0,0,0,0,0,0,0,0,0,0,0,0,0,0,0,0,0,0,0,0,7,0,0,0,0,0,0,0,0,0,0,62,50,0,0,0,0,0,0,0,0,0,0,0,56,60,0,0,0,0,31,36,0,0,0,0,0,0,0,0,0,0,18,0,0,0,strafe_left
24,0,0,0,0,0,0,47,25,0,0,0,0,0,0,0,0,0,0,21,92,0,0,0,0,0,0,0,0,0,0,0,8,0,0,0,0,0,0,0,0,0,0,0,0,0,0,0,0,0,0,0,0,0,0,0,0,0,0,0,0,20,34,0,0,0,0,0,0,0,0,0,0,0,48,51,0,0,0,0,32,37,0,0,0,0,0,0,0,0,0,0,8,0,0,0,strafe_left
0,0,0,0,0,0,0,0,0,119,56,0,0,0,0,0,0,0,0,0,0,0,19,0,0,0,0,0,0,0,0,0,0,0,7,0,0,0,0,0,0,0,0,0,0,0,0,0,0,0,0,0,0,0,0,0,0,27,37,0,0,0,0,0,0,0,0,0,0,24,0,0,0,0,0,0,0,0,0,0,0,20,0,0,0,0,0,0,0,0,0,0,0,0,0,0,forward
0,0,0,0,0,0,0,0,0,9,0,0,0,0,0,0,0,0,0,0,0,9,22,0,0,0,0,0,0,0,0,0,0,12,21,0,0,0,0,0,0,0,0,0,0,0,0,0,0,0,0,0,0,0,0,0,0,21,34,0,0,0,0,0,0,0,0,0,0,34,0,0,0,0,0,0,0,0,0,0,0,21,0,0,0,0,0,0,0,0,0,0,0,0,0,0,forward
0,0,0,0,0,0,0,0,0,28,0,0,0,0,0,0,0,0,0,0,0,0,14,0,0,0,0,0,0,0,0,0,0,8,18,0,0,0,0,0,0,0,0,0,0,0,0,0,0,0,0,0,0,0,0,0,0,26,44,0,0,0,0,0,0,0,0,0,0,23,0,0,0,0,0,0,0,0,0,0,0,25,0,0,0,0,0,0,0,0,0,0,0,0,0,0,forward
0,0,0,0,0,0,0,0,0,6,0,0,0,0,0,0,0,0,0,0,0,7,21,0,0,0,0,0,0,0,0,0,0,0,18,0,0,0,0,0,0,0,0,0,0,0,0,0,0,0,0,0,0,0,0,0,0,27,53,0,0,0,0,0,0,0,0,0,0,28,0,0,0,0,0,0,0,0,0,0,0,25,0,0,0,0,0,0,0,0,0,0,0,0,0,0,forward
0,0,0,0,0,0,0,0,0,0,0,0,0,0,0,0,0,0,0,0,0,0,19,0,0,0,0,0,0,0,0,0,0,9,31,0,0,0,0,0,0,0,0,0,0,0,0,0,0,0,0,0,0,0,0,0,0,21,51,0,0,0,0,0,0,0,0,0,0,29,5,0,0,0,0,0,0,0,0,0,0,26,0,0,0,0,0,0,0,0,0,0,0,0,0,0,forward
0,0,0,0,0,0,0,0,0,0,0,0,0,0,0,0,0,0,0,0,0,3,34,0,0,0,0,0,0,0,0,0,0,5,29,15,0,0,0,0,0,0,0,0,0,0,0,0,0,0,0,0,0,0,0,0,0,24,59,0,0,0,0,0,0,0,0,0,0,31,9,0,0,0,0,0,0,0,0,0,0,20,0,0,0,0,0,0,0,0,0,0,0,0,0,0,forward
0,0,0,0,0,0,0,0,0,7,0,0,0,0,0,0,0,0,0,0,0,0,25,0,0,0,0,0,0,0,0,0,0,5,27,0,0,0,0,0,0,0,0,0,0,0,0,0,0,0,0,0,0,0,0,0,0,25,65,0,0,0,0,0,0,0,0,0,0,29,10,0,0,0,0,0,0,0,0,0,0,23,0,0,0,0,0,0,0,0,0,0,0,0,0,0,forward
0,0,0,0,0,0,0,0,0,9,0,0,0,0,0,0,0,0,0,0,0,0,39,0,0,0,0,0,0,0,0,0,0,10,34,15,0,0,0,0,0,0,0,0,0,0,0,0,0,0,0,0,0,0,0,0,0,27,81,0,0,0,0,0,0,0,0,0,0,32,16,0,0,0,0,0,0,0,0,0,0,25,0,0,0,0,0,0,0,0,0,0,0,0,0,0,forward
0,0,0,0,0,0,0,0,0,16,7,0,0,0,0,0,0,0,0,0,0,0,45,0,0,0,0,0,0,0,0,0,0,0,25,29,0,0,0,0,0,0,0,0,0,0,0,0,0,0,0,0,0,0,0,0,0,7,56,0,0,0,0,0,0,0,0,0,0,25,16,0,0,0,0,0,0,0,0,0,0,35,0,0,0,0,0,0,0,0,0,0,0,0,0,0,forward
0,0,0,0,0,0,0,0,0,5,9,0,0,0,0,0,0,0,0,0,0,0,61,0,0,0,0,0,0,0,0,0,6,0,36,64,0,0,0,0,0,0,0,0,0,0,0,0,0,0,0,0,0,0,0,0,0,0,37,0,0,0,0,0,0,0,0,0,0,3,15,0,0,0,0,0,0,0,0,0,0,15,0,0,0,0,0,0,0,0,0,0,0,0,0,0,forward
0,0,0,0,0,0,0,0,0,0,9,0,0,0,0,0,0,0,0,0,0,0,62,0,0,0,0,0,0,0,0,0,0,0,23,32,0,0,0,0,0,0,0,0,0,0,0,0,0,0,0,0,0,0,0,0,0,11,54,0,0,0,0,0,0,0,0,0,0,31,16,0,0,0,0,0,0,0,0,0,0,36,0,0,0,0,0,0,0,0,0,0,0,0,0,0,forward
0,0,0,0,0,0,0,0,0,3,16,0,0,0,0,0,0,0,0,0,0,0,73,0,0,0,0,0,0,0,0,0,0,0,29,19,0,0,0,0,0,0,0,0,0,0,0,0,0,0,0,0,0,0,0,0,0,7,63,0,0,0,0,0,0,0,0,0,0,21,18,0,0,0,0,0,0,0,0,0,0,32,0,0,0,0,0,0,0,0,0,0,0,0,0,0,forward
0,0,0,0,0,0,0,0,0,18,13,0,0,0,0,0,0,0,0,0,0,0,44,0,0,0,0,0,0,0,0,0,0,0,9,0,0,0,0,0,0,0,0,0,0,0,0,0,0,0,0,0,0,0,0,0,0,27,58,0,0,0,0,0,0,0,0,0,0,50,14,0,0,0,0,0,0,0,0,0,0,40,0,0,0,0,0,0,0,0,0,0,0,0,0,0,forward
0,0,0,0,0,0,0,0,0,23,20,0,0,0,0,0,0,0,0,0,0,0,44,0,0,0,0,0,0,0,0,0,0,0,13,0,0,0,0,0,0,0,0,0,0,0,0,0,0,0,0,0,0,0,0,0,0,24,57,0,0,0,0,0,0,0,0,0,0,39,8,0,0,0,0,0,0,0,0,0,0,30,0,0,0,0,0,0,0,0,0,0,0,0,0,0,forward
0,0,0,0,0,0,0,0,0,0,0,0,0,0,0,0,0,0,0,0,0,0,20,0,0,0,0,0,0,0,0,0,0,17,16,0,0,0,0,0,0,0,0,0,0,0,0,0,0,0,0,0,0,0,0,0,0,37,62,0,0,0,0,0,0,0,0,0,0,48,6,0,0,0,0,0,0,0,0,0,0,26,0,0,0,0,0,0,0,0,0,0,0,0,0,0,forward
0,0,0,0,0,0,0,0,0,8,0,0,0,0,0,0,0,0,0,0,0,0,9,0,0,0,0,0,0,0,0,0,0,10,10,0,0,0,0,0,0,0,0,0,0,0,0,0,0,0,0,0,0,0,0,0,0,32,36,0,0,0,0,0,0,0,0,0,0,41,0,0,0,0,0,0,0,0,0,0,0,24,0,0,0,0,0,0,0,0,0,0,0,0,0,0,forward
0,0,0,0,0,0,0,0,0,12,0,0,0,0,0,0,0,0,0,0,0,5,8,0,0,0,0,0,0,0,0,0,0,16,11,0,0,0,0,0,0,0,0,0,0,0,0,0,0,0,0,0,0,0,0,0,0,28,21,0,0,0,0,0,0,0,0,0,0,43,0,0,0,0,0,0,0,0,0,0,0,27,0,0,0,0,0,0,0,0,0,0,0,0,0,0,forward
0,0,0,0,0,0,0,0,0,24,0,0,0,0,0,0,0,0,0,0,0,0,3,0,0,0,0,0,0,0,0,0,0,12,10,0,0,0,0,0,0,0,0,0,0,0,0,0,0,0,0,0,0,0,0,0,0,22,7,0,0,0,0,0,0,0,0,0,0,40,0,0,0,0,0,0,0,0,0,0,0,32,0,0,0,0,0,0,0,0,0,0,0,0,0,0,forward
0,0,0,0,0,0,0,0,0,35,0,0,0,0,0,0,0,0,0,0,0,13,21,0,0,0,0,0,0,0,0,0,0,20,21,0,0,0,0,0,0,0,0,0,0,0,0,0,0,0,0,0,0,0,0,0,10,26,15,0,0,0,0,0,0,0,0,0,0,42,0,0,0,0,0,0,0,0,0,0,0,26,0,0,0,0,0,0,0,0,0,0,0,0,0,0,forward
0,0,0,0,0,0,0,0,0,39,0,0,0,0,0,0,0,0,0,0,0,26,41,0,0,0,0,0,0,0,0,0,0,10,8,0,0,0,0,0,0,0,0,0,0,0,0,0,0,0,0,0,0,0,0,0,7,16,0,0,0,0,0,0,0,0,0,0,0,29,0,0,0,0,0,0,0,0,0,0,0,18,0,0,0,0,0,0,0,0,0,0,0,0,0,0,forward
0,0,0,0,0,0,0,0,0,38,0,0,0,0,0,0,0,0,0,0,0,18,34,0,0,0,0,0,0,0,0,0,0,18,18,0,0,0,0,0,0,0,0,0,0,0,0,0,0,0,0,0,0,0,0,0,11,19,0,0,0,0,0,0,0,0,0,0,0,37,0,0,0,0,0,0,0,0,0,0,0,25,0,0,0,0,0,0,0,0,0,0,0,0,0,0,forward
0,0,0,0,0,0,0,0,0,41,5,0,0,0,0,0,0,0,0,0,0,20,43,0,0,0,0,0,0,0,0,0,0,17,20,0,0,0,0,0,0,0,0,0,0,0,0,0,0,0,0,0,0,0,0,0,15,27,17,0,0,0,0,0,0,0,0,0,0,30,0,0,0,0,0,0,0,0,0,0,0,24,0,0,0,0,0,0,0,0,0,0,0,0,0,0,forward
0,0,0,0,0,0,0,0,0,49,14,0,0,0,0,0,0,0,0,0,0,10,26,0,0,0,0,0,0,0,0,0,0,13,15,0,0,0,0,0,0,0,0,0,0,0,0,0,0,0,0,0,0,0,0,0,11,20,0,0,0,0,0,0,0,0,0,0,0,36,0,0,0,0,0,0,0,0,0,0,0,26,0,0,0,0,0,0,0,0,0,0,0,0,0,0,forward
0,10,17,0,0,0,0,0,0,0,0,0,9,19,27,0,0,0,0,0,0,0,0,0,0,0,30,0,0,0,0,0,0,0,0,0,0,0,0,0,0,0,0,0,0,0,0,0,0,0,0,0,0,0,0,0,15,0,0,0,0,0,18,0,0,0,0,0,0,0,0,0,0,0,63,27,0,0,0,0,0,0,0,0,0,0,44,6,0,0,0,0,0,0,0,0,backward
0,25,38,0,0,0,0,0,0,0,0,0,12,23,31,0,0,0,0,0,0,0,0,0,0,0,28,0,0,0,0,0,0,0,0,0,0,0,0,0,0,0,0,0,0,0,0,0,0,0,0,0,0,0,0,0,0,0,0,0,0,0,23,30,0,0,0,0,0,0,0,0,0,0,72,30,0,0,0,0,0,0,0,0,0,0,47,0,0,0,0,0,0,0,0,0,backward
0,4,19,0,0,0,0,0,0,0,0,0,0,10,15,0,0,0,0,0,0,0,0,0,0,0,73,0,0,0,0,0,0,0,0,0,0,0,0,0,0,0,0,0,0,0,0,0,0,0,0,0,0,0,0,0,25,0,0,0,0,0,155,32,0,0,0,0,0,0,0,0,0,0,45,25,0,0,0,0,0,0,0,0,0,0,27,42,0,0,0,0,0,0,0,0,backward
21,0,0,0,0,0,0,0,0,0,0,0,52,75,0,0,0,0,0,0,0,0,0,0,21,0,0,0,0,0,0,0,0,0,0,0,0,0,0,0,0,0,0,0,0,0,0,0,0,34,25,9,0,0,0,5,0,0,0,0,0,62,19,0,0,0,0,0,0,0,0,0,0,0,13,0,0,0,0,0,0,0,0,0,0,0,0,0,0,0,0,0,0,0,0,0,backward
11,0,0,0,0,0,0,0,0,0,0,0,49,84,0,0,0,0,0,0,0,0,0,0,24,0,0,0,0,0,0,0,0,0,0,0,0,0,0,0,0,0,0,0,0,0,0,0,0,29,25,8,0,0,0,15,0,0,0,0,0,58,13,0,0,0,0,0,0,0,0,0,0,0,10,0,0,0,0,0,0,0,0,0,0,0,0,0,0,0,0,0,0,0,0,0,backward
24,0,0,0,0,0,0,0,0,0,0,0,65,89,0,0,0,0,0,0,0,0,0,0,16,0,0,0,0,0,0,0,0,0,0,0,0,0,0,0,0,0,0,0,0,0,0,0,0,25,22,4,0,0,0,0,0,0,0,0,0,70,14,0,0,0,0,0,0,0,0,0,0,0,12,0,0,0,0,0,0,0,0,0,0,0,0,0,0,0,0,0,0,0,0,0,backward
35,0,0,0,0,0,0,0,0,0,0,0,67,87,0,0,0,0,0,0,0,0,0,0,21,0,0,0,0,0,0,0,0,0,0,0,0,0,0,0,0,0,0,0,0,0,0,0,0,19,16,0,0,0,0,0,0,0,0,0,0,42,7,0,0,0,0,0,0,0,0,0,0,0,4,0,0,0,0,0,0,0,0,0,0,0,0,0,0,0,0,0,0,0,0,0,backward
0,0,0,0,0,0,0,7,0,0,0,0,29,0,0,0,0,0,0,0,0,0,0,0,0,0,0,0,0,0,0,43,0,0,0,0,0,0,0,0,0,0,0,0,0,0,0,0,0,0,0,0,0,0,0,0,0,0,0,0,0,0,14,0,0,0,0,0,5,0,0,0,0,0,15,0,0,0,0,0,9,0,0,0,0,0,0,0,0,0,0,0,0,0,0,0,none
3,0,0,0,0,0,0,22,0,0,0,0,33,4,0,0,0,0,0,0,0,0,0,0,0,0,0,0,0,0,0,54,0,0,0,0,0,0,0,0,0,0,0,0,0,0,0,0,0,0,0,0,0,0,0,0,15,0,0,0,0,0,14,0,0,0,0,0,0,0,0,0,0,0,17,0,0,0,0,0,12,0,0,0,0,0,0,0,0,0,0,0,6,0,0,0,none
0,0,0,0,0,0,0,17,0,0,0,0,29,0,0,0,0,0,0,7,0,0,0,0,0,0,0,0,0,0,0,59,0,0,0,0,0,0,0,0,0,0,0,0,0,0,0,0,0,0,0,0,0,0,0,0,12,0,0,0,0,0,16,0,0,0,0,0,0,0,0,0,0,0,14,0,0,0,0,0,12,0,0,0,0,0,0,0,0,0,0,0,10,0,0,0,none
0,0,0,0,0,0,5,32,0,0,0,0,17,0,0,0,0,0,0,0,0,0,0,0,0,0,0,0,0,0,0,77,0,0,0,0,0,0,0,0,0,0,0,7,0,0,0,0,0,0,0,0,0,0,0,0,16,0,0,0,0,0,13,0,0,0,0,0,0,0,0,0,0,0,14,0,0,0,0,0,16,0,0,0,0,0,0,0,0,0,0,0,5,0,0,0,none
0,0,0,0,0,0,0,12,0,0,0,0,14,0,0,0,0,0,0,0,0,0,0,0,0,0,0,0,0,0,0,58,0,0,0,0,0,0,0,0,0,0,0,9,0,0,0,0,0,0,0,0,0,0,0,0,10,0,0,0,0,0,16,0,0,0,0,0,0,0,0,0,0,0,16,0,0,0,0,0,9,0,0,0,0,0,0,0,0,0,0,0,0,0,0,0,none
0,0,0,0,0,0,0,0,0,0,0,0,7,0,0,0,0,0,0,0,0,0,0,0,36,0,0,0,0,0,0,7,0,0,0,0,0,0,0,0,0,0,20,114,20,0,0,0,0,0,0,0,0,15,0,19,102,0,0,0,0,0,4,0,0,0,0,0,0,0,0,0,0,0,0,0,0,0,0,0,0,0,0,0,0,0,0,0,0,0,0,0,0,0,0,0,strafe_right
0,0,0,0,0,0,0,0,0,0,0,0,0,0,0,0,0,0,0,0,0,0,0,0,25,0,0,0,0,0,0,8,0,0,0,0,0,0,0,0,0,0,21,116,21,0,0,0,0,0,0,0,0,24,6,29,122,0,0,0,0,0,8,0,0,0,0,0,0,0,0,0,0,0,0,0,0,0,0,0,0,0,0,0,0,0,0,0,0,0,0,0,0,0,0,0,strafe_right
0,0,0,0,0,0,0,0,0,0,0,0,10,0,0,0,0,0,0,0,0,0,0,0,23,0,0,0,0,0,0,0,0,0,0,0,0,0,0,0,0,0,9,63,15,0,0,0,0,0,0,0,0,19,0,24,97,0,0,0,0,0,10,0,0,0,0,0,0,0,0,0,0,0,0,0,0,0,0,0,0,0,0,0,0,0,0,0,0,0,0,0,0,0,0,0,strafe_right
0,0,0,0,0,0,0,0,0,0,0,0,0,0,0,0,0,0,0,0,0,0,0,0,0,0,0,0,0,0,0,20,0,0,0,0,0,0,0,0,0,0,33,173,38,0,0,0,0,0,0,0,0,19,8,38,154,0,0,0,0,0,0,0,0,0,0,0,0,0,0,0,0,0,0,0,0,0,0,0,0,0,0,0,0,0,0,0,0,0,0,0,0,0,0,0,strafe_right
0,0,0,0,0,0,0,0,0,0,0,0,0,0,0,0,0,0,0,0,0,0,0,0,8,0,0,0,0,0,0,26,0,0,0,0,0,0,0,0,0,0,21,176,42,0,0,0,0,0,0,0,0,0,5,59,73,0,0,0,0,0,0,0,0,0,0,0,0,0,0,0,0,0,0,0,0,0,0,0,0,0,0,0,0,0,0,0,0,0,0,0,0,0,0,0,strafe_right
0,0,0,0,0,0,0,0,0,0,0,0,0,0,0,0,0,0,0,0,0,0,0,0,16,0,0,0,0,0,0,34,0,0,0,0,0,0,0,0,0,0,21,128,29,0,0,0,6,0,17,0,0,0,0,37,74,0,0,0,0,0,0,0,0,0,0,0,0,0,0,0,0,0,0,0,0,0,0,0,0,0,0,0,0,0,0,0,0,0,0,0,0,0,0,0,strafe_right
0,0,0,0,0,0,0,0,0,0,0,0,0,0,0,0,0,0,0,0,0,0,0,0,10,0,0,0,0,0,0,41,0,0,0,0,0,0,0,0,0,0,30,153,34,0,0,0,4,0,9,0,0,0,0,36,85,0,0,0,0,0,0,0,0,0,0,0,0,0,0,0,0,0,0,0,0,0,0,0,0,0,0,0,0,0,0,0,0,0,0,0,0,0,0,0,strafe_right
0,0,0,0,0,0,0,0,0,0,0,0,0,0,0,0,0,0,0,0,0,0,0,0,0,0,0,0,0,0,0,52,0,0,0,0,0,0,0,0,0,0,35,199,46,0,0,0,0,0,0,0,0,0,0,32,111,0,0,0,0,0,0,0,0,0,0,0,0,0,0,0,0,0,0,0,0,0,0,0,0,0,0,0,0,0,0,0,0,0,0,0,0,0,0,0,strafe_right
0,0,0,0,0,0,0,0,0,0,0,0,0,8,0,0,0,0,0,0,0,0,0,0,31,0,0,0,0,0,0,34,0,0,0,0,0,0,0,0,0,0,9,97,15,0,0,0,10,0,15,0,0,0,0,30,81,0,0,0,0,0,0,0,0,0,0,0,6,0,0,0,0,0,0,0,0,0,0,0,0,0,0,0,0,0,0,0,0,0,0,0,0,0,0,0,strafe_right
0,0,0,0,0,0,0,0,0,0,0,0,0,0,0,0,0,0,0,0,0,0,0,0,11,0,0,0,0,0,0,46,0,0,0,0,0,0,0,0,0,0,19,148,32,0,0,0,0,0,4,0,0,0,0,33,94,0,0,0,0,0,0,0,0,0,0,0,11,0,0,0,0,0,0,0,0,0,0,0,0,0,0,0,0,0,0,0,0,0,0,0,0,0,0,0,strafe_right
0,0,0,0,0,0,43,3,0,0,0,0,0,0,0,0,0,0,0,0,0,0,0,0,0,0,0,0,0,0,0,0,0,0,0,0,0,0,0,0,0,0,0,0,0,0,0,0,0,0,0,0,0,0,0,0,0,0,0,0,0,0,0,0,0,0,0,0,0,0,0,0,0,0,8,0,0,0,0,0,0,0,0,0,0,0,22,0,0,0,0,0,14,0,0,0,strafe_left
4,0,0,0,0,0,46,30,0,0,0,0,0,0,0,0,0,0,0,0,0,0,0,0,0,0,0,0,0,0,0,0,0,0,0,0,0,0,0,0,0,0,0,0,0,0,0,0,0,0,0,0,0,0,0,0,0,0,0,0,0,0,0,0,0,0,0,0,0,0,0,0,0,0,9,0,0,0,0,0,0,0,0,0,0,0,28,0,0,0,0,0,12,0,0,0,strafe_left
0,0,0,0,0,0,24,5,0,0,0,0,0,0,0,0,0,0,0,0,0,0,0,0,0,0,0,0,0,0,0,0,0,0,0,0,0,0,0,0,0,0,0,0,0,0,0,0,0,0,0,0,0,0,0,0,0,0,0,0,0,0,0,0,0,0,0,0,0,0,0,0,0,0,5,0,0,0,0,0,0,0,0,0,0,0,28,0,0,0,0,0,15,0,0,0,strafe_left
0,0,0,0,0,0,33,15,0,0,0,0,0,0,0,0,0,0,0,0,0,0,0,0,0,0,0,0,0,0,0,0,0,0,0,0,0,0,0,0,0,0,0,0,0,0,0,0,0,0,0,0,0,0,0,0,0,0,0,0,0,0,0,0,0,0,0,0,0,0,0,0,0,0,3,0,0,0,0,0,0,0,0,0,0,0,16,0,0,0,0,0,21,0,0,0,strafe_left
0,0,0,0,0,0,62,27,0,0,0,0,0,0,0,0,0,0,0,0,0,0,0,0,0,0,0,0,0,0,0,0,0,0,0,0,0,0,0,0,0,0,0,0,0,0,0,0,0,0,0,0,0,0,0,0,0,0,0,0,0,0,0,0,0,0,0,0,0,0,0,0,0,0,0,0,0,0,0,0,3,7,0,0,0,0,0,0,0,0,0,0,25,6,0,0,strafe_left
10,0,0,0,0,0,52,14,0,0,0,0,0,0,0,0,0,0,0,0,0,0,0,0,0,0,0,0,0,0,0,0,0,0,0,0,0,0,0,0,0,0,0,0,0,0,0,0,0,0,0,0,0,0,0,0,0,0,0,0,0,0,0,0,0,0,0,0,0,0,0,0,0,0,0,0,0,0,0,0,0,0,0,0,0,0,0,0,0,0,0,0,18,0,0,0,strafe_left
0,0,0,0,0,0,23,0,0,0,0,0,0,0,0,0,0,0,0,0,0,0,0,0,0,0,0,0,0,0,0,0,0,0,0,0,0,0,0,0,0,0,0,0,0,0,0,0,0,0,0,0,0,0,0,0,0,0,0,0,0,0,0,0,0,0,0,0,0,0,0,0,0,0,4,0,0,0,0,0,0,0,0,0,0,0,11,0,0,0,0,0,15,0,0,0,strafe_left
20,0,0,0,0,0,31,0,0,0,0,0,0,0,0,0,0,0,0,0,0,0,0,0,0,0,0,0,0,0,0,0,0,0,0,0,0,0,0,0,0,0,0,0,0,0,0,0,0,0,0,0,0,0,0,0,0,0,0,0,0,0,0,0,0,0,0,0,0,0,0,0,0,0,3,0,0,0,0,0,0,0,0,0,0,0,15,0,0,0,0,0,23,5,0,0,strafe_left
23,0,0,0,0,0,22,0,0,0,0,0,0,0,0,0,0,0,0,0,0,0,0,0,0,0,0,0,0,0,0,0,0,0,0,0,0,0,0,0,0,0,0,0,0,0,0,0,0,0,0,0,0,0,0,0,0,0,0,0,0,0,0,0,0,0,0,0,0,0,0,0,0,0,5,0,0,0,0,0,0,0,0,0,0,0,12,0,0,0,0,0,20,5,0,0,strafe_left
23,0,0,0,0,0,34,0,0,0,0,0,0,0,0,0,0,0,0,0,0,0,0,0,0,0,0,0,0,0,0,0,0,0,0,0,0,0,0,0,0,0,0,0,0,0,0,0,0,0,0,0,0,0,0,0,0,0,0,0,0,0,0,0,0,0,0,0,0,0,0,0,0,0,3,0,0,0,0,0,0,0,0,0,0,0,8,0,0,0,0,0,23,5,0,0,strafe_left
0,0,0,0,0,0,48,16,0,0,0,0,0,0,0,0,0,0,0,0,0,0,0,0,0,0,0,0,0,0,0,0,0,0,0,0,0,0,0,0,0,0,0,0,0,0,0,0,0,0,0,0,0,0,0,0,0,0,0,0,0,0,0,0,0,0,0,0,0,0,0,0,0,0,3,0,0,0,0,0,0,0,0,0,0,0,0,0,0,0,0,0,21,0,0,0,strafe_left
0,0,0,0,4,0,67,30,0,0,0,0,0,0,0,0,0,0,0,0,0,0,0,0,0,0,0,0,0,0,0,0,0,0,0,0,0,0,0,0,0,0,0,0,0,0,0,0,0,0,0,0,0,0,0,0,0,0,0,0,0,0,0,0,0,0,0,0,0,0,0,0,0,0,3,0,0,0,0,0,0,4,0,0,0,0,0,0,0,0,0,0,24,8,0,0,strafe_left
0,0,0,0,0,0,54,13,0,0,0,0,0,0,0,0,0,0,0,0,0,0,0,0,0,0,0,0,0,0,0,0,0,0,0,0,0,0,0,0,0,0,0,0,0,0,0,0,0,0,0,0,0,0,0,0,0,0,0,0,0,0,0,0,0,0,0,0,0,0,0,0,0,0,11,0,0,0,0,0,5,15,0,0,0,0,0,0,0,0,0,0,25,4,0,0,strafe_left
7,0,0,0,7,0,59,23,0,0,0,0,0,0,0,0,0,0,0,0,0,0,0,0,0,0,0,0,0,0,0,0,0,0,0,0,0,0,0,0,0,0,0,0,0,0,0,0,0,0,0,0,0,0,0,0,0,0,0,0,0,0,0,0,0,0,0,0,0,0,0,0,0,0,13,0,0,0,0,0,0,0,0,0,0,0,0,0,0,0,0,0,14,0,0,0,strafe_left
19,0,0,0,0,0,38,5,0,0,0,0,0,0,0,0,0,0,0,0,0,0,0,0,0,0,0,0,0,0,0,0,0,0,0,0,0,0,0,0,0,0,0,0,0,0,0,0,0,0,0,0,0,0,0,0,0,0,0,0,0,0,0,0,0,0,0,0,0,0,0,0,0,0,19,0,0,0,0,0,0,0,0,0,0,0,0,0,0,0,0,0,6,0,0,0,strafe_left
27,0,0,0,0,0,28,0,0,0,0,0,0,0,0,0,0,0,0,0,0,0,0,0,0,0,0,0,0,0,0,0,0,0,0,0,0,0,0,0,0,0,0,0,0,0,0,0,0,0,0,0,0,0,0,0,0,0,0,0,0,0,0,0,0,0,0,0,0,0,0,0,0,0,26,0,0,0,0,0,5,0,0,0,0,0,3,0,0,0,0,0,4,0,0,0,strafe_left
35,0,0,0,0,0,0,0,0,0,0,0,30,72,0,0,0,0,0,0,0,0,0,0,0,0,0,0,0,0,0,0,0,0,0,0,0,0,0,0,0,0,0,0,6,0,0,0,0,0,0,0,0,0,0,0,0,0,0,0,0,0,24,0,0,0,0,0,6,0,0,0,0,0,114,6,0,0,0,0,0,0,0,0,0,0,11,0,0,0,0,0,0,0,0,0,backward
0,0,0,0,0,0,0,0,0,0,0,0,0,0,0,0,0,0,0,0,0,0,0,0,7,53,0,0,0,0,0,11,0,0,0,0,0,0,0,0,0,0,0,29,0,0,0,0,0,0,0,0,0,3,0,0,54,0,0,0,0,0,0,0,0,0,0,0,32,0,0,0,0,0,13,0,0,0,0,0,0,0,0,0,0,0,0,0,0,0,0,0,0,0,0,0,strafe_right
0,0,0,0,0,0,0,0,0,0,0,0,0,0,0,0,0,0,0,0,0,0,0,0,0,0,0,0,0,0,0,0,0,0,0,0,0,0,0,0,0,0,6,23,12,0,0,0,0,0,0,0,0,0,0,3,53,0,0,0,0,0,12,0,0,0,0,0,39,0,0,0,0,0,19,0,0,0,0,0,0,0,0,0,0,0,0,0,0,0,0,0,0,0,0,0,strafe_right
0,0,95,46,0,0,0,0,0,0,0,0,0,0,77,50,0,0,0,0,0,0,0,0,0,0,0,0,0,0,0,0,0,0,0,0,0,0,0,0,0,0,0,0,0,0,0,0,0,0,0,0,0,0,0,0,0,0,0,0,0,0,10,7,0,0,0,0,0,0,0,0,0,0,89,33,0,0,0,0,0,0,0,0,0,0,3,5,0,0,0,0,0,0,0,0,backward
0,0,97,50,0,0,0,0,0,0,0,0,0,0,59,39,0,0,0,0,0,0,0,0,0,0,0,0,0,0,0,0,0,0,0,0,0,0,0,0,0,0,0,0,0,0,0,0,0,0,0,0,0,0,0,0,0,0,0,0,0,0,17,25,0,0,0,0,0,0,0,0,0,0,111,40,0,0,0,0,0,0,0,0,0,0,4,0,0,0,0,0,0,0,0,0,backward
0,0,100,55,0,0,0,0,0,0,0,0,0,0,83,54,0,0,0,0,0,0,0,0,0,0,0,0,0,0,0,0,0,0,0,0,0,0,0,0,0,0,0,0,0,0,0,0,0,0,0,0,0,0,0,0,0,0,0,0,0,0,21,28,0,0,0,0,0,0,0,0,0,0,111,36,0,0,0,0,0,0,0,0,0,0,0,0,0,0,0,0,0,0,0,0,backward
0,0,105,61,0,0,0,0,0,0,0,0,0,0,81,59,0,0,0,0,0,0,0,0,0,0,0,0,0,0,0,0,0,0,0,0,0,0,0,0,0,0,0,0,0,0,0,0,0,0,0,0,0,0,0,0,0,0,0,0,0,0,23,34,0,0,0,0,0,0,0,0,0,0,99,38,0,0,0,0,0,0,0,0,0,0,5,0,0,0,0,0,0,0,0,0,backward
0,0,101,62,0,0,0,0,0,0,0,0,0,0,75,47,0,0,0,0,0,0,0,0,0,0,0,0,0,0,0,0,0,0,0,0,0,0,0,0,0,0,0,0,0,0,0,0,0,0,0,0,0,0,0,0,0,0,0,0,0,0,20,33,0,0,0,0,0,0,0,0,0,0,89,36,0,0,0,0,0,0,0,0,0,0,4,0,0,0,0,0,0,0,0,0,backward
0,0,109,63,0,0,0,0,0,0,0,0,0,0,84,47,0,0,0,0,0,0,0,0,0,0,0,0,0,0,0,0,0,0,0,0,0,0,0,0,0,0,0,0,0,0,0,0,0,0,0,0,0,0,0,0,0,0,0,0,0,0,29,34,0,0,0,0,0,0,0,0,0,0,97,43,0,0,0,0,0,0,0,0,0,0,0,0,0,0,0,0,0,0,0,0,backward
0,0,140,66,0,0,0,0,0,0,0,0,0,0,93,43,0,0,0,0,0,0,0,0,0,0,0,0,0,0,0,0,0,0,0,0,0,0,0,0,0,0,0,0,0,0,0,0,0,0,0,0,0,0,0,0,0,0,0,0,0,0,31,35,0,0,0,0,0,0,0,0,0,0,109,59,0,0,0,0,0,0,0,0,0,0,0,0,0,0,0,0,0,0,0,0,backward
0,0,152,75,0,0,0,0,0,0,0,0,0,0,94,40,0,0,0,0,0,0,0,0,0,0,0,0,0,0,0,0,0,0,0,0,0,0,0,0,0,0,0,0,0,0,0,0,0,0,0,0,0,0,0,0,0,0,0,0,0,0,25,30,0,0,0,0,0,0,0,0,0,0,85,40,0,0,0,0,0,0,0,0,0,0,12,0,0,0,0,0,0,0,0,0,backward
0,0,139,64,0,0,0,0,0,0,0,0,0,0,99,50,0,0,0,0,0,0,0,0,0,0,0,0,0,0,0,0,0,0,0,0,0,0,0,0,0,0,0,0,0,0,0,0,0,0,0,0,0,0,0,0,0,0,0,0,0,0,32,36,0,0,0,0,0,0,0,0,0,0,79,39,0,0,0,0,0,0,0,0,0,0,12,0,0,0,0,0,0,0,0,0,backward
0,0,117,59,0,0,0,0,0,0,0,0,0,0,101,55,0,0,0,0,0,0,0,0,0,0,0,0,0,0,0,0,0,0,0,0,0,0,0,0,0,0,0,0,0,0,0,0,0,0,0,0,0,0,0,0,0,0,0,0,0,0,42,39,0,0,0,0,0,0,0,0,0,0,81,41,0,0,0,0,0,0,0,0,0,0,4,0,0,0,0,0,0,0,0,0,backward
0,0,110,62,0,0,0,0,0,0,0,0,0,0,98,59,0,0,0,0,0,0,0,0,0,0,0,0,0,0,0,0,0,0,0,0,0,0,0,0,0,0,0,0,0,0,0,0,0,0,0,0,0,0,0,0,0,0,0,0,0,0,42,40,0,0,0,0,0,0,0,0,0,0,94,48,0,0,0,0,0,0,0,0,0,0,5,0,0,0,0,0,0,0,0,0,backward
0,0,117,66,0,0,0,0,0,0,0,0,0,0,103,66,0,0,0,0,0,0,0,0,0,0,0,0,0,0,0,0,0,0,0,0,0,0,0,0,0,0,0,0,0,0,0,0,0,0,0,0,0,0,0,0,0,0,0,0,0,0,37,37,0,0,0,0,0,0,0,0,0,0,99,52,0,0,0,0,0,0,0,0,0,0,8,0,0,0,0,0,0,0,0,0,backward
0,0,120,66,0,0,0,0,0,0,0,0,0,0,103,62,0,0,0,0,0,0,0,0,0,0,3,3,0,0,0,0,0,0,0,0,0,0,0,0,0,0,0,0,0,0,0,0,0,0,0,0,0,0,0,0,0,0,0,0,0,0,33,36,0,0,0,0,0,0,0,0,0,0,95,51,0,0,0,0,0,0,0,0,0,0,10,0,0,0,0,0,0,0,0,0,backward
0,0,126,83,0,0,0,0,0,0,0,0,0,0,111,69,0,0,0,0,0,0,0,0,0,0,0,0,0,0,0,0,0,0,0,0,0,0,0,0,0,0,0,0,0,0,0,0,0,0,0,0,0,0,0,0,0,0,0,0,0,0,39,39,0,0,0,0,0,0,0,0,0,0,53,45,0,0,0,0,0,0,0,0,0,0,27,0,0,0,0,0,0,0,0,0,backward
0,0,137,83,0,0,0,0,0,0,0,0,0,0,103,60,0,0,0,0,0,0,0,0,0,0,0,0,0,0,0,0,0,0,0,0,0,0,0,0,0,0,0,0,0,0,0,0,0,0,0,0,0,0,0,0,0,0,0,0,0,0,40,39,0,0,0,0,0,0,0,0,0,0,48,37,0,0,0,0,0,0,0,0,0,0,21,0,0,0,0,0,0,0,0,0,backward
0,0,174,93,0,0,0,0,0,0,0,0,0,0,114,71,0,0,0,0,0,0,0,0,0,0,0,0,0,0,0,0,0,0,0,0,0,0,0,0,0,0,0,0,0,0,0,0,0,0,0,0,0,0,0,0,0,0,0,0,0,0,53,36,0,0,0,0,0,0,0,0,0,0,46,37,0,0,0,0,0,0,0,0,0,0,9,0,0,0,0,0,0,0,0,0,backward
12,0,22,19,0,0,0,0,5,0,0,0,0,0,0,0,0,0,0,0,0,0,0,0,0,0,0,0,0,0,0,0,0,0,0,0,0,0,0,0,0,0,0,0,0,0,0,0,0,0,0,0,0,0,0,0,0,0,0,0,0,0,3,0,0,0,0,0,0,0,0,0,0,0,19,0,0,0,0,0,16,0,0,0,0,0,106,0,0,0,0,0,29,0,0,0,strafe_left
0,0,0,0,0,0,0,0,0,0,0,0,0,0,0,0,0,0,0,0,0,0,0,0,0,3,16,0,0,0,0,0,0,0,0,0,0,0,0,0,0,0,0,0,20,0,0,0,0,0,4,0,0,0,59,202,0,0,0,0,0,0,0,0,0,0,0,0,0,0,0,0,0,0,0,0,0,0,0,0,0,0,0,0,0,0,0,0,0,0,0,0,0,0,0,0,strafe_right
0,0,0,0,0,0,0,0,0,0,0,0,0,0,0,0,0,0,0,0,0,0,0,0,0,18,23,0,0,0,0,0,0,0,0,0,0,0,0,0,0,0,0,0,12,0,0,0,0,0,5,0,0,0,65,236,0,0,0,0,0,0,0,0,0,0,0,0,0,0,0,0,0,0,0,0,0,0,0,0,0,0,0,0,0,0,0,0,0,0,0,0,0,0,0,0,strafe_right
0,0,0,0,0,0,0,0,0,0,0,0,0,0,0,0,0,0,0,0,0,0,0,0,0,0,9,0,0,0,0,0,7,0,0,0,0,0,0,0,0,0,0,0,33,0,0,0,0,0,5,0,0,0,68,273,5,0,0,0,0,0,0,0,0,0,0,10,0,0,0,0,0,0,0,0,0,0,0,0,0,0,0,0,0,0,0,0,0,0,0,0,0,0,0,0,strafe_right
0,0,0,0,0,0,0,0,0,0,0,0,0,0,0,0,0,0,0,0,0,0,0,0,0,3,10,0,0,0,0,0,6,0,0,0,0,0,0,0,0,0,0,0,24,0,0,0,0,0,10,0,0,0,71,268,5,0,0,0,0,0,0,0,0,0,0,11,0,0,0,0,0,0,0,0,0,0,0,0,0,0,0,0,0,0,0,0,0,0,0,0,0,0,0,0,strafe_right
0,0,0,0,0,0,0,0,0,0,0,0,0,0,0,0,0,0,0,0,0,0,0,0,0,5,12,0,0,0,0,0,0,0,0,0,0,0,0,0,0,0,0,0,23,0,0,0,0,0,0,0,0,0,57,233,11,0,0,0,0,16,0,0,0,0,0,6,0,0,0,0,0,0,0,0,0,0,0,0,0,0,0,0,0,0,0,0,0,0,0,0,0,0,0,0,strafe_right
0,0,0,0,0,0,0,0,0,0,0,0,0,0,0,0,0,0,0,0,0,0,0,0,0,18,21,0,0,0,0,0,0,0,0,0,0,0,0,0,0,0,0,0,19,0,0,0,0,0,0,0,0,0,63,253,0,0,0,0,0,31,0,0,0,0,0,11,0,0,0,0,0,0,0,0,0,0,0,0,0,0,0,0,0,0,0,0,0,0,0,0,0,0,0,0,strafe_right
0,0,0,0,0,0,0,0,0,0,0,0,0,0,0,0,0,0,0,0,0,0,0,0,0,21,20,0,0,0,0,0,0,0,0,0,0,0,0,0,0,0,0,0,21,0,0,0,0,0,0,0,0,0,63,237,0,0,0,0,0,26,0,0,0,0,0,9,0,0,0,0,0,0,0,0,0,0,0,0,0,0,0,0,0,0,0,0,0,0,0,0,0,0,0,0,strafe_right
0,0,0,0,0,0,0,0,0,0,0,0,0,0,0,0,0,0,0,0,0,0,0,0,0,7,16,0,0,0,0,0,8,0,0,0,0,0,0,0,0,0,0,0,25,0,0,0,0,0,0,0,0,0,69,258,6,0,0,0,0,17,0,0,0,0,0,16,0,0,0,0,0,0,0,0,0,0,0,0,0,0,0,0,0,0,0,0,0,0,0,0,0,0,0,0,strafe_right
0,0,0,0,0,0,0,0,0,0,0,0,0,0,0,0,0,0,0,0,0,0,0,0,0,16,19,0,0,0,0,0,0,0,0,0,0,0,0,0,0,0,0,0,25,0,0,0,0,0,0,0,0,0,67,234,0,0,0,0,0,30,0,0,0,0,0,5,0,0,0,0,0,0,0,0,0,0,0,0,0,0,0,0,0,0,0,0,0,0,0,0,0,0,0,0,strafe_right
0,0,0,0,0,0,0,0,0,0,0,0,0,0,0,0,0,0,0,0,0,0,0,0,0,28,27,0,0,0,0,0,0,0,0,0,0,0,0,0,0,0,0,0,16,0,0,0,0,0,0,0,0,0,64,195,0,0,0,0,0,41,0,0,0,0,0,0,0,0,0,0,0,0,0,0,0,0,0,0,0,0,0,0,0,0,0,0,0,0,0,0,0,0,0,0,strafe_right
0,0,0,0,0,0,0,0,0,0,0,0,0,0,8,0,0,0,0,0,0,0,0,0,0,35,26,0,0,0,0,0,0,0,0,0,0,0,0,0,0,0,0,0,3,0,0,0,0,0,0,0,0,0,63,179,0,0,0,0,0,55,0,0,0,0,0,0,0,0,0,0,0,0,0,0,0,0,0,0,0,0,0,0,0,0,0,0,0,0,0,0,0,0,0,0,strafe_right
0,0,0,0,0,0,0,0,0,0,0,0,0,0,4,0,0,0,0,0,0,0,0,0,0,24,22,0,0,0,0,0,0,0,0,0,0,0,0,0,0,0,0,0,16,0,0,0,0,0,0,0,0,0,68,217,0,0,0,0,0,56,0,0,0,0,0,3,0,0,0,0,0,0,0,0,0,0,0,0,0,0,0,0,0,0,0,0,0,0,0,0,0,0,0,0,strafe_right
0,0,0,0,0,0,0,0,84,43,0,0,0,0,0,0,0,0,0,0,20,56,0,0,0,0,0,0,0,0,0,0,0,9,0,0,0,0,0,0,0,0,0,0,0,0,0,0,0,0,0,0,0,0,0,0,0,20,0,0,0,0,0,0,0,0,0,0,0,27,0,0,0,0,0,0,0,0,0,0,0,29,0,0,0,0,0,0,0,0,0,0,0,0,0,0,forward
0,0,0,0,0,0,0,0,83,40,0,0,0,0,0,0,0,0,0,0,20,50,0,0,0,0,0,0,0,0,0,0,6,12,0,0,0,0,0,0,0,0,0,0,0,0,0,0,0,0,0,0,0,0,0,0,0,24,6,0,0,0,0,0,0,0,0,0,0,24,0,0,0,0,0,0,0,0,0,0,0,28,0,0,0,0,0,0,0,0,0,0,0,0,0,0,forward
0,0,0,0,0,0,0,0,32,22,0,0,0,0,0,0,0,0,0,0,0,31,0,0,0,0,0,0,0,0,0,0,0,19,0,0,0,0,0,0,0,0,0,0,0,0,0,0,0,0,0,0,0,0,0,0,0,8,3,0,0,0,0,0,0,0,0,0,0,41,12,0,0,0,0,0,0,0,0,0,0,37,0,0,0,0,0,0,0,0,0,0,0,0,0,0,forward
0,0,0,0,0,0,0,0,15,22,0,0,0,0,0,0,0,0,0,0,0,47,0,0,0,0,0,0,0,0,0,0,0,23,0,0,0,0,0,0,0,0,0,0,0,0,0,0,0,0,0,0,0,0,0,0,0,10,5,0,0,0,0,0,0,0,0,0,0,44,18,0,0,0,0,0,0,0,0,0,0,43,0,0,0,0,0,0,0,0,0,0,0,0,0,0,forward
0,0,0,0,0,0,0,0,0,26,22,0,0,0,0,0,0,0,0,0,0,52,0,34,0,0,0,0,0,0,0,0,0,48,0,0,0,0,0,0,0,0,0,0,0,0,0,0,0,0,0,0,0,0,0,0,0,14,19,0,0,0,0,0,0,0,0,0,0,57,40,0,0,0,0,0,0,0,0,0,0,53,0,0,0,0,0,0,0,0,0,0,0,0,0,0,forward
0,0,0,0,0,0,0,0,73,18,0,0,0,0,0,0,0,0,0,11,46,56,0,0,0,0,0,0,0,0,0,0,41,20,0,0,0,0,0,0,0,0,0,0,39,26,0,0,0,0,0,0,0,0,0,0,0,11,0,0,0,0,0,0,0,0,0,0,0,28,0,0,0,0,0,0,0,0,0,0,7,31,0,0,0,0,0,0,0,0,0,0,0,0,0,0,forward
0,0,0,0,0,0,0,0,68,15,0,0,0,0,0,0,0,0,0,16,43,51,0,0,0,0,0,0,0,0,0,0,40,16,0,0,0,0,0,0,0,0,0,0,46,23,0,0,0,0,0,0,0,0,0,0,0,13,0,0,0,0,0,0,0,0,0,0,0,24,0,0,0,0,0,0,0,0,0,0,24,37,0,0,0,0,0,0,0,0,0,0,0,0,0,0,forward
0,0,0,0,0,0,0,0,66,12,0,0,0,0,21,0,0,0,0,16,35,34,0,0,0,0,65,7,0,0,0,0,28,5,0,0,0,0,0,0,0,0,0,0,33,5,0,0,0,0,0,0,0,0,0,0,0,12,0,0,0,0,0,0,0,0,0,0,4,29,0,0,0,0,0,0,0,0,0,0,27,39,0,0,0,0,0,0,0,0,0,0,0,0,0,0,forward
0,0,0,0,0,0,0,0,0,0,0,0,0,11,45,0,0,0,0,0,0,0,0,0,0,23,63,49,0,0,0,0,0,0,0,0,0,0,51,0,0,0,0,0,0,0,0,0,0,0,91,114,0,0,0,0,10,0,0,0,0,0,61,35,0,0,0,0,0,0,0,0,0,0,31,0,0,0,0,0,0,0,0,0,0,0,0,0,0,0,0,0,0,0,0,0,backward
0,0,0,0,0,0,0,0,0,0,0,0,0,6,40,0,0,0,0,0,0,0,0,0,0,14,60,49,0,0,0,0,0,0,0,0,0,0,55,0,0,0,0,0,0,0,0,0,0,0,71,100,0,0,0,0,6,0,0,0,0,0,58,34,0,0,0,0,0,0,0,0,0,0,36,0,0,0,0,0,0,0,0,0,0,0,0,0,0,0,0,0,0,0,0,0,backward
0,0,0,0,0,0,0,0,0,0,0,0,0,5,38,0,0,0,0,0,0,0,0,0,0,14,60,48,0,0,0,0,0,0,0,0,0,0,56,0,0,0,0,0,0,0,0,0,0,0,70,99,0,0,0,0,3,0,0,0,0,0,58,34,0,0,0,0,0,0,0,0,0,0,36,0,0,0,0,0,0,0,0,0,0,0,0,0,0,0,0,0,0,0,0,0,backward
0,0,0,0,0,0,0,0,0,0,0,0,0,12,43,0,0,0,0,0,0,0,0,0,0,20,64,53,0,0,0,0,0,0,0,0,0,0,51,0,0,0,0,0,0,0,0,0,0,0,76,105,0,0,0,0,8,0,0,0,0,0,64,39,0,0,0,0,0,0,0,0,0,0,32,0,0,0,0,0,0,0,0,0,0,0,0,0,0,0,0,0,0,0,0,0,backward
0,0,0,0,0,0,0,0,0,0,0,0,0,4,36,0,0,0,0,0,0,0,0,0,0,13,59,45,0,0,0,0,0,0,0,0,0,0,52,0,0,0,0,0,0,0,0,0,0,0,47,77,0,0,0,0,0,0,0,0,0,0,51,29,0,0,0,0,0,0,0,0,0,0,25,0,0,0,0,0,0,0,0,0,0,0,0,0,0,0,0,0,0,0,0,0,backward
13,0,20,0,0,0,0,4,37,0,0,0,0,0,30,0,0,0,0,0,0,0,0,0,0,0,0,0,0,0,0,0,0,0,0,0,0,0,0,0,0,0,0,0,0,0,0,0,0,0,0,0,0,0,0,0,0,0,0,0,0,0,16,0,0,0,0,0,0,0,0,0,0,0,37,0,0,0,0,0,0,13,0,0,0,0,0,0,0,0,0,0,0,20,0,0,strafe_left
10,0,20,0,0,0,0,4,37,0,0,0,0,0,30,0,0,0,0,0,0,0,0,0,0,0,0,0,0,0,0,0,0,0,0,0,0,0,0,0,0,0,0,0,0,0,0,0,0,0,0,0,0,0,0,0,0,0,0,0,0,0,19,0,0,0,0,0,0,0,0,0,0,0,40,0,0,0,0,0,0,9,0,0,0,0,0,0,0,0,0,0,0,19,0,0,strafe_left
29,0,28,0,0,0,0,8,32,0,0,0,0,0,16,0,0,0,0,0,0,0,0,0,0,0,0,0,0,0,0,0,0,0,0,0,0,0,0,0,0,0,0,0,0,0,0,0,0,0,0,0,0,0,0,0,0,0,0,0,0,0,0,0,0,0,0,0,0,0,0,0,0,0,28,0,0,0,0,0,0,11,0,0,0,0,11,0,0,0,0,0,0,43,0,0,strafe_left
9,0,5,0,0,0,0,0,18,0,0,0,0,0,24,0,0,0,0,0,0,0,0,0,0,0,0,0,0,0,0,0,0,0,0,0,0,0,0,0,0,0,0,0,0,0,0,0,0,0,0,0,0,0,0,0,0,0,0,0,0,0,0,0,0,0,0,0,0,0,0,0,0,0,33,0,0,0,0,0,0,15,0,0,0,0,12,0,0,0,0,0,0,47,0,0,strafe_left
15,0,19,0,0,0,0,8,32,0,0,0,0,0,29,0,0,0,0,0,0,0,0,0,0,0,0,0,0,0,0,0,0,0,0,0,0,0,0,0,0,0,0,0,0,0,0,0,0,0,0,0,0,0,0,0,0,0,0,0,0,0,0,0,0,0,0,0,0,0,0,0,0,0,38,6,0,0,0,0,0,15,0,0,0,0,9,0,0,0,0,0,0,42,0,0,strafe_left
11,0,20,0,0,0,0,0,22,0,0,0,0,0,27,0,0,0,0,0,0,0,0,0,0,0,0,0,0,0,0,0,0,0,0,0,0,0,0,0,0,0,0,0,0,0,0,0,0,0,0,0,0,0,0,0,0,0,0,0,0,0,0,0,0,0,0,0,0,0,0,0,0,0,33,4,0,0,0,0,0,21,0,0,0,0,8,0,0,0,0,0,0,40,0,0,strafe_left
21,9,34,0,0,0,0,8,26,0,0,0,0,0,24,0,0,0,0,0,0,0,0,0,0,0,0,0,0,0,0,0,0,0,0,0,0,0,0,0,0,0,0,0,0,0,0,0,0,0,0,0,0,0,0,0,0,0,0,0,0,0,4,0,0,0,0,0,0,0,0,0,0,0,30,0,0,0,0,0,0,12,0,0,0,0,10,0,0,0,0,0,0,44,0,0,strafe_left
0,0,17,0,0,0,0,0,13,0,0,0,0,0,32,0,0,0,0,0,0,0,0,0,0,0,0,0,0,0,0,0,0,0,0,0,0,0,0,0,0,0,0,0,0,0,0,0,0,0,0,0,0,0,0,0,0,0,0,0,0,0,0,0,0,0,0,0,0,0,0,0,0,0,34,0,0,0,0,0,0,18,0,0,0,0,0,0,0,0,0,0,0,35,0,0,strafe_left
0,0,0,0,0,0,0,0,0,0,0,0,0,0,0,0,0,0,0,0,0,0,0,0,0,0,27,0,0,0,0,0,14,0,0,0,0,0,32,67,0,0,0,0,34,47,0,0,0,0,0,0,0,0,13,0,56,34,0,0,0,0,0,0,0,0,0,0,0,0,0,0,0,0,0,0,0,0,0,0,0,0,0,0,0,0,0,0,0,0,0,0,0,0,0,0,strafe_right
0,0,0,0,0,0,0,0,0,0,0,0,0,0,0,0,0,0,0,0,0,0,0,0,0,0,28,0,0,0,0,0,16,0,0,0,0,0,38,74,0,0,0,0,38,52,0,0,0,0,0,0,0,0,10,0,53,32,0,0,0,0,0,0,0,0,0,0,0,0,0,0,0,0,0,0,0,0,0,0,0,0,0,0,0,0,0,0,0,0,0,0,0,0,0,0,strafe_right
0,0,0,0,0,0,0,0,3,0,0,0,0,0,24,0,0,0,0,0,0,0,0,0,0,0,30,0,0,0,0,0,0,0,0,0,0,0,11,46,0,0,0,0,0,8,0,0,0,0,0,0,0,0,0,0,16,14,0,0,0,0,26,5,0,0,0,0,0,0,0,0,0,0,48,0,0,0,0,0,0,0,0,0,0,0,0,0,0,0,0,0,0,0,0,0,none
0,0,0,0,0,0,0,0,11,0,0,0,0,0,12,0,0,0,0,0,0,0,0,0,0,0,30,0,0,0,0,0,4,0,0,0,0,0,0,9,0,0,0,0,15,3,0,0,0,0,0,0,0,0,0,0,20,8,0,0,0,0,32,0,0,0,0,0,0,0,0,0,0,0,52,0,0,0,0,0,15,0,0,0,0,0,0,0,0,0,0,0,0,0,0,0,none
0,0,17,0,0,0,0,0,18,0,0,0,0,0,16,0,0,0,0,0,0,0,0,0,0,0,39,0,0,0,0,0,17,0,0,0,0,0,0,19,0,0,0,0,5,0,0,0,0,0,0,0,0,0,0,0,19,7,0,0,0,0,36,0,0,0,0,0,0,4,0,0,0,0,50,0,0,0,0,0,9,0,0,0,0,0,0,0,0,0,0,0,0,0,0,0,none
0,0,29,0,0,0,0,0,16,0,0,0,0,0,19,0,0,0,0,0,0,0,0,0,0,0,41,0,0,0,0,0,4,0,0,0,0,0,0,17,0,0,0,0,0,0,0,0,0,0,0,0,0,0,0,0,19,6,0,0,0,0,34,4,0,0,0,0,0,0,0,0,0,0,50,0,0,0,0,0,5,0,0,0,0,0,0,0,0,0,0,0,0,0,0,0,none
0,0,18,0,0,0,0,0,27,0,0,0,0,0,13,0,0,0,0,0,0,0,0,0,0,0,27,0,0,0,0,0,15,0,0,0,0,0,0,28,0,0,0,0,14,10,0,0,0,0,0,0,0,0,0,0,13,0,0,0,0,0,31,0,0,0,0,0,0,0,0,0,0,0,50,0,0,0,0,0,16,0,0,0,0,0,0,0,0,0,0,0,0,0,0,0,none
0,0,14,0,0,0,0,0,26,0,0,0,0,0,9,0,0,0,0,0,0,0,0,0,0,0,26,0,0,0,0,0,19,0,0,0,0,0,0,15,0,0,0,0,17,12,0,0,0,0,0,0,0,0,0,0,16,4,0,0,0,0,27,0,0,0,0,0,0,0,0,0,0,0,47,0,0,0,0,0,16,0,0,0,0,0,0,0,0,0,0,0,0,0,0,0,none
0,0,0,0,0,0,0,0,16,0,0,0,0,0,6,0,0,0,0,0,0,0,0,0,0,0,36,0,0,0,0,0,27,7,0,0,0,0,0,14,0,0,0,0,9,8,0,0,0,0,0,0,0,0,0,0,25,11,0,0,0,0,31,0,0,0,0,0,0,7,0,0,0,0,45,0,0,0,0,0,13,0,0,0,0,0,0,0,0,0,0,0,0,0,0,0,none
0,0,6,0,0,0,0,0,19,0,0,0,0,0,13,0,0,0,0,0,0,0,0,0,0,0,38,0,0,0,0,0,20,0,0,0,0,0,0,13,0,0,0,0,6,3,0,0,0,0,0,0,0,0,0,0,26,12,0,0,0,0,33,0,0,0,0,0,0,0,0,0,0,0,43,0,0,0,0,0,10,0,0,0,0,0,0,0,0,0,0,0,0,0,0,0,none
0,0,7,0,0,0,0,0,26,0,0,0,0,0,0,0,0,0,0,0,0,0,0,0,0,0,0,0,0,0,0,0,0,0,0,0,0,0,0,0,0,0,0,0,0,0,0,0,0,0,0,0,0,0,0,0,0,0,0,0,0,0,0,0,0,0,0,0,0,0,0,0,0,0,11,0,0,0,0,0,0,0,0,0,0,0,0,0,0,0,0,26,0,0,0,0,strafe_left
0,0,0,0,0,0,0,0,0,0,0,0,0,0,0,0,0,0,0,0,0,0,0,0,0,0,0,0,0,0,0,0,0,0,0,0,0,0,0,0,0,0,0,0,0,0,0,0,0,0,0,0,0,0,0,0,0,0,0,0,0,0,0,0,0,0,0,0,0,0,0,0,0,0,19,0,0,0,0,8,0,0,0,0,0,0,0,0,0,0,0,22,0,0,0,0,strafe_left
0,0,0,0,0,0,0,18,50,0,0,0,0,0,0,0,0,0,0,0,0,0,0,0,0,0,0,0,0,0,0,0,0,0,0,0,0,0,0,0,0,0,0,0,0,0,0,0,0,0,0,0,0,0,0,0,0,0,0,0,0,0,0,0,0,0,0,0,0,0,0,0,0,0,0,0,0,0,0,13,0,0,0,0,0,0,0,0,0,0,0,19,0,0,0,0,strafe_left
10,0,16,0,0,0,0,31,34,0,0,0,0,0,0,0,0,0,0,0,0,0,0,0,0,0,0,0,0,0,0,0,0,0,0,0,0,0,0,0,0,0,0,0,0,0,0,0,0,0,0,0,0,0,0,0,0,0,0,0,0,0,0,0,0,0,0,0,0,0,0,0,0,0,0,0,0,0,0,12,0,0,0,0,0,0,0,0,0,0,0,29,0,0,0,0,strafe_left
4,0,0,0,0,0,0,31,42,0,0,0,0,0,0,0,0,0,0,0,0,0,0,0,0,0,0,0,0,0,0,0,0,0,0,0,0,0,0,0,0,0,0,0,0,0,0,0,0,0,0,0,0,0,0,0,0,0,0,0,0,0,0,0,0,0,0,0,0,0,0,0,0,0,0,0,0,0,0,12,0,0,0,0,0,0,0,0,0,0,0,38,0,0,0,0,strafe_left
0,0,0,0,0,0,0,22,53,0,0,0,0,0,0,0,0,0,0,0,0,0,0,0,0,0,0,0,0,0,0,0,0,0,0,0,0,0,0,0,0,0,0,0,0,0,0,0,0,0,0,0,0,0,0,0,0,0,0,0,0,0,0,0,0,0,0,0,0,0,0,0,0,0,17,0,0,0,0,12,22,0,0,0,0,0,0,0,0,0,0,22,0,0,0,0,strafe_left
0,0,0,0,0,0,0,24,50,0,0,0,0,0,0,0,0,0,0,0,0,0,0,0,0,0,0,0,0,0,0,0,0,0,0,0,0,0,0,0,0,0,0,0,0,0,0,0,0,0,0,0,0,0,0,0,0,0,0,0,0,0,0,0,0,0,0,0,0,0,0,0,0,0,22,0,0,0,0,17,32,0,0,0,0,0,0,0,0,0,0,27,0,0,0,0,strafe_left
0,0,0,0,0,0,0,39,70,0,0,0,0,0,0,0,0,0,0,0,0,0,0,0,0,0,0,0,0,0,0,0,0,0,0,0,0,0,0,0,0,0,0,0,0,0,0,0,0,0,0,0,0,0,0,0,0,0,0,0,0,0,0,0,0,0,0,0,0,0,0,0,0,0,25,0,0,0,0,16,35,0,0,0,0,0,0,0,0,0,0,17,0,0,0,0,strafe_left
0,0,0,0,0,0,0,0,0,0,0,0,0,0,0,0,0,0,0,0,149,34,0,0,0,0,0,0,0,0,0,0,25,4,0,0,0,0,0,0,0,0,0,0,75,0,0,0,0,0,0,0,0,0,0,37,0,0,0,0,0,0,0,0,0,0,0,32,34,0,0,0,0,0,0,0,0,0,0,53,99,0,0,0,0,0,0,0,0,0,0,8,0,0,0,0,forward
0,0,0,0,0,0,0,0,0,0,0,0,0,0,0,0,0,0,0,0,156,37,0,0,0,0,0,0,0,0,0,0,20,0,0,0,0,0,0,0,0,0,0,0,75,0,0,0,0,0,0,0,0,0,0,34,0,0,0,0,0,0,0,0,0,0,0,32,34,0,0,0,0,0,0,0,0,0,0,53,103,0,0,0,0,0,0,0,0,0,0,11,0,0,0,0,forward
0,0,0,0,0,0,0,0,0,0,0,0,0,0,0,0,0,0,0,0,156,36,0,0,0,0,0,0,0,0,0,0,34,15,0,0,0,0,0,0,0,0,0,0,79,0,0,0,0,0,0,0,0,0,0,31,0,0,0,0,0,0,0,0,0,0,0,36,42,0,0,0,0,0,0,0,0,0,0,53,110,0,0,0,0,0,0,0,0,0,0,0,0,0,0,0,forward
0,0,0,0,0,0,0,0,0,0,0,0,0,0,0,0,0,0,0,0,157,45,0,0,0,0,0,0,0,0,0,0,37,25,0,0,0,0,0,0,0,0,0,0,78,0,0,0,0,0,0,0,0,0,0,29,0,0,0,0,0,0,0,0,0,0,0,38,48,0,0,0,0,0,0,0,0,0,0,53,115,0,0,0,0,0,0,0,0,0,0,0,0,0,0,0,forward
0,0,0,0,0,0,0,0,0,0,0,0,0,0,0,0,0,0,0,0,107,31,20,0,0,0,0,0,0,0,0,0,25,29,19,0,0,0,0,0,0,0,0,0,50,0,3,0,0,0,0,0,0,0,0,20,0,0,0,0,0,0,0,0,0,0,0,22,43,0,0,0,0,0,0,0,0,0,0,48,125,0,0,0,0,0,0,0,0,0,0,0,0,0,0,0,forward
0,0,0,0,0,0,0,0,0,0,0,0,0,0,0,0,0,0,0,0,180,36,0,0,0,0,0,0,0,0,0,0,33,10,0,0,0,0,0,0,0,0,0,0,47,0,0,0,0,0,0,0,0,0,0,37,0,0,0,0,0,0,0,0,0,0,0,31,27,0,0,0,0,0,0,0,0,0,0,47,85,0,0,0,0,0,0,0,0,0,0,11,0,0,0,0,forward
0,0,0,0,0,0,0,7,0,0,0,0,0,0,0,0,0,0,0,55,29,0,0,0,0,0,0,0,0,0,0,44,0,0,0,0,0,0,0,0,0,0,0,46,0,0,0,0,0,0,0,0,0,0,0,24,0,0,0,0,0,0,0,0,0,0,0,48,75,0,0,0,0,0,0,0,0,0,0,47,37,0,0,0,0,0,0,0,0,0,0,20,0,0,0,0,forward
0,0,0,0,0,0,0,13,0,0,0,0,0,0,0,0,0,0,0,55,27,0,0,0,0,0,0,0,0,0,0,48,0,0,0,0,0,0,0,0,0,0,0,47,0,0,0,0,0,0,0,0,0,0,0,23,0,0,0,0,0,0,0,0,0,0,0,49,76,0,0,0,0,0,0,0,0,0,0,49,38,0,0,0,0,0,0,0,0,0,0,22,0,0,0,0,forward
0,0,0,0,0,0,22,18,0,0,0,0,0,0,0,0,0,0,4,65,29,0,0,0,0,0,0,0,0,0,0,35,0,0,0,0,0,0,0,0,0,0,0,42,0,0,0,0,0,0,0,0,0,0,0,37,0,0,0,0,0,0,0,0,0,0,0,45,61,0,0,0,0,0,0,0,0,0,0,44,24,0,0,0,0,0,0,0,0,0,0,22,0,0,0,0,forward
0,0,0,0,0,0,26,18,0,0,0,0,0,0,0,0,0,0,0,45,9,0,0,0,0,0,0,0,0,0,0,37,0,0,0,0,0,0,0,0,0,0,6,41,0,0,0,0,0,0,0,0,0,0,3,37,0,0,0,0,0,0,0,0,0,0,0,44,55,0,0,0,0,0,0,0,0,0,0,47,26,0,0,0,0,0,0,0,0,0,0,19,0,0,0,0,forward
0,0,0,0,0,0,0,0,0,0,0,0,0,0,38,5,0,0,0,0,0,12,0,0,0,0,50,14,0,0,0,0,7,3,0,0,0,0,0,0,0,0,0,0,0,0,0,0,0,0,0,0,0,0,0,0,0,0,0,0,0,0,0,37,0,0,0,0,6,0,0,0,0,0,43,40,0,0,0,0,0,10,0,0,0,0,0,10,0,0,0,0,0,7,0,0,none
0,0,0,0,0,0,0,0,0,0,0,0,0,0,36,3,0,0,0,0,0,0,0,0,0,0,49,15,0,0,0,0,15,10,0,0,0,0,0,0,0,0,0,0,0,0,0,0,0,0,0,0,0,0,0,0,0,0,0,0,0,0,0,39,0,0,0,0,0,0,0,0,0,0,37,35,0,0,0,0,3,0,0,0,0,0,0,11,0,0,0,0,0,12,0,0,none
0,0,0,0,0,0,0,0,0,0,0,0,0,0,41,5,0,0,0,0,0,4,0,0,0,0,65,28,0,0,0,0,17,14,0,0,0,0,0,0,0,0,0,0,0,0,0,0,0,0,0,0,0,0,0,0,0,0,0,0,0,0,0,44,0,0,0,0,0,0,0,0,0,0,51,42,0,0,0,0,0,0,0,0,0,0,0,8,0,0,0,0,0,6,0,0,none
0,0,0,0,0,0,0,0,0,0,0,0,0,0,37,4,0,0,0,0,0,7,0,0,0,0,56,24,0,0,0,0,12,17,0,0,0,0,0,0,0,0,0,0,0,0,0,0,0,0,0,0,0,0,0,0,0,0,0,0,0,0,0,43,0,0,0,0,10,0,0,0,0,0,46,41,0,0,0,0,0,0,0,0,0,0,0,3,0,0,0,0,0,0,0,0,none
0,0,0,0,0,0,0,0,0,0,0,0,0,0,39,0,0,0,0,0,0,3,0,0,0,0,58,23,0,0,0,0,5,12,0,0,0,0,0,0,0,0,0,0,0,0,0,0,0,0,0,0,0,0,0,0,0,0,0,0,0,0,0,39,0,0,0,0,15,0,0,0,0,0,37,39,0,0,0,0,0,0,0,0,0,0,0,0,0,0,0,0,0,0,0,0,none
0,0,0,0,0,0,0,0,0,0,0,0,0,0,35,0,0,0,0,0,0,0,0,0,0,0,56,19,0,0,0,0,0,4,0,0,0,0,0,0,0,0,0,0,0,0,0,0,0,0,0,0,0,0,0,0,0,0,0,0,0,0,0,39,0,0,0,0,3,0,0,0,0,0,46,42,0,0,0,0,0,0,0,0,0,0,0,0,0,0,0,0,0,0,0,0,none
0,0,0,0,0,0,0,0,0,0,0,0,0,0,45,7,0,0,0,0,0,0,0,0,0,0,74,34,0,0,0,0,0,0,0,0,0,0,0,0,0,0,0,0,0,0,0,0,0,0,0,0,0,0,0,0,0,0,0,0,0,0,0,42,0,0,0,0,8,0,0,0,0,0,53,48,0,0,0,0,0,0,0,0,0,0,0,5,0,0,0,0,0,0,0,0,none
0,0,0,0,0,0,0,0,0,0,0,0,0,0,42,4,0,0,0,0,0,0,0,0,0,0,61,28,0,0,0,0,13,19,0,0,0,0,0,0,0,0,0,0,0,0,0,0,0,0,0,0,0,0,0,0,0,0,0,0,0,0,0,46,0,0,0,0,10,0,0,0,0,0,48,45,0,0,0,0,0,5,0,0,0,0,0,5,0,0,0,0,0,3,0,0,none
0,0,0,0,0,0,0,0,8,0,0,0,0,0,41,6,0,0,0,0,0,0,0,0,0,0,44,13,0,0,0,0,5,18,0,0,0,0,0,0,0,0,0,0,0,0,0,0,0,0,0,0,0,0,0,0,0,0,0,0,0,0,0,46,0,0,0,0,8,0,0,0,0,0,39,36,0,0,0,0,0,4,0,0,0,0,0,6,0,0,0,0,0,9,0,0,none
0,0,0,0,0,0,0,0,0,0,0,0,0,0,34,0,0,0,0,0,0,0,0,0,0,0,48,24,5,0,0,0,14,38,0,0,0,0,0,0,0,0,0,0,0,0,0,0,0,0,0,0,0,0,0,0,0,0,0,0,0,0,0,44,0,0,0,0,17,0,0,0,0,0,34,36,0,0,0,0,0,6,0,0,0,0,0,3,0,0,0,0,0,16,0,0,none
0,0,0,0,0,0,0,0,28,0,0,0,0,0,10,0,0,0,0,0,0,0,0,0,0,0,3,0,0,0,0,9,0,57,0,0,0,0,0,0,0,0,0,0,0,0,0,0,0,0,0,0,0,0,0,0,0,0,0,0,0,0,0,26,0,0,0,0,8,0,0,0,0,0,14,28,0,0,0,0,0,3,0,0,0,0,0,0,0,0,0,0,0,13,0,0,none
0,0,0,0,0,0,0,0,0,0,0,0,0,0,33,0,0,0,0,0,0,0,0,0,0,0,30,15,16,0,0,18,0,16,0,0,0,0,0,0,0,0,0,0,0,0,0,0,0,0,0,0,0,0,0,0,0,0,0,0,0,0,0,35,0,0,0,0,10,0,0,0,0,0,21,34,0,0,0,0,4,0,0,0,0,0,0,0,0,0,0,0,0,13,0,0,none
0,0,0,0,0,0,0,0,0,0,0,0,0,0,40,0,0,0,0,0,0,0,0,0,0,0,39,24,16,0,0,6,0,6,0,0,0,0,0,0,0,0,0,0,0,0,0,0,0,0,0,0,0,0,0,0,0,0,0,0,0,0,0,37,0,0,0,0,8,0,0,0,0,0,30,36,0,0,0,0,3,0,0,0,0,0,0,0,0,0,0,0,0,11,0,0,none
0,0,3,0,0,0,0,0,33,0,0,0,0,0,37,0,0,0,0,0,0,0,0,0,0,0,34,19,0,0,0,0,0,8,0,0,0,0,0,0,0,0,0,0,0,0,0,0,0,0,0,0,0,0,0,0,0,0,0,0,0,0,0,37,0,0,0,0,9,0,0,0,0,0,35,39,0,0,0,0,0,0,0,0,0,0,0,0,0,0,0,0,0,12,0,0,none
0,0,6,0,0,0,0,0,0,0,0,0,0,0,45,9,0,0,0,0,0,0,0,0,0,0,26,9,0,0,0,0,0,0,0,0,0,0,0,0,0,0,0,0,0,0,0,0,0,0,0,0,0,0,0,0,0,0,0,0,0,0,0,33,0,0,0,0,0,0,0,0,0,0,31,28,0,0,0,0,0,0,0,0,0,0,0,0,0,0,0,0,0,0,0,0,none
0,0,0,0,0,0,0,9,0,0,0,0,0,0,48,3,0,0,0,0,0,0,0,0,0,0,58,35,0,0,0,0,40,24,0,0,0,0,0,0,0,0,0,0,0,0,0,0,0,0,0,0,0,0,0,0,0,7,0,0,0,0,0,0,0,0,0,0,0,0,0,0,0,0,0,68,0,0,0,0,0,9,0,0,0,0,0,0,0,0,0,0,0,0,0,0,none
0,0,0,0,0,0,0,11,0,0,0,0,0,0,59,8,5,0,0,0,0,0,0,0,0,0,45,17,0,0,0,0,18,6,0,0,0,0,0,0,0,0,0,0,0,0,0,0,0,0,0,0,0,0,0,0,0,0,0,0,0,0,0,0,0,0,0,0,0,5,0,0,0,0,11,91,0,0,0,0,0,11,0,0,0,0,0,0,0,0,0,0,0,0,0,0,none
0,0,0,0,0,0,0,0,0,0,0,0,0,0,14,0,0,0,0,0,0,0,0,0,0,0,22,0,0,0,0,0,0,0,0,0,0,0,0,0,0,0,0,17,39,0,0,0,0,0,0,0,0,0,0,0,0,97,0,0,0,0,0,49,0,0,0,0,0,10,0,0,0,0,0,31,0,0,0,0,0,0,0,0,0,0,0,0,0,0,0,0,0,0,0,0,strafe_right
0,0,0,0,0,0,0,0,0,0,0,0,0,0,9,0,0,0,0,0,0,0,0,0,0,0,22,0,0,0,0,0,0,0,0,0,0,0,0,0,0,0,0,22,23,0,0,0,0,0,0,0,0,0,0,0,0,112,6,0,0,0,0,15,0,0,0,0,0,15,0,0,0,0,0,8,0,0,0,0,0,0,0,0,0,0,0,0,0,0,0,0,0,0,0,0,strafe_right
0,0,0,0,0,0,0,0,0,0,0,0,0,0,10,0,0,0,0,0,0,0,0,0,0,0,16,0,0,0,0,0,0,0,0,0,0,0,0,0,0,0,0,9,0,0,0,0,0,0,0,15,0,0,0,0,0,170,3,0,0,0,0,0,0,0,0,0,0,27,0,0,0,0,0,0,0,0,0,0,0,0,0,0,0,0,0,0,0,0,0,0,0,0,0,0,strafe_right
0,0,0,0,0,0,0,0,0,0,0,0,0,0,7,0,0,0,0,0,0,0,0,0,0,0,23,0,0,0,0,0,0,0,0,0,0,0,0,0,0,0,0,13,0,0,0,0,0,0,0,20,0,0,0,0,0,161,4,0,0,0,0,0,0,0,0,0,0,21,0,0,0,0,0,0,0,0,0,0,0,0,0,0,0,0,0,0,0,0,0,0,0,0,0,0,strafe_right
0,0,0,0,0,0,0,0,0,0,0,0,0,0,12,0,0,0,0,0,10,0,0,0,0,0,18,0,0,0,0,0,0,0,0,0,0,0,0,0,0,0,0,7,0,0,0,0,0,0,0,9,0,0,0,0,0,154,0,0,0,0,0,0,0,0,0,0,0,27,0,0,0,0,0,0,0,0,0,0,0,0,0,0,0,0,0,0,0,0,0,0,0,0,0,0,strafe_right
0,0,0,0,0,0,0,0,0,0,0,0,0,0,0,0,0,0,0,0,14,0,0,0,0,0,32,0,0,0,0,0,0,0,0,0,0,0,0,0,0,0,0,0,0,0,0,0,0,0,0,10,0,0,0,0,0,106,0,0,0,0,0,0,0,0,0,0,0,20,0,0,0,0,0,0,0,0,0,0,0,0,0,0,0,0,0,0,0,0,0,0,0,0,0,0,strafe_right
0,0,0,0,0,0,0,0,0,0,0,0,0,0,0,0,0,0,0,0,0,0,0,0,0,0,13,0,0,0,0,0,0,0,0,0,0,0,0,0,0,0,0,10,0,0,0,0,0,0,0,16,0,0,0,0,0,117,0,0,0,0,0,0,0,0,0,0,0,25,0,0,0,0,0,0,0,0,0,0,0,0,0,0,0,0,0,0,0,0,0,0,0,0,0,0,strafe_right
0,0,0,0,0,0,0,0,0,0,0,0,0,0,5,0,0,0,0,0,0,0,0,0,0,0,24,0,0,0,0,0,0,0,0,0,0,0,7,0,0,0,0,5,0,0,0,0,0,0,11,34,0,0,0,0,0,29,0,0,0,0,0,25,0,0,0,0,0,0,0,0,0,0,0,0,0,0,0,0,0,0,0,0,0,0,0,0,0,0,0,0,0,0,0,0,strafe_right
0,0,0,0,0,0,0,0,0,0,0,0,0,0,0,0,0,0,0,0,0,0,0,0,0,0,22,0,0,0,0,0,0,0,0,0,0,0,3,0,0,0,0,13,0,0,0,0,0,0,8,38,0,0,0,0,0,53,0,0,0,0,0,19,0,0,0,0,0,3,0,0,0,0,0,0,0,0,0,0,0,0,0,0,0,0,0,0,0,0,0,0,0,0,0,0,strafe_right
0,0,0,0,0,0,0,0,0,0,0,0,0,0,0,0,0,0,0,0,6,0,0,0,0,0,31,0,0,0,0,0,0,0,0,0,0,0,0,0,0,0,0,0,0,0,0,0,0,0,0,23,0,0,0,0,0,75,0,0,0,0,0,8,0,0,0,0,0,17,0,0,0,0,0,0,0,0,0,0,0,0,0,0,0,0,0,0,0,0,0,0,0,0,0,0,strafe_right
0,0,0,0,0,0,0,0,0,0,0,0,0,0,0,0,0,0,0,0,8,0,0,0,0,0,20,0,0,0,0,0,0,0,0,0,0,0,0,0,0,0,0,10,0,0,0,0,0,0,0,19,0,0,0,0,0,99,0,0,0,0,0,0,0,0,0,0,0,20,0,0,0,0,0,0,0,0,0,0,0,0,0,0,0,0,0,0,0,0,0,0,0,0,0,0,strafe_right
0,0,0,0,0,0,0,0,0,0,0,0,0,0,0,0,0,0,0,0,9,0,0,0,0,0,17,0,0,0,0,0,0,0,0,0,0,0,0,0,0,0,0,10,0,0,0,0,0,0,0,0,0,0,0,0,0,114,0,0,0,0,0,0,0,0,0,0,0,35,0,0,0,0,0,0,0,0,0,0,0,0,0,0,0,0,0,0,0,0,0,0,0,0,0,0,strafe_right
0,0,0,0,0,0,0,0,0,0,0,0,0,0,0,0,0,0,0,0,14,0,0,0,0,0,9,0,0,0,0,0,4,0,0,0,0,0,0,0,0,0,0,11,0,0,0,0,0,0,0,0,0,0,0,0,0,132,0,0,0,0,0,0,0,0,0,0,0,35,0,0,0,0,0,0,0,0,0,0,0,0,0,0,0,0,0,0,0,0,0,0,0,0,0,0,strafe_right
0,0,0,0,0,0,0,0,0,0,0,0,0,0,4,0,0,0,0,0,0,0,0,0,0,0,18,0,0,0,0,0,0,0,0,0,0,0,5,29,0,0,0,6,47,0,0,0,0,0,0,23,0,0,0,0,0,77,0,0,0,0,0,23,0,0,0,0,0,17,0,0,0,0,0,0,0,0,0,0,0,0,0,0,0,0,0,0,0,0,0,0,0,0,0,0,strafe_right
0,0,0,0,0,0,0,0,0,0,0,0,0,0,0,0,0,0,0,0,0,0,0,0,0,0,27,0,0,0,0,0,7,0,0,0,0,0,18,38,0,0,0,15,54,0,0,0,0,0,0,21,0,0,0,0,0,53,0,0,0,0,0,32,0,0,0,0,0,12,0,0,0,0,0,0,0,0,0,0,0,0,0,0,0,0,0,0,0,0,0,0,0,0,0,0,strafe_right
0,0,0,0,0,0,0,0,0,0,0,0,0,0,0,0,0,0,0,0,0,0,0,0,0,0,27,0,0,0,0,0,0,0,0,0,0,0,7,31,0,0,0,9,37,0,0,0,0,0,0,26,4,0,0,0,0,60,0,0,0,0,0,38,0,0,0,0,0,11,0,0,0,0,0,0,0,0,0,0,0,0,0,0,0,0,0,0,0,0,0,0,0,0,0,0,strafe_right
0,0,0,0,0,0,0,0,0,0,0,0,0,0,0,0,0,0,0,0,0,0,0,0,0,10,35,0,0,0,0,0,0,0,0,0,0,0,8,24,0,0,0,0,0,0,0,0,0,0,0,23,4,0,0,0,0,65,0,0,0,0,0,43,0,0,0,0,0,13,0,0,0,0,0,0,0,0,0,0,0,0,0,0,0,0,0,0,0,0,0,0,0,0,0,0,strafe_right
0,3,0,0,0,0,0,0,0,0,0,0,0,0,3,0,0,0,0,0,0,0,0,0,0,6,29,0,0,0,0,0,0,0,0,0,0,0,15,31,0,0,0,0,11,0,0,0,0,0,0,21,0,0,0,0,0,55,0,0,0,0,0,50,0,0,0,0,0,7,0,0,0,0,0,0,0,0,0,0,0,0,0,0,0,0,0,0,0,0,0,0,0,0,0,0,strafe_right
0,0,0,0,0,0,0,0,0,0,0,0,0,0,0,0,0,0,0,0,0,0,0,0,0,0,26,0,0,0,0,0,0,0,0,0,0,0,8,27,0,0,0,0,30,0,0,0,0,0,0,20,0,0,0,0,0,64,0,0,0,0,0,34,0,0,0,0,0,20,0,0,0,0,0,0,0,0,0,0,0,0,0,0,0,0,0,0,0,0,0,0,0,0,0,0,strafe_right
0,0,0,0,0,0,0,0,0,0,0,0,0,0,0,0,0,0,0,0,0,0,0,0,0,0,18,0,0,0,0,0,0,0,0,0,0,0,0,36,0,0,0,15,93,0,0,0,0,0,0,14,0,0,0,0,0,79,0,0,0,0,0,25,0,0,0,0,0,28,0,0,0,0,0,0,0,0,0,0,0,0,0,0,0,0,0,0,0,0,0,0,0,0,0,0,strafe_right
0,0,0,0,0,0,0,0,0,0,0,0,0,0,0,0,0,0,0,0,0,0,0,0,0,0,24,0,0,0,0,0,0,0,0,0,0,0,3,28,0,0,0,10,41,0,0,0,0,0,0,9,0,0,0,0,0,66,0,0,0,0,0,30,0,0,0,0,0,24,0,0,0,0,0,0,0,0,0,0,0,0,0,0,0,0,0,0,0,0,0,0,0,0,0,0,strafe_right
0,0,0,0,0,0,0,0,0,0,0,0,0,12,0,0,0,0,0,0,0,0,0,0,0,0,23,0,0,0,0,0,12,0,0,0,0,0,21,20,0,0,0,4,79,0,0,0,0,0,0,9,0,0,5,0,0,0,0,0,0,0,0,19,0,0,0,0,0,15,0,0,0,0,0,0,0,0,0,0,0,0,0,0,0,0,0,0,0,0,0,0,0,0,0,0,strafe_right
0,0,0,0,0,0,0,0,0,0,0,0,0,14,0,0,0,0,0,0,0,0,0,0,0,0,31,0,0,0,0,0,25,0,0,0,0,0,16,21,0,0,0,0,79,0,0,0,0,0,0,8,0,0,0,0,0,0,0,0,0,0,0,28,0,0,0,0,0,16,0,0,0,0,0,0,0,0,0,0,0,0,0,0,0,0,0,0,0,0,0,0,0,0,0,0,strafe_right
0,0,0,0,0,0,0,0,0,0,0,0,0,22,8,0,0,0,0,0,0,0,0,0,0,0,24,0,0,0,0,0,17,0,0,0,0,0,28,12,0,0,0,14,56,0,0,0,0,0,0,36,0,0,20,0,8,0,0,0,0,0,0,25,0,0,0,0,0,11,0,0,0,0,0,0,0,0,0,0,0,0,0,0,0,0,0,0,0,0,0,0,0,0,0,0,strafe_right
0,0,0,0,0,0,0,0,0,0,0,0,0,28,16,0,0,0,0,4,0,0,0,0,0,0,16,0,0,0,0,0,6,0,0,0,0,0,16,0,0,0,0,9,53,0,0,0,0,0,0,31,0,0,16,0,4,0,0,0,0,0,0,29,0,0,0,0,0,16,0,0,0,0,0,0,0,0,0,0,0,0,0,0,0,0,0,0,0,0,0,0,0,0,0,0,strafe_right
0,0,0,0,0,0,0,0,0,0,0,0,0,20,8,0,0,0,0,0,0,0,0,0,0,0,29,0,0,0,0,0,15,0,0,0,0,0,11,0,0,0,0,0,45,0,0,0,0,0,0,25,0,0,14,0,0,0,0,0,0,0,0,28,0,0,0,0,0,16,0,0,0,0,0,0,0,0,0,0,0,0,0,0,0,0,0,0,0,0,0,0,0,0,0,0,strafe_right
0,0,0,0,0,0,0,0,0,0,0,0,0,17,3,0,0,0,0,0,0,0,0,0,0,0,17,0,0,0,0,0,12,0,0,0,0,0,22,11,0,0,0,13,62,0,0,0,0,0,0,28,0,0,20,0,7,0,0,0,0,0,0,30,0,0,0,0,0,16,0,0,0,0,0,0,0,0,0,0,0,0,0,0,0,0,0,0,0,0,0,0,0,0,0,0,strafe_right
0,0,0,0,0,0,0,0,0,0,0,0,0,29,15,0,0,0,0,0,0,0,0,0,0,0,16,0,0,0,0,0,5,0,0,0,0,0,21,11,0,0,0,11,61,0,0,0,0,0,0,28,0,0,19,0,7,0,0,0,0,0,0,27,0,0,0,0,0,18,0,0,0,0,0,0,0,0,0,0,0,0,0,0,0,0,0,0,0,0,0,0,0,0,0,0,strafe_right
0,0,0,0,0,0,0,0,0,0,0,0,0,14,0,0,0,0,0,0,0,0,0,0,0,0,23,0,0,0,0,0,17,0,0,0,0,0,28,19,0,0,0,23,69,0,0,0,0,0,0,33,0,0,26,0,13,0,0,0,0,0,0,27,0,0,0,0,0,12,0,0,0,0,0,0,0,0,0,0,0,0,0,0,0,0,0,0,0,0,0,0,0,0,0,0,strafe_right
0,0,0,0,0,0,0,0,0,0,0,0,0,19,0,0,0,0,0,0,0,0,0,0,0,0,21,0,0,0,0,0,14,0,0,0,0,0,22,12,0,0,0,10,61,0,0,0,0,0,0,31,0,0,21,0,9,0,0,0,0,0,0,30,0,0,0,0,0,15,0,0,0,0,0,0,0,0,0,0,0,0,0,0,0,0,0,0,0,0,0,0,0,0,0,0,strafe_right
0,0,0,0,0,0,0,0,0,0,0,0,0,27,12,0,0,0,0,0,0,0,0,0,0,0,15,0,0,0,0,0,6,0,0,0,0,0,21,8,0,0,0,9,59,0,0,0,0,0,0,30,0,0,21,0,8,0,0,0,0,0,0,30,0,0,0,0,0,15,0,0,0,0,0,0,0,0,0,0,0,0,0,0,0,0,0,0,0,0,0,0,0,0,0,0,strafe_right
0,0,0,0,0,0,0,0,0,0,0,0,0,30,12,0,0,0,0,0,0,0,0,0,0,0,17,0,0,0,0,0,7,0,0,0,0,0,21,9,0,0,0,9,58,0,0,0,0,0,0,30,0,0,19,0,7,0,0,0,0,0,0,30,0,0,0,0,0,16,0,0,0,0,0,0,0,0,0,0,0,0,0,0,0,0,0,0,0,0,0,0,0,0,0,0,strafe_right
0,0,0,0,0,0,0,0,0,0,0,0,0,26,11,0,0,0,0,0,0,0,0,0,0,0,26,0,0,0,0,0,6,0,0,0,0,0,15,4,0,0,0,6,55,0,0,0,0,0,0,26,0,0,17,0,6,0,0,0,0,0,0,29,0,0,0,0,0,13,0,0,0,0,0,0,0,0,0,0,0,0,0,0,0,0,0,0,0,0,0,0,0,0,0,0,strafe_right
0,0,0,0,0,0,0,0,0,0,0,0,0,24,11,0,0,0,0,0,0,0,0,0,0,0,26,0,0,0,0,0,10,0,0,0,0,0,16,4,0,0,0,3,56,0,0,0,0,0,0,31,0,0,19,0,7,0,0,0,0,0,0,28,0,0,0,0,0,12,0,0,0,0,0,0,0,0,0,0,0,0,0,0,0,0,0,0,0,0,0,0,0,0,0,0,strafe_right
6,8,24,7,0,6,10,44,84,0,0,0,0,24,11,0,0,0,0,0,5,0,0,0,0,0,11,0,0,0,0,0,0,0,0,0,0,0,0,0,0,0,0,0,0,0,0,0,0,0,0,0,0,0,0,0,0,0,0,0,0,14,35,0,0,0,0,0,21,0,0,0,0,58,52,0,0,0,0,0,40,0,0,0,0,0,0,0,0,0,0,0,33,0,0,0,strafe_left
0,0,14,0,0,0,10,50,91,0,0,0,0,0,0,0,0,0,0,0,0,0,0,0,0,0,0,0,0,0,0,0,0,0,0,0,0,0,0,0,0,0,0,0,0,0,0,0,0,0,0,0,0,0,0,0,0,0,0,0,0,9,38,0,0,0,0,0,0,0,0,0,0,73,61,0,0,0,0,0,44,0,0,0,0,13,5,0,0,0,0,0,32,0,0,0,strafe_left
0,0,0,0,0,0,0,0,0,0,0,0,0,0,0,0,0,0,0,0,0,0,0,0,0,49,70,0,0,0,0,0,10,0,0,0,0,127,116,4,0,0,0,0,76,0,0,0,0,0,0,0,0,0,0,63,92,0,0,0,0,0,0,0,0,0,0,0,0,0,0,0,0,0,0,0,0,0,0,0,0,0,0,0,0,0,0,0,0,0,0,0,0,0,0,0,strafe_right
0,0,0,0,0,0,0,21,9,0,0,0,0,50,35,0,0,0,0,0,21,0,0,0,0,69,116,26,0,0,0,0,37,0,0,0,0,55,72,0,0,0,0,0,0,0,0,0,0,0,0,0,0,0,0,4,7,0,0,0,0,23,40,0,0,0,0,0,31,0,0,0,0,13,31,0,0,0,0,0,36,0,0,0,0,0,0,0,0,0,0,0,55,0,0,0,none
0,0,0,0,0,0,0,23,11,0,0,0,0,51,36,0,0,0,0,0,20,0,0,0,0,70,113,26,0,0,0,0,37,0,0,0,0,54,73,0,0,0,0,0,0,0,0,0,0,0,0,0,0,0,0,4,8,0,0,0,0,21,39,0,0,0,0,0,30,0,0,0,0,16,33,0,0,0,0,0,34,0,0,0,0,0,0,0,0,0,0,0,56,0,0,0,none
0,0,0,0,0,0,0,24,12,0,0,0,0,0,13,0,0,0,0,0,20,0,0,0,0,51,102,20,0,0,0,0,36,0,0,0,0,73,101,0,0,0,0,0,0,0,0,0,0,0,0,0,0,0,0,4,7,0,0,0,0,23,35,0,0,0,0,0,31,0,0,0,0,13,28,0,0,0,0,0,34,0,0,0,0,0,0,0,0,0,0,0,58,0,0,0,none
0,0,0,0,0,0,0,21,15,0,0,0,0,4,18,0,0,0,0,0,17,0,0,0,0,47,104,22,0,0,0,0,35,0,0,0,0,57,95,0,0,0,0,0,0,0,0,0,0,0,0,0,0,0,0,3,7,0,0,0,0,25,36,0,0,0,0,0,29,0,0,0,0,16,30,0,0,0,0,0,35,0,0,0,0,0,0,0,0,0,0,0,58,0,0,0,none
0,0,0,0,0,0,0,25,15,0,0,0,0,3,18,0,0,0,0,0,18,3,0,0,0,50,108,24,0,0,0,0,36,0,0,0,0,58,96,0,0,0,0,0,0,0,0,0,0,0,0,0,0,0,0,7,7,0,0,0,0,18,30,0,0,0,0,0,26,0,0,0,0,31,39,0,0,0,0,0,35,0,0,0,0,0,0,0,0,0,0,0,46,0,0,0,none
0,0,0,0,0,0,0,24,14,0,0,0,0,4,17,0,0,0,0,0,17,3,0,0,0,51,108,24,0,0,0,0,36,0,0,0,0,56,95,0,0,0,0,0,0,0,0,0,0,0,0,0,0,0,0,8,9,0,0,0,0,18,30,0,0,0,0,0,27,0,0,0,0,31,38,0,0,0,0,0,35,0,0,0,0,0,0,0,0,0,0,0,47,0,0,0,none
0,0,0,0,0,0,0,25,15,0,0,0,0,4,18,0,0,0,0,0,17,0,0,0,0,51,108,24,0,0,0,0,36,0,0,0,0,56,95,0,0,0,0,0,0,0,0,0,0,0,0,0,0,0,0,7,9,0,0,0,0,19,29,0,0,0,0,0,26,0,0,0,0,31,39,0,0,0,0,0,33,0,0,0,0,0,0,0,0,0,0,0,46,0,0,0,none
0,0,0,0,0,0,0,26,19,0,0,0,0,0,18,0,0,0,0,0,18,3,0,0,0,44,100,20,0,0,0,0,28,0,0,0,0,51,93,0,0,0,0,0,0,0,0,0,0,0,0,0,0,0,0,3,4,0,0,0,0,17,29,0,0,0,0,0,25,0,0,0,0,34,42,0,0,0,0,0,37,0,0,0,0,0,0,0,0,0,0,0,48,0,0,0,none
