left_1,left_2,left_3,left_4,left_5,left_6,left_7,left_8,left_9,left_10,left_11,left_12,left_13,left_14,left_15,left_16,left_17,left_18,left_19,left_20,left_21,left_22,left_23,left_24,left_25,left_26,left_27,left_28,left_29,left_30,left_31,left_32,left_33,left_34,left_35,left_36,left_37,left_38,left_39,left_40,left_41,left_42,left_43,left_44,left_45,left_46,left_47,left_48,right_1,right_2,right_3,right_4,right_5,right_6,right_7,right_8,right_9,right_10,right_11,right_12,right_13,right_14,right_15,right_16,right_17,right_18,right_19,right_20,right_21,right_22,right_23,right_24,right_25,right_26,right_27,right_28,right_29,right_30,right_31,right_32,right_33,right_34,right_35,right_36,right_37,right_38,right_39,right_40,right_41,right_42,right_43,right_44,right_45,right_46,right_47,right_48,label
0,0,0,0,0,0,0,20,143,146,16,0,0,0,0,0,0,0,0,0,110,253,234,0,0,0,0,0,0,0,0,0,13,45,0,0,0,0,0,0,0,0,0,0,0,0,0,0,0,0,0,0,0,0,0,19,99,149,12,0,0,0,0,0,0,0,0,0,131,67,0,0,0,0,0,0,0,0,0,0,131,17,4,0,0,0,0,0,0,0,0,0,3,0,0,0,forward
0,0,0,0,0,0,0,0,9,110,20,0,0,0,0,0,0,0,0,0,56,278,383,21,0,0,0,0,0,0,0,0,0,112,0,66,0,0,0,0,0,0,0,0,0,0,0,0,0,0,0,0,0,0,0,0,68,150,21,0,0,0,0,0,0,0,0,0,122,98,0,0,0,0,0,0,0,0,0,0,152,56,0,0,0,0,0,0,0,0,0,0,25,0,0,0,forward
0,0,0,0,0,0,0,0,123,91,0,0,0,0,0,0,0,0,0,0,123,231,134,0,0,0,0,0,0,0,0,0,99,90,0,0,0,0,0,0,0,0,0,0,17,0,0,0,0,0,0,0,0,0,0,0,87,138,0,0,0,0,0,0,0,0,0,0,132,60,0,0,0,0,0,0,0,0,0,0,146,33,0,0,0,0,0,0,0,0,0,0,20,0,0,0,forward
0,0,0,0,0,0,0,62,127,62,0,0,0,0,27,0,0,0,0,0,113,136,97,0,0,0,0,0,0,0,0,0,67,45,0,0,0,0,0,0,0,0,0,0,0,0,0,0,0,0,18,0,0,0,4,43,70,61,0,0,0,0,0,0,0,0,0,13,47,0,0,0,0,0,0,0,0,0,0,12,91,0,0,0,0,0,0,0,0,0,0,0,8,0,0,0,forward
0,0,61,22,0,0,0,45,103,34,0,0,0,0,58,23,27,0,0,0,58,44,5,0,0,0,39,0,0,0,0,0,22,0,0,0,0,0,0,0,0,0,0,0,0,0,0,0,0,10,124,5,0,0,11,52,77,50,0,0,0,0,0,0,0,0,0,24,54,0,0,0,0,0,0,0,0,0,0,24,113,0,0,0,0,0,0,0,0,0,0,0,0,0,0,0,forward
0,0,0,0,0,0,0,0,73,115,19,0,0,0,0,0,0,0,0,0,56,219,283,41,0,0,0,0,0,0,0,0,11,93,0,0,0,0,0,0,0,0,0,0,0,0,0,0,0,0,0,0,0,0,0,0,71,140,62,0,0,0,0,0,0,0,0,0,95,78,0,0,0,0,0,0,0,0,0,0,199,77,135,0,0,0,0,0,0,0,0,0,20,0,0,0,forward
0,0,0,0,0,0,0,0,76,84,0,0,0,0,0,0,0,0,0,0,62,211,265,17,0,0,0,0,0,0,0,0,45,109,0,0,0,0,0,0,0,0,0,0,0,0,0,0,0,0,0,0,0,0,0,0,102,168,77,0,0,0,0,0,0,0,0,0,121,97,0,0,0,0,0,0,0,0,0,0,163,58,112,0,0,0,0,0,0,0,0,0,15,0,0,0,forward
0,0,0,0,0,0,0,66,140,77,0,0,0,0,0,0,0,0,0,0,119,110,19,0,0,0,0,0,0,0,0,0,80,36,0,0,0,0,0,0,0,0,0,0,14,0,0,0,0,0,0,0,0,0,0,54,139,179,7,0,0,0,0,0,0,0,0,0,137,53,0,0,0,0,0,0,0,0,0,0,135,11,0,0,0,0,0,0,0,0,0,0,0,0,0,0,forward
0,0,0,0,0,0,0,71,131,72,0,0,0,0,28,0,0,0,0,0,111,114,61,0,0,0,0,0,0,0,0,0,62,37,0,0,0,0,0,0,0,0,0,0,0,0,0,0,0,0,27,0,0,0,0,46,70,51,0,0,0,0,0,0,0,0,0,14,64,0,0,0,0,0,0,0,0,0,0,15,102,0,0,0,0,0,0,0,0,0,0,0,0,0,0,0,forward
0,0,0,0,0,0,0,95,154,89,0,0,0,0,10,0,0,0,0,0,118,113,45,0,0,0,0,0,0,0,0,0,42,14,0,0,0,0,0,0,0,0,0,0,0,0,0,0,0,0,33,0,0,0,0,43,59,47,0,0,0,0,0,0,0,0,0,0,42,0,0,0,0,0,0,0,0,0,0,14,104,0,0,0,0,0,0,0,0,0,0,0,3,0,0,0,forward
0,74,128,37,0,0,0,14,21,0,0,0,0,6,128,102,15,0,0,0,37,15,0,0,0,0,149,70,0,0,0,0,18,0,0,0,0,0,0,0,0,0,0,0,0,0,0,0,0,89,207,20,0,0,0,35,37,0,0,0,0,39,25,0,0,0,0,8,17,0,0,0,0,0,0,0,0,0,0,0,32,0,0,0,0,0,0,0,0,0,0,0,0,0,0,0,backward
0,283,247,38,0,0,0,0,0,0,0,0,0,130,241,170,0,0,0,0,0,0,0,0,0,32,309,99,0,0,0,0,0,0,0,0,0,0,0,0,0,0,0,0,0,0,0,0,0,250,349,23,0,0,0,32,0,0,0,0,0,167,103,0,0,0,0,0,0,0,0,0,0,0,0,0,0,0,0,0,0,0,0,0,0,0,0,0,0,0,0,0,0,0,0,0,backward
0,254,235,42,0,0,0,0,0,0,0,0,0,113,214,84,0,0,0,0,0,0,0,0,0,0,173,0,0,0,0,0,0,0,0,0,0,0,0,0,0,0,0,0,0,0,0,0,10,238,178,0,0,0,0,0,0,0,0,0,0,375,147,43,0,0,0,0,0,0,0,0,0,27,73,0,0,0,0,0,0,0,0,0,0,0,11,0,0,0,0,0,0,0,0,0,backward
17,240,207,0,0,0,0,0,0,0,0,0,5,218,252,41,0,0,0,0,0,0,0,0,5,30,173,0,0,0,0,0,0,0,0,0,0,0,0,0,0,0,0,0,0,0,0,0,117,206,119,0,0,0,0,0,0,0,0,0,0,395,148,0,0,0,0,0,0,0,0,0,0,97,93,0,0,0,0,0,0,0,0,0,0,0,5,0,0,0,0,0,0,0,0,0,backward
0,189,236,80,0,0,0,0,0,0,0,0,0,101,260,139,0,0,0,0,0,0,0,0,0,0,185,39,0,0,0,0,0,0,0,0,0,0,0,0,0,0,0,0,0,0,0,0,0,109,111,0,0,0,0,0,0,0,0,0,0,281,127,48,0,0,0,0,33,0,0,0,0,0,70,0,0,0,0,0,0,0,0,0,0,0,5,0,0,0,0,0,0,0,0,0,backward
0,169,214,65,0,0,0,0,0,0,0,0,0,81,227,117,0,0,0,0,0,0,0,0,0,0,173,38,0,0,0,0,0,0,0,0,0,0,0,0,0,0,0,0,0,0,0,0,0,58,77,0,0,0,0,0,0,0,0,0,0,199,100,47,0,0,0,19,118,0,0,0,0,0,34,0,0,0,0,0,8,0,0,0,0,0,0,0,0,0,0,22,12,0,0,0,backward
0,71,179,82,0,0,0,6,52,0,0,0,0,13,169,97,13,0,0,0,17,0,0,0,0,0,147,53,0,0,0,0,17,0,0,0,0,0,0,0,0,0,0,0,0,0,0,0,0,28,65,17,0,0,0,0,12,0,0,0,0,171,92,53,0,0,0,26,191,0,0,0,0,0,45,0,0,0,0,0,37,0,0,0,0,0,0,0,0,0,0,36,28,0,0,0,backward
0,0,75,0,0,0,0,0,0,0,0,0,0,106,188,76,0,0,0,0,34,8,0,0,0,97,218,133,0,0,0,0,26,0,0,0,0,0,158,51,0,0,0,0,26,0,0,0,0,13,64,4,0,0,0,0,0,0,0,0,0,126,74,42,0,0,0,14,84,0,0,0,0,0,36,0,0,0,0,0,31,0,0,0,0,0,0,0,0,0,0,34,21,0,0,0,backward
0,0,49,0,0,0,0,0,0,0,0,0,0,73,147,53,0,0,0,0,33,19,0,0,0,71,184,109,0,0,0,0,38,0,0,0,0,0,95,15,0,0,0,0,23,0,0,0,0,0,59,0,0,0,0,0,0,0,0,0,0,140,77,41,0,0,0,14,102,0,0,0,0,0,37,0,0,0,0,0,37,0,0,0,0,0,0,0,0,0,0,50,41,0,0,0,backward
0,101,167,112,36,51,16,83,169,33,0,0,0,35,130,68,57,0,17,0,43,26,0,0,0,0,75,0,0,0,0,0,0,0,0,0,0,0,0,0,0,0,0,0,0,0,0,0,0,0,0,0,0,0,0,6,0,0,0,0,0,131,45,0,0,0,0,0,93,0,0,0,0,0,28,0,0,0,0,0,34,0,0,0,0,0,0,0,0,0,0,24,49,0,0,0,strafe_left
0,99,141,90,24,35,9,71,158,27,0,0,0,3,97,35,14,0,0,0,18,4,0,0,0,0,27,0,0,0,0,0,0,0,0,0,0,0,0,0,0,0,0,0,0,0,0,0,0,0,0,0,0,0,0,0,0,0,0,0,0,0,0,0,0,0,0,0,26,0,0,0,0,0,0,0,0,0,0,0,75,19,0,0,0,0,0,0,0,0,0,86,145,31,0,0,strafe_left
0,0,0,0,0,0,0,63,216,62,0,0,0,0,0,0,0,0,0,0,92,173,30,0,0,0,0,0,0,0,0,0,29,15,0,0,0,0,0,0,0,0,0,0,0,0,0,0,0,0,0,0,0,0,0,0,0,0,0,0,0,0,0,0,0,0,0,0,22,8,0,0,0,0,0,0,0,0,0,0,65,32,0,0,0,0,0,0,0,0,0,21,101,22,0,18,strafe_left
0,18,86,61,16,35,15,63,165,21,0,0,0,0,73,7,0,0,0,0,18,5,0,0,0,0,0,0,0,0,0,0,0,0,0,0,0,0,0,0,0,0,0,0,0,0,0,0,0,0,0,0,0,0,0,0,0,0,0,0,0,0,0,0,0,0,0,0,9,0,0,0,0,0,0,0,0,0,0,0,55,12,0,0,0,0,0,0,0,0,0,96,187,41,0,0,strafe_left
0,82,123,77,9,20,0,0,116,50,0,0,0,0,96,49,67,0,0,0,39,0,0,0,0,0,52,0,0,0,0,0,10,0,0,0,0,0,0,0,0,0,0,0,10,0,0,0,0,0,0,0,0,0,0,0,0,0,0,0,0,101,65,0,0,0,0,0,24,16,0,0,0,0,17,0,0,0,0,0,45,0,0,0,0,0,0,0,0,0,0,71,76,9,0,0,strafe_left
0,0,0,0,0,0,0,0,0,0,0,0,0,0,83,0,0,0,0,0,0,0,0,0,0,55,142,51,0,0,0,0,0,0,0,0,0,0,134,75,0,0,0,0,252,46,0,0,0,36,42,0,0,8,28,216,101,0,0,0,0,47,46,0,0,0,0,0,0,0,0,0,0,0,0,0,0,0,0,0,0,0,0,0,0,0,0,0,0,0,0,0,0,0,0,0,strafe_right
0,0,0,0,0,0,0,0,0,0,0,0,0,0,31,0,0,0,0,0,0,0,0,0,0,0,55,0,0,0,0,0,0,0,0,0,0,0,66,49,0,0,0,0,310,85,0,0,0,0,0,0,0,19,54,243,138,0,0,0,0,0,4,0,0,0,0,0,0,0,0,0,0,0,0,0,0,0,0,0,0,0,0,0,0,0,0,0,0,0,0,0,0,0,0,0,strafe_right
0,0,0,0,0,0,0,0,0,0,0,0,0,0,68,0,0,0,0,0,0,0,0,0,0,25,110,28,0,0,0,0,0,0,0,0,0,0,119,68,0,0,0,0,234,43,0,0,0,16,35,0,0,22,58,238,139,0,0,0,0,18,25,0,0,0,0,0,0,0,0,0,0,0,0,0,0,0,0,0,0,0,0,0,0,0,0,0,0,0,0,0,0,0,0,0,strafe_right
0,0,0,0,0,0,0,0,0,0,0,0,0,9,105,0,0,0,0,0,0,0,0,0,0,87,165,59,0,0,0,0,0,0,0,0,0,0,142,76,0,0,0,0,162,11,0,0,0,72,69,14,0,14,46,226,121,0,0,0,0,59,51,0,0,0,0,0,0,0,0,0,0,0,0,0,0,0,0,0,0,0,0,0,0,0,0,0,0,0,0,0,0,0,0,0,strafe_right
0,0,0,0,0,0,0,0,0,0,0,0,0,0,67,0,0,0,0,0,0,0,0,0,0,0,91,28,0,0,0,0,8,0,0,0,0,0,88,63,0,0,0,0,289,77,0,0,0,0,14,0,0,0,26,222,131,0,0,0,0,56,33,0,0,0,0,15,13,0,0,0,0,0,0,0,0,0,0,0,0,0,0,0,0,0,0,0,0,0,0,0,0,0,0,0,strafe_right
0,0,0,0,0,0,0,0,0,0,0,0,0,0,0,0,0,0,0,0,0,0,0,0,0,0,0,0,0,0,0,0,0,76,0,0,0,0,0,0,0,0,0,0,533,216,16,111,0,0,0,0,0,0,0,272,236,0,0,0,0,0,0,0,0,0,0,23,40,35,0,0,0,0,0,0,0,0,0,0,0,0,0,0,0,0,0,0,0,0,0,0,0,0,0,0,strafe_right
0,0,0,0,0,0,0,0,0,0,0,0,0,16,105,0,0,0,0,0,0,0,0,0,0,38,129,68,0,0,0,0,0,4,0,0,0,0,63,47,0,0,0,0,263,60,0,0,0,0,34,0,0,7,26,195,100,0,0,0,0,146,98,37,0,0,0,15,14,0,0,0,0,0,12,0,0,0,0,0,0,0,0,0,0,0,0,0,0,0,0,0,0,0,0,0,strafe_right
0,0,13,0,0,22,11,91,262,281,49,0,0,0,32,0,18,8,30,66,232,246,0,0,0,0,0,0,0,0,0,28,329,262,0,0,0,0,0,0,0,0,0,23,537,147,0,0,0,0,0,0,0,40,70,154,321,76,0,0,0,0,85,10,10,0,10,127,303,268,0,0,0,28,158,35,0,0,0,86,224,119,0,0,0,0,0,0,0,0,0,26,126,0,0,0,forward
0,0,0,0,0,0,0,0,107,145,0,0,0,0,0,0,0,0,0,0,122,199,0,0,0,0,0,0,0,0,0,0,288,311,0,0,0,0,0,0,0,0,0,11,879,362,51,171,0,0,0,0,0,0,0,71,217,58,0,0,0,0,0,0,0,0,0,100,363,365,10,0,0,0,0,0,0,0,0,57,322,224,54,0,0,0,0,0,0,0,0,46,281,95,130,0,forward
0,0,0,0,0,0,0,0,124,132,0,0,0,0,0,0,0,0,0,5,145,190,0,0,0,0,0,0,0,0,0,0,369,324,0,0,0,0,0,0,0,0,0,27,1033,311,39,26,0,0,0,0,0,0,0,50,147,8,0,0,0,0,0,0,0,0,0,77,208,235,0,0,0,0,0,0,0,0,0,71,306,224,77,0,0,0,0,0,0,0,0,140,534,230,427,63,forward
0,0,8,0,0,0,0,52,175,183,0,0,0,0,43,0,20,0,16,47,176,179,0,0,0,0,56,12,0,0,0,34,345,240,0,0,0,0,0,0,0,0,0,49,845,210,5,0,0,0,0,0,0,0,13,99,207,19,0,0,0,0,24,0,0,0,0,100,244,198,0,0,0,9,101,13,0,0,0,88,255,134,0,0,0,0,0,0,0,0,0,55,163,40,0,0,forward
0,0,74,15,0,0,0,30,137,151,0,0,0,21,96,51,47,14,15,36,128,126,0,0,0,0,108,64,9,0,0,19,220,183,0,0,0,0,0,14,0,0,0,19,882,273,3,38,0,0,0,0,0,0,45,140,256,36,0,0,0,0,46,0,0,0,4,119,245,211,0,0,0,37,128,32,0,0,0,88,203,96,0,0,0,0,14,0,0,0,0,15,109,0,0,0,forward
0,0,55,20,0,10,0,55,183,203,0,0,0,0,75,41,74,36,40,55,167,184,0,0,0,0,78,54,10,0,0,29,262,218,0,0,0,0,0,0,0,0,0,6,655,188,0,0,0,0,0,0,0,0,38,135,257,46,0,0,0,0,17,0,0,0,0,125,262,234,0,0,0,0,76,0,0,0,0,81,196,99,5,0,0,0,0,0,0,0,0,34,133,0,3,0,forward
0,0,61,11,0,0,0,29,123,128,0,0,0,0,77,35,11,0,0,14,106,113,0,0,0,0,102,78,15,0,0,0,240,174,0,0,0,0,0,17,0,0,0,16,911,291,17,309,0,0,0,0,0,0,54,145,278,49,0,0,0,0,43,0,0,0,11,138,273,233,0,0,0,0,78,12,0,0,0,76,170,86,10,0,0,0,0,0,0,0,0,6,91,0,0,0,forward
0,431,410,185,0,17,0,55,170,129,0,0,0,461,404,282,159,40,38,60,135,83,0,0,0,241,349,231,42,0,0,31,157,78,0,0,0,0,14,0,0,0,0,0,430,12,0,0,0,0,9,0,0,0,0,73,108,0,0,0,0,263,348,94,14,0,0,76,82,8,0,0,0,522,433,148,0,0,0,56,74,0,0,0,0,235,212,22,0,0,0,7,39,0,0,0,backward
0,480,429,185,0,12,0,56,158,78,0,0,0,495,428,284,143,28,34,58,133,60,0,0,0,256,340,218,20,0,0,24,149,44,0,0,0,0,15,0,0,0,0,9,422,0,0,0,0,0,13,0,0,0,0,72,115,0,0,0,0,292,379,94,12,0,0,79,93,9,0,0,0,583,464,162,0,0,0,57,81,0,0,0,0,265,244,37,0,0,0,11,43,0,0,0,backward
0,101,158,14,0,0,0,0,78,18,0,0,0,238,220,114,7,0,0,16,89,40,0,0,0,132,255,191,44,0,0,47,268,120,0,0,0,0,74,104,0,0,0,79,1317,193,0,0,0,0,0,53,7,160,270,317,374,22,0,0,0,67,216,125,95,16,59,143,170,46,0,0,0,121,212,76,0,0,0,42,60,0,0,0,0,0,20,0,0,0,0,0,0,0,0,0,backward
0,453,384,119,0,0,3,10,114,14,0,0,0,566,448,239,46,0,7,23,91,0,0,0,0,345,406,219,0,0,0,20,139,5,0,0,0,0,36,0,0,0,0,12,361,0,0,0,0,0,22,0,0,0,7,59,82,0,0,0,10,438,443,113,21,0,0,66,39,0,0,0,31,749,561,154,0,0,0,6,0,0,0,0,32,387,320,0,0,0,0,0,0,0,0,0,backward
9,747,534,122,0,0,0,0,58,0,0,0,0,881,613,267,0,0,3,6,75,0,0,0,0,617,553,220,0,0,0,0,66,0,0,0,0,0,38,0,0,0,0,0,118,0,0,0,0,0,29,0,0,0,0,29,14,0,0,0,72,494,481,45,0,0,0,35,0,0,0,0,185,882,643,107,0,0,0,0,0,0,0,0,150,477,381,0,0,0,0,0,0,0,0,0,backward
0,354,340,0,0,0,0,0,0,0,0,0,0,784,522,190,0,0,0,0,85,0,0,0,0,614,503,230,0,0,0,11,104,0,0,0,0,46,146,38,0,0,0,8,430,0,0,0,0,0,111,24,0,21,68,105,135,0,0,0,48,540,575,210,57,0,0,100,54,0,0,0,48,851,636,162,0,0,0,0,0,0,0,0,0,421,326,0,0,0,0,0,0,0,0,0,backward
0,694,595,179,0,0,0,18,151,66,0,0,0,975,677,349,81,12,21,11,105,40,0,0,0,752,675,317,18,0,0,0,97,25,0,0,0,24,133,0,0,0,0,0,179,0,0,0,0,0,0,0,0,0,0,47,80,0,0,0,0,203,280,17,0,0,0,41,48,0,0,0,0,560,488,129,0,0,0,25,57,0,0,0,36,281,256,27,0,0,0,0,11,0,0,0,backward
0,395,380,269,172,199,77,152,352,190,0,0,0,289,330,269,219,95,73,79,143,60,0,0,0,22,178,63,0,0,0,0,71,0,0,0,0,0,0,0,0,0,0,0,85,0,0,0,0,0,0,0,0,0,0,42,89,0,0,0,0,0,61,0,0,0,0,33,74,18,0,0,0,224,298,64,0,0,0,36,139,92,58,0,0,163,196,87,0,0,0,58,191,30,0,0,strafe_left
0,368,349,297,267,380,191,320,701,262,23,0,0,135,211,199,201,106,109,83,148,47,0,0,0,0,60,0,0,0,0,0,38,0,0,0,0,0,0,0,0,0,0,0,47,0,0,0,0,0,0,0,0,0,0,0,6,0,0,0,0,0,0,0,0,0,0,4,30,0,0,0,0,201,239,0,0,0,0,20,115,65,51,0,32,212,226,91,0,0,0,57,303,95,0,0,strafe_left
0,420,382,316,302,453,224,361,794,243,13,0,0,137,212,189,170,78,86,68,122,21,0,0,0,0,39,0,0,0,0,0,18,0,0,0,0,0,0,0,0,0,0,0,20,0,0,0,0,0,0,0,0,0,0,0,6,0,0,0,0,0,0,0,0,0,0,3,27,0,0,0,0,236,247,0,0,0,0,21,110,64,43,0,56,240,249,93,0,0,0,55,290,95,0,0,strafe_left
0,0,47,47,69,266,149,336,888,504,135,0,0,0,52,25,91,107,148,181,328,242,40,0,0,0,0,0,0,0,0,0,196,107,0,0,0,0,0,0,0,0,0,0,145,0,0,0,0,0,0,0,0,0,0,0,33,0,0,0,0,0,0,0,0,0,0,18,56,23,0,0,0,0,82,0,0,0,0,38,167,150,155,0,0,0,34,0,0,0,0,55,259,92,0,0,strafe_left
0,293,287,249,187,320,141,244,547,293,41,0,0,157,239,218,257,159,160,141,218,106,0,0,0,0,106,35,0,0,0,0,82,13,0,0,0,0,0,0,0,0,0,0,72,0,0,0,0,0,0,0,0,0,0,0,38,0,0,0,0,0,7,0,0,0,0,10,39,6,0,0,0,111,169,0,0,0,0,19,96,71,51,0,4,87,116,36,0,0,0,35,144,24,0,0,strafe_left
0,749,579,393,253,255,112,189,395,167,0,0,0,466,454,318,243,92,79,81,149,38,0,0,0,56,225,64,0,0,0,0,67,0,0,0,0,0,0,0,0,0,0,0,63,0,0,0,0,0,0,0,0,0,0,0,8,0,0,0,0,0,60,0,0,0,0,7,9,0,0,0,0,292,266,3,0,0,0,0,25,0,0,0,64,194,178,20,0,0,0,0,26,0,0,0,strafe_left
0,0,9,0,0,0,0,0,0,14,0,0,0,17,81,3,0,0,0,0,45,36,0,0,0,0,118,75,12,0,0,0,173,110,0,0,0,0,63,109,9,0,0,56,1256,394,86,67,0,0,0,0,0,104,323,428,389,59,0,0,0,0,100,38,55,15,43,149,172,45,0,0,0,39,104,27,0,0,0,26,65,0,57,0,0,0,10,0,0,0,0,0,10,0,0,0,strafe_right
0,0,13,0,0,0,0,0,0,0,0,0,0,42,93,7,0,0,0,0,35,11,0,0,0,20,140,99,26,0,0,6,140,71,0,0,0,0,82,112,7,0,10,46,1103,283,50,4,0,0,28,74,101,169,377,423,362,47,0,0,0,137,307,169,139,50,62,139,127,6,0,0,0,231,243,95,0,0,0,21,38,0,0,0,0,34,69,0,0,0,0,0,0,0,0,0,strafe_right
0,90,152,0,0,0,0,0,0,0,0,0,0,432,346,96,0,0,0,0,48,0,0,0,0,410,384,179,8,0,0,0,81,0,0,0,0,72,166,83,0,0,0,18,526,62,0,0,0,0,124,82,37,55,149,162,155,0,0,0,0,453,574,256,114,0,9,86,46,0,0,0,16,656,448,128,0,0,0,12,0,0,0,0,0,354,237,0,0,0,0,0,0,0,0,0,strafe_right
0,0,35,0,0,0,0,0,0,0,0,0,0,83,132,8,0,0,0,0,24,0,0,0,0,49,185,121,21,0,0,0,102,41,0,0,0,0,131,118,11,0,0,44,945,197,32,21,0,0,42,88,109,159,343,378,331,44,0,0,0,158,386,207,161,55,57,133,142,27,0,0,0,286,302,121,15,0,0,21,54,0,0,0,0,78,113,0,0,0,0,0,0,0,0,0,strafe_right
0,0,0,0,0,0,0,0,0,0,0,0,0,0,38,0,0,0,0,0,17,0,0,0,0,0,78,41,0,0,0,0,114,57,0,0,0,0,43,60,0,0,0,43,1069,272,78,202,0,0,0,0,0,116,355,527,451,75,0,0,0,0,45,7,41,17,55,190,245,96,0,0,0,0,56,0,0,0,0,33,88,25,0,0,0,0,0,0,0,0,0,0,18,0,0,0,strafe_right
0,0,17,0,0,0,0,0,0,0,0,0,0,74,105,20,0,0,0,0,36,0,0,0,0,29,158,123,46,0,0,3,141,73,0,0,0,0,96,112,12,0,0,34,1059,242,47,81,0,0,0,27,45,142,347,403,359,56,0,0,0,82,224,125,123,51,54,149,143,34,0,0,0,186,199,76,0,0,0,18,53,0,0,0,0,19,60,0,0,0,0,0,0,0,0,0,strafe_right
0,0,9,0,0,0,0,13,94,78,0,0,0,12,74,10,0,0,0,8,83,91,0,0,0,0,134,99,55,0,0,34,276,188,0,0,0,0,20,59,0,0,0,27,953,302,49,165,0,0,0,0,0,16,141,206,272,45,0,0,0,0,44,0,9,0,0,115,186,104,0,0,0,48,100,28,0,0,0,47,114,80,29,0,0,0,34,0,0,0,0,0,20,0,0,0,forward
0,0,0,0,0,74,69,248,472,322,141,0,0,0,0,0,6,0,83,133,237,162,18,0,0,0,0,0,0,0,0,0,162,61,0,0,0,0,0,0,0,0,0,0,76,0,0,0,0,0,0,0,0,21,189,390,426,135,0,0,0,0,0,0,0,0,0,187,291,170,0,0,0,0,15,0,0,0,0,13,99,64,0,0,0,0,0,0,0,0,0,0,5,0,0,0,forward
0,0,0,0,0,0,0,65,241,129,53,86,0,0,0,0,0,0,0,109,266,296,36,116,0,0,0,0,0,0,0,0,402,339,0,0,0,0,0,0,0,0,0,70,223,296,0,739,0,0,0,0,0,0,0,88,117,43,51,53,0,0,0,0,0,0,0,114,751,278,0,0,0,0,0,0,0,0,0,4,228,92,151,76,0,0,0,0,0,0,0,26,90,0,0,0,forward
0,0,0,0,0,25,37,88,270,129,49,0,0,0,19,16,0,32,63,160,306,319,35,0,0,0,12,0,0,0,0,56,475,362,0,0,0,0,0,0,0,0,0,69,191,190,0,0,0,0,0,0,0,0,22,213,229,83,0,0,0,0,0,0,0,0,66,167,812,321,0,0,0,0,0,0,0,0,0,52,179,78,0,0,0,0,0,0,0,0,0,39,44,0,0,0,forward
0,0,0,3,0,65,48,79,226,106,21,0,0,0,110,100,77,56,74,153,251,258,24,0,0,0,130,100,28,16,0,59,330,257,0,0,0,0,0,0,0,0,0,59,139,173,0,0,0,0,0,0,0,0,76,297,273,86,0,0,0,0,0,0,77,52,91,196,765,306,0,0,0,0,0,0,0,0,0,27,104,34,0,0,0,0,0,28,0,0,0,15,19,0,0,0,forward
0,0,0,0,0,64,61,91,263,134,40,0,0,0,39,40,33,51,73,158,281,280,40,0,0,0,38,23,0,0,0,34,345,288,0,0,0,0,0,0,0,0,0,44,125,147,0,0,0,0,0,0,0,0,62,370,321,104,0,0,0,0,0,0,0,0,77,208,819,344,0,0,0,0,0,0,0,0,0,27,127,54,0,0,0,0,0,0,0,0,0,6,13,0,0,0,forward
0,0,0,0,0,0,3,32,142,90,39,0,0,0,0,0,0,0,0,97,203,268,33,34,0,0,0,0,0,0,0,20,387,359,0,0,0,0,0,0,0,0,0,64,235,286,0,199,0,0,0,0,0,0,44,461,398,135,0,0,0,0,0,0,0,0,31,186,857,360,0,0,0,0,0,0,0,0,0,0,79,29,22,0,0,0,0,0,0,0,0,0,0,0,0,0,forward
0,0,0,0,0,0,0,0,33,0,0,0,0,0,0,0,0,0,0,5,54,81,0,47,0,0,0,0,0,0,0,0,188,147,0,0,0,0,0,0,0,0,0,94,365,515,121,1076,0,0,0,0,0,0,0,73,119,59,46,97,0,0,0,0,0,0,0,83,749,390,0,15,0,0,0,0,0,0,0,0,247,192,514,204,0,0,0,0,0,0,0,14,99,19,0,0,forward
0,0,0,0,0,0,0,53,176,98,0,0,0,0,0,0,0,0,5,105,232,274,29,0,0,0,0,0,0,0,0,14,374,304,0,0,0,0,0,0,0,0,0,31,121,123,0,0,0,0,0,0,0,0,45,344,330,134,0,0,0,0,0,0,0,0,60,205,836,413,0,0,0,0,0,0,0,0,0,23,144,62,0,0,0,0,0,0,0,0,0,10,18,0,0,0,forward
0,0,0,0,0,0,13,62,250,154,48,0,0,0,0,0,0,0,0,98,259,314,44,18,0,0,0,0,0,0,0,0,286,239,0,0,0,0,0,0,0,0,0,0,77,95,0,49,0,0,0,0,0,0,18,266,315,151,30,6,0,0,0,0,0,0,41,208,890,490,0,0,0,0,0,0,0,0,0,23,191,111,53,0,0,0,0,0,0,0,0,0,27,0,0,0,forward
0,0,0,0,0,0,0,0,61,50,0,18,0,0,0,0,0,0,0,48,175,279,20,125,0,0,0,0,0,0,0,16,340,339,0,0,0,0,0,0,0,0,0,35,254,358,0,533,0,0,0,0,0,0,0,74,120,61,37,67,0,0,0,0,0,0,0,86,737,417,0,24,0,0,0,0,0,0,0,0,240,187,290,135,0,0,0,0,0,0,0,10,105,24,0,0,forward
0,0,0,0,0,0,0,12,91,27,0,0,0,0,0,0,0,0,0,42,128,192,0,0,0,0,0,0,0,0,0,35,448,409,0,0,0,0,0,0,0,0,0,119,515,522,40,245,0,0,0,0,0,0,51,388,344,138,0,0,0,0,0,0,0,0,65,213,813,379,0,0,0,0,0,0,0,0,0,19,113,43,0,0,0,0,0,0,0,0,0,4,7,0,0,0,forward
0,129,142,0,0,0,0,0,25,52,0,0,0,504,456,195,0,0,16,16,77,17,0,0,0,544,526,379,19,0,0,0,90,135,0,0,0,410,390,126,0,0,0,0,129,0,0,0,0,0,0,0,0,0,0,126,48,0,0,0,0,129,160,19,0,0,0,18,215,27,0,0,165,905,372,123,0,0,0,0,72,0,0,0,421,483,357,104,0,0,0,27,0,0,0,0,backward
0,153,121,0,0,0,0,0,0,0,0,0,0,594,482,139,0,0,22,11,51,0,0,0,0,692,590,380,0,0,0,0,51,49,0,0,0,575,487,134,0,0,0,0,127,0,0,0,0,0,200,0,0,16,31,237,66,0,0,0,0,344,287,138,9,0,0,0,45,0,0,0,274,1071,396,119,0,0,0,0,25,0,0,0,243,329,217,0,0,0,0,0,0,0,0,0,backward
0,0,0,0,0,0,0,0,0,0,0,0,0,141,131,6,0,0,0,0,41,0,0,0,0,249,280,212,0,0,0,0,110,175,0,0,0,255,301,168,0,0,0,0,503,155,0,0,0,0,144,0,16,34,61,278,138,0,0,0,0,238,282,178,53,15,27,75,313,5,0,0,180,1074,393,175,0,0,0,0,52,0,0,0,217,358,265,12,0,0,0,0,0,0,0,0,backward
0,60,116,0,0,0,0,12,35,81,0,0,0,449,457,199,0,7,74,53,109,72,0,0,0,560,578,437,59,0,0,37,172,301,0,0,0,509,511,244,0,0,0,0,441,159,0,0,0,0,8,0,0,0,13,187,95,0,0,0,0,44,101,46,0,0,4,58,315,61,0,0,9,599,215,78,0,0,0,0,59,0,0,0,72,125,141,0,0,0,0,9,0,0,0,0,backward
0,271,211,0,0,0,0,3,15,0,0,0,0,739,561,209,0,0,47,43,101,14,0,0,0,804,685,450,18,0,0,37,146,117,0,0,0,576,448,100,0,0,0,0,233,0,0,0,0,0,0,0,0,0,0,73,0,0,0,0,0,133,143,3,0,0,0,29,133,0,0,0,237,972,355,116,0,0,0,0,20,0,0,0,386,431,334,41,0,0,0,0,0,0,0,0,backward
0,312,86,0,0,0,0,0,0,0,0,0,0,655,773,52,0,0,0,0,17,10,0,0,0,651,367,91,0,0,0,0,15,0,0,0,0,495,317,0,0,0,0,0,17,0,0,0,0,0,0,0,0,0,0,0,0,0,0,0,261,740,258,11,0,0,0,0,0,0,0,0,612,764,360,0,0,0,0,0,13,0,0,0,476,419,158,0,0,0,0,0,0,0,0,0,backward
0,127,68,0,0,0,0,0,0,0,0,0,0,543,788,187,0,0,0,6,0,29,0,0,0,614,431,256,0,0,0,0,210,0,0,0,0,559,458,158,0,0,0,0,56,0,0,0,0,0,0,0,0,0,0,0,3,0,0,0,19,351,248,159,0,0,40,102,0,0,0,0,174,406,305,87,0,0,7,37,5,0,0,0,245,369,297,30,0,0,0,21,0,0,0,0,backward
0,62,63,0,0,0,0,0,6,0,0,0,0,398,719,223,0,0,0,0,26,0,0,0,0,523,398,289,12,0,0,0,442,84,0,0,0,455,466,227,44,0,0,0,110,29,0,0,0,0,0,0,0,0,0,27,44,0,0,0,0,208,202,268,57,18,64,131,36,0,0,0,37,239,231,92,5,0,0,50,95,0,0,0,71,199,190,35,0,0,0,21,18,0,0,0,backward
0,150,143,14,0,0,0,15,139,0,0,0,0,439,707,270,57,9,0,0,40,11,0,0,0,400,311,228,0,0,0,0,182,37,0,0,0,230,277,103,0,0,0,0,0,0,0,0,0,0,0,0,0,0,0,0,11,0,0,0,0,76,57,0,0,0,0,31,0,0,0,0,17,395,313,93,0,0,0,18,55,8,0,0,333,541,403,166,0,0,0,87,161,39,0,0,strafe_left
0,0,0,0,0,0,0,0,0,0,0,0,0,394,699,138,0,0,0,0,0,0,0,0,0,525,405,256,0,0,0,0,355,76,0,0,0,542,514,260,64,0,0,0,127,96,0,0,0,143,151,49,68,82,146,114,68,0,0,0,45,513,338,353,59,0,5,81,0,0,0,0,54,384,267,60,0,0,0,0,0,0,0,0,0,100,55,0,0,0,0,0,0,0,0,0,strafe_right
0,0,0,0,0,0,0,0,0,0,0,0,0,292,565,74,0,0,0,0,9,13,0,0,0,506,375,217,0,0,0,0,285,28,0,0,0,678,588,310,70,0,0,0,192,149,26,0,0,0,82,32,124,205,280,224,141,0,0,0,0,186,205,390,174,102,123,165,0,0,0,0,0,130,145,73,0,0,0,0,0,0,0,0,0,33,59,0,0,0,0,0,0,0,0,0,strafe_right
0,0,0,0,0,0,0,0,0,0,0,0,0,216,448,19,0,0,0,0,19,0,0,0,0,413,328,154,0,0,0,0,218,0,0,0,0,531,498,246,45,0,0,0,155,91,5,0,0,30,119,78,155,187,282,262,171,0,0,0,0,290,276,468,209,113,121,198,0,0,0,0,0,213,210,120,0,0,0,0,0,0,0,0,0,77,82,0,0,0,0,0,0,0,0,0,strafe_right
0,0,0,0,0,0,0,0,0,0,0,0,0,54,234,0,0,0,0,0,0,0,0,0,0,173,161,101,0,0,0,0,283,51,9,0,0,222,277,188,70,0,0,0,195,146,30,0,0,0,78,55,247,470,482,330,197,0,0,0,0,129,165,459,339,321,300,336,260,13,0,0,0,80,126,156,36,0,11,46,0,0,0,0,0,28,71,0,0,0,0,17,0,0,0,0,strafe_right
0,0,0,0,0,0,0,0,0,0,0,0,0,196,381,15,0,0,0,0,0,0,0,0,0,313,267,149,0,0,0,0,233,29,0,0,0,415,381,196,25,0,0,0,126,26,0,0,0,176,181,60,116,173,158,106,22,0,0,0,36,469,369,515,223,110,84,159,0,0,0,0,101,331,300,178,0,0,4,0,0,0,0,0,3,197,124,0,0,0,0,0,0,0,0,0,strafe_right
0,0,0,0,0,0,0,0,0,0,0,0,0,318,531,20,0,0,0,0,8,0,0,0,0,459,322,132,0,0,0,0,131,0,0,0,0,606,482,176,0,0,0,0,81,5,0,0,0,358,249,74,95,145,131,53,19,0,0,0,135,787,440,485,162,69,55,109,0,0,0,0,100,422,309,113,0,0,0,0,0,0,0,0,0,166,82,0,0,0,0,0,0,0,0,0,strafe_right
0,0,0,0,0,0,0,0,0,0,0,0,0,198,412,25,0,0,0,0,0,0,0,0,0,295,242,126,0,0,0,0,219,34,0,0,0,395,372,171,23,0,0,0,105,52,0,0,0,146,186,64,132,247,222,135,90,0,0,0,0,380,362,532,260,177,151,208,79,0,0,0,29,291,302,210,0,0,18,0,0,0,0,0,0,210,154,0,0,0,0,0,0,0,0,0,strafe_right
0,0,0,0,0,0,0,0,0,0,0,0,0,5,34,0,0,0,0,0,30,15,0,0,0,96,118,55,9,0,0,0,135,233,4,0,0,73,145,116,0,0,0,8,438,206,8,17,0,41,691,282,261,211,272,271,357,134,10,0,0,17,63,131,85,0,0,0,51,98,0,0,0,0,66,51,0,0,0,0,0,0,0,0,0,0,0,0,0,0,0,0,0,0,0,0,strafe_right
0,0,0,0,0,0,0,0,0,15,0,0,0,0,0,0,0,0,0,0,38,33,0,0,0,0,31,0,0,0,0,0,129,208,0,0,0,0,22,15,0,0,0,7,544,273,37,36,0,90,810,330,307,251,340,314,393,132,0,0,0,33,73,134,39,0,0,0,34,22,0,0,0,0,62,35,0,0,0,0,0,0,0,0,0,0,0,0,0,0,0,0,0,0,0,0,strafe_right
0,0,0,0,0,0,0,0,0,0,0,0,0,7,32,0,0,0,0,0,28,0,0,0,0,100,134,46,13,0,0,9,164,208,0,0,0,120,184,159,3,0,25,47,780,339,45,0,0,77,680,256,231,176,237,233,309,98,0,0,0,27,55,96,14,0,0,0,30,9,0,0,0,0,66,32,0,0,0,0,0,0,0,0,0,0,0,0,0,0,0,0,0,0,0,0,strafe_right
0,0,0,0,0,0,0,0,0,0,0,0,0,220,204,21,0,0,0,0,42,0,0,0,0,555,391,158,12,0,0,3,99,91,0,0,0,609,410,211,0,0,0,25,483,103,0,0,0,459,1052,411,254,137,128,137,148,53,0,0,0,244,215,204,47,0,0,0,14,0,0,0,0,0,178,114,0,0,0,0,0,0,0,0,0,0,0,0,0,0,0,0,0,0,0,0,strafe_right
0,0,77,55,130,374,216,590,793,396,3,0,0,21,118,149,149,225,459,272,364,255,0,0,0,0,89,53,96,0,0,0,194,232,0,0,0,0,0,0,0,0,0,0,118,0,0,0,0,0,125,0,0,0,0,16,33,10,0,0,0,0,18,13,0,0,0,0,40,107,0,0,0,0,56,45,0,0,0,0,22,24,0,0,0,0,18,0,0,0,0,0,0,0,0,0,strafe_left
0,62,198,172,248,537,283,660,795,273,0,0,0,127,197,222,203,256,453,238,255,106,0,0,0,26,108,52,45,0,0,0,86,64,0,0,0,0,0,0,0,0,0,0,52,0,0,0,0,0,69,0,0,0,0,0,0,0,0,0,0,0,56,0,0,0,0,0,21,64,0,0,0,21,104,107,0,0,0,0,48,75,0,0,0,0,87,135,0,0,0,0,23,72,0,0,strafe_left
0,0,20,0,23,130,80,323,409,195,0,0,0,0,43,33,26,75,259,167,187,90,0,0,0,0,31,0,0,0,0,0,121,89,0,0,0,0,0,0,0,0,0,0,115,0,0,0,0,0,26,0,0,0,0,0,0,0,0,0,0,0,55,0,0,0,0,0,33,135,0,0,0,0,159,216,0,0,0,0,148,284,106,420,0,0,116,232,51,0,0,0,179,662,103,47,strafe_left
0,208,267,63,0,8,0,139,141,43,0,0,0,562,382,232,48,19,118,60,94,29,0,0,0,456,380,162,40,0,0,0,89,31,0,0,0,101,145,0,0,0,0,0,98,0,0,0,0,0,249,0,0,0,0,0,0,17,0,0,0,63,211,97,0,0,0,0,38,101,0,0,0,137,292,306,21,0,0,0,75,112,27,56,0,122,222,269,14,0,0,0,50,115,0,0,strafe_left
0,0,0,0,0,0,0,63,93,0,0,0,0,0,9,0,0,0,0,0,38,33,0,0,0,0,0,0,0,0,0,0,49,0,0,0,0,0,0,0,0,0,0,0,44,0,0,0,0,0,48,0,0,0,0,10,55,13,0,0,0,0,0,0,0,0,0,0,36,39,0,0,0,0,0,0,0,0,0,0,0,0,0,0,0,0,0,0,0,0,0,0,0,0,0,0,forward
0,0,0,0,0,0,0,0,87,8,0,0,0,0,0,0,0,0,0,0,75,151,0,0,0,0,0,0,0,0,0,0,71,72,0,0,0,0,0,0,0,0,0,0,39,0,0,0,0,0,0,0,0,0,0,0,23,44,0,0,0,0,0,0,0,0,0,0,17,230,47,0,0,0,0,0,0,0,0,0,0,42,0,0,0,0,0,0,0,0,0,0,0,0,0,0,forward
0,0,0,0,0,0,0,0,115,20,0,0,0,0,0,0,0,0,0,0,87,136,0,0,0,0,0,0,0,0,0,0,98,67,0,0,0,0,0,0,0,0,0,0,52,0,0,0,0,0,0,0,0,0,0,0,52,47,0,0,0,0,0,0,0,0,0,0,46,162,8,0,0,0,0,0,0,0,0,0,0,21,0,0,0,0,0,0,0,0,0,0,0,0,0,0,forward
0,0,0,0,0,0,0,50,98,0,0,0,0,0,5,0,0,0,0,0,43,45,0,0,0,0,0,0,0,0,0,0,58,13,0,0,0,0,0,0,0,0,0,0,46,0,0,0,0,0,0,0,0,0,0,0,42,23,0,0,0,0,0,0,0,0,0,0,62,113,0,0,0,0,0,0,0,0,0,0,5,11,0,0,0,0,0,0,0,0,0,0,0,0,0,0,forward
0,0,0,0,0,0,0,7,15,0,0,0,0,0,0,0,0,0,0,76,80,5,0,0,0,0,0,0,0,0,0,17,72,0,0,0,0,0,0,0,0,0,0,22,38,0,0,0,0,0,0,0,0,0,0,0,53,28,0,0,0,0,0,0,0,0,0,0,53,185,0,0,0,0,0,0,0,0,0,0,4,31,0,0,0,0,0,0,0,0,0,0,0,0,0,0,forward
0,0,0,0,0,0,0,19,19,0,0,0,0,0,0,0,0,0,0,83,78,11,0,0,0,0,0,0,0,0,0,8,60,0,0,0,0,0,0,0,0,0,0,24,35,0,0,0,0,0,0,0,0,0,0,0,62,26,0,0,0,0,0,0,0,0,0,0,32,167,0,0,0,0,0,0,0,0,0,0,11,15,0,0,0,0,0,0,0,0,0,0,0,0,0,0,forward
0,0,0,0,0,0,0,0,72,0,0,0,0,0,0,0,0,0,0,25,126,127,14,0,0,0,0,0,0,0,0,0,83,0,0,0,0,0,0,0,0,0,0,0,28,0,0,0,0,0,0,0,0,0,0,0,0,70,0,0,0,0,0,0,0,0,0,0,12,107,0,0,0,0,0,0,0,0,0,0,0,68,0,0,0,0,0,0,0,0,0,0,0,0,0,0,forward
0,0,0,0,0,0,0,72,84,0,0,0,0,0,0,0,0,0,6,102,60,0,0,0,0,0,0,0,0,0,0,67,83,0,0,0,0,0,0,0,0,0,0,38,54,0,0,0,0,0,0,0,0,0,0,30,99,25,0,0,0,0,0,0,0,0,0,26,87,41,0,0,0,0,0,0,0,0,0,0,82,176,0,0,0,0,0,0,0,0,0,0,0,0,0,0,forward
0,0,0,0,0,0,0,0,33,0,0,0,0,0,0,0,0,0,0,37,57,0,0,0,0,0,0,0,0,0,0,36,97,0,0,0,0,0,0,0,0,0,0,48,105,0,6,0,0,0,0,0,0,0,0,0,92,32,0,0,0,0,0,0,0,0,0,0,69,43,0,0,0,0,0,0,0,0,0,0,78,248,0,0,0,0,0,0,0,0,0,0,0,0,0,0,forward
0,0,0,0,0,0,0,97,163,0,0,0,0,0,0,0,0,0,0,92,90,0,0,0,0,0,0,0,0,0,0,67,102,0,0,0,0,0,0,0,0,0,0,74,51,0,0,0,0,0,0,0,0,0,0,0,58,9,0,0,0,0,0,0,0,0,0,0,64,42,0,0,0,0,0,0,0,0,0,0,95,302,10,0,0,0,0,0,0,0,0,0,0,0,0,0,forward
227,235,91,0,0,0,0,0,0,0,0,0,142,167,114,0,0,0,0,12,0,0,0,0,0,108,41,0,0,0,0,0,0,0,0,0,0,0,0,0,0,0,0,0,0,0,0,0,0,0,0,0,0,0,0,0,26,0,0,0,0,0,0,85,0,0,0,35,26,0,0,0,0,113,171,48,0,0,0,0,23,0,0,0,0,0,123,0,0,0,0,0,0,0,0,0,backward
173,166,25,0,0,0,0,0,0,0,0,0,153,171,124,0,0,0,0,0,0,0,0,0,0,182,82,0,0,0,0,0,0,0,0,0,0,0,0,0,0,0,0,0,0,0,0,0,0,0,0,0,0,0,0,0,0,0,0,0,0,0,45,152,0,0,0,0,0,0,0,0,0,221,230,52,0,0,0,0,0,0,0,0,0,21,131,0,0,0,0,0,0,0,0,0,backward
113,138,58,0,0,0,0,0,0,0,0,0,114,169,117,0,0,0,0,15,0,0,0,0,0,154,69,10,0,0,0,9,0,0,0,0,0,0,0,0,0,0,0,0,0,0,0,0,0,0,0,0,0,0,0,0,25,0,0,0,0,0,36,131,0,0,0,38,0,0,0,0,0,108,209,43,0,0,0,0,0,0,0,0,0,7,116,0,0,0,0,0,0,0,0,0,backward
138,140,43,0,0,0,0,0,0,0,0,0,119,178,127,0,0,0,0,18,0,0,0,0,0,175,89,3,0,0,0,13,0,0,0,0,0,0,0,0,0,0,0,0,0,0,0,0,0,0,0,0,0,0,0,0,11,0,0,0,0,0,34,141,0,0,0,21,0,0,0,0,0,131,225,54,0,0,0,0,0,0,0,0,0,11,123,0,0,0,0,0,0,0,0,0,backward
0,0,0,0,0,0,0,0,0,0,0,0,26,83,65,0,0,0,0,0,0,0,0,0,0,117,70,22,0,0,0,11,20,0,0,0,0,0,0,0,0,0,0,0,12,0,0,0,0,0,0,14,41,41,25,10,23,0,0,0,0,0,0,80,0,0,0,0,0,0,0,0,0,0,82,0,0,0,0,0,0,0,0,0,0,0,0,0,0,0,0,0,0,0,0,0,strafe_right
0,0,0,0,0,0,0,0,0,0,0,0,0,14,25,0,0,0,0,0,0,0,0,0,0,67,46,12,0,0,0,9,23,0,0,0,0,0,0,0,0,0,0,0,27,0,25,0,0,0,0,0,0,27,22,23,53,0,0,0,0,0,0,18,0,0,0,0,0,0,0,0,0,0,0,0,0,0,0,0,0,0,0,0,0,0,0,0,0,0,0,0,0,0,0,0,strafe_right
0,0,0,0,0,0,0,0,0,0,0,0,0,46,16,0,0,0,0,0,0,0,0,0,0,97,57,0,0,0,0,0,0,0,0,0,0,23,22,0,0,0,0,0,21,0,0,0,0,0,37,76,83,52,28,3,28,0,0,0,0,0,0,69,0,0,0,0,0,0,0,0,0,0,23,0,0,0,0,0,0,0,0,0,0,0,0,0,0,0,0,0,0,0,0,0,strafe_right
0,0,0,0,0,0,0,0,0,0,0,0,0,0,0,0,0,0,0,0,0,0,0,0,0,12,15,0,0,0,0,0,5,0,0,0,0,0,0,0,0,0,0,0,49,0,42,0,0,0,0,0,9,27,22,18,50,0,0,0,0,0,0,21,0,0,0,0,0,0,0,0,0,0,0,0,0,0,0,0,0,0,0,0,0,0,0,0,0,0,0,0,0,0,0,0,strafe_right
0,0,0,0,0,0,0,0,0,0,0,0,0,11,21,0,0,0,0,0,0,0,0,0,0,52,36,7,0,0,0,0,11,0,0,0,0,0,0,0,0,0,0,0,41,0,0,0,0,0,7,30,49,37,34,10,29,0,0,0,0,0,0,41,0,0,0,0,0,0,0,0,0,0,0,0,0,0,0,0,0,0,0,0,0,0,0,0,0,0,0,0,0,0,0,0,strafe_right
0,0,0,0,0,0,0,0,0,0,0,0,0,21,7,0,0,0,0,0,0,0,0,0,0,59,48,0,0,0,0,0,0,0,0,0,0,0,11,0,0,0,0,0,37,0,0,0,0,0,15,55,65,40,41,13,36,0,0,0,0,0,0,39,0,0,0,0,0,0,0,0,0,0,0,0,0,0,0,0,0,0,0,0,0,0,0,0,0,0,0,0,0,0,0,0,strafe_right
44,230,61,0,0,0,57,136,78,0,0,0,0,0,0,0,0,0,0,0,0,0,0,0,0,0,0,0,0,0,0,0,0,0,0,0,0,0,0,0,0,0,0,0,0,0,0,0,0,0,0,0,0,0,0,0,0,0,0,0,0,0,0,0,0,0,0,0,0,0,0,0,0,0,47,0,0,0,0,0,54,108,0,0,0,16,186,82,0,0,0,0,14,0,0,0,strafe_left
0,144,28,0,0,0,76,145,156,0,0,0,0,0,0,0,0,0,0,0,0,0,0,0,0,0,0,0,0,0,0,0,0,0,0,0,0,0,0,0,0,0,0,0,0,0,0,0,0,0,0,0,0,0,0,0,0,0,0,0,0,0,0,0,0,0,0,0,0,0,0,0,0,0,0,0,0,0,0,0,68,148,0,0,0,0,134,28,0,0,0,0,57,0,0,0,strafe_left
0,0,0,0,26,39,140,386,271,0,0,0,0,0,0,0,0,0,0,48,0,0,0,0,0,0,0,0,0,0,0,0,0,0,0,0,0,0,0,0,0,0,0,0,0,0,0,0,0,0,0,0,0,0,0,0,0,0,0,0,0,0,0,0,0,0,0,0,18,0,0,0,0,0,0,0,0,0,0,0,87,196,0,0,0,0,40,0,0,0,0,0,33,0,0,0,strafe_left
28,211,49,0,5,0,50,119,26,0,0,0,0,0,0,0,0,0,0,6,0,0,0,0,0,0,0,0,0,0,0,0,0,0,0,0,0,0,0,0,0,0,0,0,0,0,0,0,0,0,0,0,0,0,0,0,0,0,0,0,0,0,0,0,0,0,0,0,0,0,0,0,0,0,49,0,0,0,0,0,31,44,0,0,0,175,241,57,0,0,0,0,3,0,0,0,strafe_left
0,0,0,0,0,0,0,0,0,0,0,0,0,0,0,0,0,0,0,9,0,0,0,0,0,0,0,0,0,0,0,0,0,0,0,0,0,0,0,0,0,0,0,0,0,0,0,0,0,0,0,0,0,0,0,0,0,0,0,0,0,0,0,0,0,0,0,0,0,0,0,0,0,0,66,11,0,0,0,0,42,69,0,0,0,134,229,64,0,0,0,0,12,0,0,0,strafe_left
0,67,6,0,0,0,0,0,0,0,0,0,345,116,81,0,0,0,3,0,0,0,0,0,0,75,65,0,0,0,0,100,11,0,0,0,0,0,0,0,0,0,0,0,23,0,0,0,0,0,0,0,0,0,0,0,0,0,0,0,0,0,26,0,0,0,0,0,0,0,0,0,0,267,132,0,0,0,0,0,0,0,0,0,0,244,125,0,0,0,0,0,0,0,0,0,backward
15,83,0,0,0,0,0,0,0,0,0,0,451,154,95,0,0,0,0,0,0,0,0,0,0,124,62,0,0,0,0,0,0,0,0,0,0,0,0,0,0,0,0,0,0,0,0,0,0,0,0,0,0,0,0,0,0,0,0,0,0,0,27,0,0,0,0,0,0,0,0,0,0,299,148,0,0,0,0,0,0,0,0,0,0,260,127,0,0,0,0,0,0,0,0,0,backward
47,75,0,0,0,0,0,0,0,0,0,0,567,164,71,0,0,0,0,0,0,0,0,0,29,157,44,0,0,0,0,0,0,0,0,0,0,0,0,0,0,0,0,0,0,0,0,0,0,0,0,0,0,0,0,0,0,0,0,0,0,0,34,0,0,0,0,0,0,0,0,0,0,295,137,0,0,0,0,0,0,0,0,0,0,188,86,0,0,0,0,0,0,0,0,0,backward
0,13,0,0,0,0,0,0,0,0,0,0,609,167,40,0,0,0,0,0,0,0,0,0,98,157,41,0,0,0,0,0,0,0,0,0,0,0,0,0,0,0,0,0,0,0,0,0,0,0,0,0,0,0,0,0,0,0,0,0,0,0,42,0,0,0,0,0,0,0,0,0,0,262,122,0,0,0,0,0,0,0,0,0,0,54,25,0,0,0,0,0,0,0,0,0,backward
0,0,0,0,0,0,0,0,0,0,0,0,652,123,0,0,0,0,0,0,0,0,0,0,231,191,28,0,0,0,0,0,0,0,0,0,31,45,0,0,0,0,0,0,0,0,0,0,0,0,0,0,0,0,0,0,0,0,0,0,0,42,52,0,0,0,0,0,0,0,0,0,0,245,63,0,0,0,0,0,0,0,0,0,0,0,0,0,0,0,0,0,0,0,0,0,backward
0,0,0,0,0,0,0,0,0,0,0,0,581,123,0,0,0,0,0,0,0,0,0,0,186,207,36,0,0,0,0,0,0,0,0,0,77,154,0,0,0,0,0,0,0,0,0,0,0,0,16,0,0,0,0,0,0,0,0,0,0,87,129,55,0,0,0,0,0,0,0,0,0,215,52,0,0,0,0,0,0,0,0,0,0,0,0,0,0,0,0,0,0,0,0,0,backward
0,0,0,0,0,0,0,0,0,0,0,0,652,164,0,0,0,0,0,0,0,0,0,0,196,216,46,0,0,0,0,0,0,0,0,0,66,131,0,0,0,0,0,0,0,0,0,0,0,0,0,0,0,0,0,0,0,0,0,0,0,92,125,11,0,0,0,0,0,0,0,0,0,203,70,0,0,0,0,0,0,0,0,0,0,4,0,0,0,0,0,0,0,0,0,0,backward
0,112,0,0,0,0,0,0,0,0,0,0,374,139,96,0,0,0,0,0,0,0,0,0,0,116,88,0,0,0,0,0,0,0,0,0,0,7,0,0,0,0,0,0,0,0,0,0,0,0,0,0,0,0,0,18,0,0,0,0,0,0,14,0,0,0,0,0,0,0,0,0,0,138,71,0,0,0,0,0,0,0,0,0,0,83,81,0,0,0,0,0,0,0,0,0,backward
0,20,0,0,0,0,0,17,0,0,0,0,156,42,48,0,0,0,0,3,0,0,0,0,0,37,48,0,0,0,0,69,59,0,0,0,0,0,0,0,0,0,0,23,29,0,0,0,0,0,0,0,0,0,0,35,0,0,0,0,0,0,4,0,0,0,0,4,15,0,0,0,0,87,48,5,0,0,0,0,0,0,0,0,0,42,45,0,0,0,0,0,0,0,0,0,backward
0,45,0,0,0,0,0,0,0,0,0,0,301,98,76,0,0,0,0,7,0,0,0,0,0,120,86,0,0,0,0,36,23,0,0,0,0,18,0,0,0,0,0,8,23,0,0,0,0,0,0,0,0,0,0,0,0,0,0,0,0,0,8,0,0,0,0,0,0,0,0,0,0,173,86,9,0,0,0,0,0,0,0,0,0,130,88,0,0,0,0,0,0,0,0,0,backward
96,0,0,0,0,0,0,0,0,0,0,0,189,30,0,0,0,0,0,0,0,0,0,0,465,3,0,0,0,0,0,0,0,0,0,0,0,0,0,0,0,0,0,0,0,0,0,0,0,152,0,0,0,0,0,0,0,0,0,0,122,60,0,0,0,0,0,0,0,0,0,0,90,44,4,0,0,0,0,0,0,0,0,0,0,38,0,0,0,0,0,0,0,0,0,0,backward
164,0,0,0,0,0,0,0,0,0,0,0,215,21,0,0,0,0,0,0,0,0,0,0,305,0,0,0,0,0,0,0,0,0,0,0,0,0,0,0,0,0,0,0,0,0,0,0,0,0,0,0,0,0,0,0,0,0,0,0,77,30,0,0,0,0,0,0,0,0,0,0,144,55,0,0,0,0,0,0,0,0,0,0,25,100,0,0,0,0,0,0,0,0,0,0,backward
110,0,0,0,0,0,0,0,0,0,0,0,238,40,0,0,0,0,0,0,0,0,0,0,433,5,0,0,0,0,0,0,0,0,0,0,0,0,0,0,0,0,0,0,0,0,0,0,6,98,0,0,0,0,0,0,0,0,0,0,66,39,0,0,0,0,0,0,0,0,0,0,25,12,0,0,0,0,0,0,0,0,0,0,0,13,0,0,0,0,0,0,0,0,0,0,backward
73,0,0,0,0,0,0,0,0,0,0,0,182,38,0,0,0,0,0,0,6,0,0,0,392,56,0,0,0,0,0,0,0,0,0,0,0,0,0,0,0,0,0,0,0,0,0,0,4,224,0,0,0,0,0,0,0,0,0,0,3,27,25,0,0,0,0,4,0,0,0,0,0,23,33,0,0,0,0,0,0,0,0,0,0,10,0,0,0,0,0,0,0,0,0,0,backward
47,0,0,0,0,0,0,0,0,0,0,0,127,28,0,0,0,0,7,0,0,0,0,0,351,40,0,0,0,0,11,5,0,0,0,0,0,0,0,0,0,0,0,0,0,0,0,0,0,193,0,0,0,0,0,0,0,0,0,0,0,25,25,0,0,0,0,23,0,0,0,0,0,12,33,0,0,0,0,0,0,0,0,0,0,11,0,0,0,0,0,0,0,0,0,0,backward
13,0,0,0,0,0,0,0,0,0,0,0,115,23,0,0,0,0,8,0,0,0,0,0,355,47,0,0,0,0,22,18,0,0,0,0,0,0,0,0,0,0,0,0,0,0,0,0,0,185,0,0,0,0,0,0,0,0,0,0,3,14,15,0,0,0,0,36,0,0,0,0,0,17,31,0,0,0,0,0,0,0,0,0,0,29,0,0,0,0,0,0,0,0,0,0,backward
53,0,0,0,0,0,0,0,0,0,0,0,138,25,0,0,0,0,7,0,0,0,0,0,369,45,0,0,0,0,25,23,0,0,0,0,0,0,0,0,0,0,0,0,0,0,0,0,0,104,0,0,0,0,0,31,0,0,0,0,0,0,12,0,0,0,0,69,0,0,0,0,0,6,26,0,0,0,0,0,10,0,0,0,0,29,0,0,0,0,0,0,0,0,0,0,backward
21,0,0,0,0,0,0,0,0,0,0,0,113,37,0,0,0,0,0,0,0,0,0,0,130,31,0,0,0,0,0,0,0,0,0,0,168,0,0,0,0,0,36,0,8,0,0,0,0,92,45,0,0,0,0,0,0,0,0,0,0,37,19,0,0,0,0,0,0,0,0,0,0,29,26,0,0,0,0,4,0,0,0,0,0,0,0,0,0,0,0,6,0,0,0,0,backward
118,13,0,0,0,0,0,0,0,0,0,0,104,34,0,0,0,0,15,0,0,0,0,0,100,29,0,0,0,0,0,0,6,0,0,0,0,0,0,0,0,0,64,14,0,0,0,0,0,0,65,0,0,0,0,0,0,0,0,0,0,56,58,0,0,0,0,0,27,0,0,0,0,35,119,0,0,0,0,0,0,0,0,0,0,0,0,0,0,0,0,0,0,0,0,0,backward
19,0,0,0,0,25,158,3,0,0,0,0,0,0,0,0,0,0,0,0,0,0,0,0,0,0,0,0,0,0,0,0,0,0,0,0,0,0,0,0,0,0,0,0,0,0,0,0,0,0,0,0,0,0,0,0,0,0,0,0,0,0,0,0,0,0,0,0,0,0,0,0,0,0,24,0,0,0,0,0,7,0,0,0,0,0,0,0,0,0,0,14,37,0,0,0,strafe_left
0,5,29,0,0,23,10,32,34,0,0,0,0,0,0,0,0,0,0,0,0,0,0,0,0,0,0,0,0,0,0,0,0,0,0,0,0,0,0,0,0,0,0,0,0,0,0,0,0,0,0,0,0,0,0,0,0,0,0,0,0,0,46,0,0,0,0,0,0,0,0,0,0,0,82,0,0,0,0,31,37,0,0,0,0,0,0,0,0,0,0,14,82,0,0,0,strafe_left
0,0,0,0,0,14,5,33,60,0,0,0,0,0,0,0,0,0,0,0,0,0,8,0,0,0,0,0,0,0,0,0,0,0,0,0,0,0,0,0,0,0,0,0,0,0,0,0,0,0,0,0,0,0,0,0,0,0,0,0,0,0,25,0,0,0,0,0,0,0,0,0,0,0,48,0,0,0,0,59,52,0,0,0,0,0,0,0,0,0,0,15,73,0,0,0,strafe_left
0,35,43,0,0,9,0,16,10,0,0,0,0,0,0,0,0,0,0,0,0,0,0,0,0,0,0,0,0,0,0,0,0,0,0,0,0,0,0,0,0,0,0,0,0,0,0,0,0,0,0,0,0,0,0,0,0,0,0,0,0,0,79,0,0,0,0,0,0,0,0,0,0,0,106,0,0,0,0,20,21,0,0,0,0,0,0,0,0,0,0,0,36,0,0,0,strafe_left
0,68,70,0,0,0,0,20,5,0,0,0,0,0,0,0,0,0,0,0,0,0,0,0,0,0,0,0,0,0,0,0,0,0,0,0,0,0,0,0,0,0,0,0,0,0,0,0,0,0,0,0,0,0,0,0,0,0,0,0,0,70,134,0,0,0,0,0,0,0,0,0,0,12,154,0,0,0,0,4,0,0,0,0,0,0,0,0,0,0,0,0,26,0,0,0,strafe_left
0,3,20,0,0,10,3,26,36,0,0,0,0,0,0,0,0,0,0,0,0,0,0,0,0,0,0,0,0,0,0,0,0,0,0,0,0,0,0,0,0,0,0,0,0,0,0,0,0,0,0,0,0,0,0,0,0,0,0,0,0,0,28,24,0,0,0,0,0,0,0,0,0,0,42,0,0,0,0,0,21,7,0,0,0,0,0,0,0,0,0,0,51,9,0,0,strafe_left
0,0,0,0,0,0,5,41,110,0,0,0,0,0,0,0,0,0,0,0,0,0,0,0,0,0,0,0,0,0,0,0,0,0,0,0,0,0,0,0,0,0,0,0,0,0,0,0,0,0,0,0,0,0,0,0,0,0,0,0,0,0,0,0,0,0,0,0,0,0,0,0,0,0,0,0,0,0,0,0,52,69,0,0,0,0,0,0,0,0,0,0,82,50,0,0,strafe_left
0,0,4,0,0,5,0,20,25,0,0,0,0,0,0,0,0,0,0,0,0,0,0,0,0,0,0,0,0,0,0,0,0,0,0,0,0,0,0,0,0,0,0,0,0,0,0,0,0,0,0,0,0,0,0,0,0,0,0,0,0,0,32,23,0,0,0,0,0,0,0,0,0,0,50,0,0,0,0,0,20,13,0,0,0,0,0,0,0,0,0,0,64,21,0,0,strafe_left
0,49,53,0,0,0,0,16,16,0,0,0,0,0,0,0,0,0,0,0,0,0,0,0,0,0,0,0,0,0,0,0,0,0,0,0,0,0,0,0,0,0,0,0,0,0,0,0,0,0,0,0,0,0,0,0,0,0,0,0,0,0,46,20,0,0,0,0,0,0,0,0,0,61,93,10,0,0,0,0,0,0,0,0,0,0,20,0,0,0,0,0,27,0,0,0,strafe_left
0,51,47,0,0,0,0,10,0,0,0,0,0,0,0,0,0,0,0,0,0,0,0,0,0,0,0,0,0,0,0,0,0,0,0,0,0,0,0,0,0,0,0,0,0,0,0,0,0,0,0,0,0,0,0,0,0,0,0,0,0,0,30,0,0,0,0,0,0,0,0,0,0,64,93,0,0,0,0,0,0,0,0,0,0,0,28,0,0,0,0,0,30,0,0,0,strafe_left
0,0,0,0,0,0,0,10,0,0,0,0,0,0,0,0,0,0,0,0,0,0,0,0,0,0,0,0,0,0,0,0,0,0,0,0,0,0,0,0,0,0,0,0,0,0,0,0,0,0,0,0,0,0,0,0,0,0,0,0,0,0,0,0,0,0,0,0,0,0,0,0,0,0,41,0,0,0,0,0,0,0,0,0,0,0,3,0,0,0,0,0,83,32,0,0,strafe_left
0,0,0,0,0,0,0,25,26,0,0,0,0,0,0,0,0,0,0,0,0,0,0,0,0,0,0,0,0,0,0,0,0,0,0,0,0,0,0,0,0,0,0,0,0,0,0,0,0,0,0,0,0,0,0,0,0,0,0,0,0,0,0,0,0,0,0,0,0,0,0,0,0,0,15,0,0,0,0,0,4,23,0,0,0,0,0,0,0,0,0,0,105,55,0,0,strafe_left
0,11,13,0,0,0,0,16,0,0,0,0,0,0,0,0,0,0,0,0,0,0,0,0,0,0,0,0,0,0,0,0,0,0,0,0,0,0,0,0,0,0,0,0,0,0,0,0,0,0,0,0,0,0,0,0,0,0,0,0,0,0,16,0,0,0,0,0,0,0,0,0,0,0,51,0,0,0,0,0,0,7,0,0,0,0,7,0,0,0,0,0,77,28,0,0,strafe_left
0,0,0,0,0,0,13,28,67,0,9,0,0,0,0,0,0,0,0,0,0,0,0,0,0,0,0,0,0,0,0,0,0,0,0,0,0,0,0,0,0,0,0,0,0,0,0,0,0,0,0,0,0,0,0,0,0,0,0,0,0,0,0,0,0,0,0,0,0,0,0,0,0,0,0,0,0,0,0,0,105,35,0,0,0,0,0,0,0,0,0,0,96,60,0,16,strafe_left
0,0,0,0,0,0,18,33,59,0,0,0,0,0,0,0,0,0,0,0,0,0,0,0,0,0,0,0,0,0,0,0,0,0,0,0,0,0,0,0,0,0,0,0,0,0,0,0,0,0,0,0,0,0,0,0,0,0,0,0,0,0,0,0,0,0,0,0,0,0,0,0,0,0,0,0,0,0,0,0,79,22,0,0,0,0,0,0,0,0,0,0,105,63,0,14,strafe_left
0,0,0,0,0,0,23,26,4,0,0,0,0,0,0,0,0,0,0,0,0,0,0,0,0,0,0,0,0,0,0,0,0,0,0,0,0,0,0,0,0,0,0,0,0,0,0,0,0,0,0,0,0,0,0,0,0,0,0,0,0,0,0,0,0,0,0,0,0,0,0,0,0,0,38,9,0,0,0,0,50,0,0,0,0,0,0,0,0,0,0,0,47,17,0,0,strafe_left
0,0,0,0,0,0,5,3,11,0,0,0,0,0,0,0,0,0,0,0,0,0,0,0,0,0,0,0,0,0,0,0,0,0,0,0,0,0,0,0,0,0,0,0,0,0,0,0,0,0,0,0,0,0,0,0,0,0,0,0,0,0,0,0,0,0,0,0,0,0,0,0,0,0,43,0,0,0,0,0,0,0,0,0,0,0,0,0,0,0,0,0,45,11,0,0,strafe_left
0,50,63,0,0,0,7,37,60,0,0,0,0,0,38,21,0,0,0,0,0,0,0,0,0,0,0,0,0,0,0,0,0,0,0,0,0,0,0,0,0,0,0,0,0,0,0,0,0,0,0,0,0,0,0,0,0,0,0,0,0,0,27,25,0,0,0,0,0,0,0,0,0,0,34,0,0,0,0,0,3,20,0,0,0,0,0,0,0,0,0,0,53,44,0,0,strafe_left
0,0,0,0,0,0,0,0,0,0,0,0,0,0,28,0,0,0,0,0,0,0,0,0,0,0,47,21,0,0,0,0,0,0,0,0,0,0,0,12,0,0,0,14,289,45,0,0,0,0,37,42,0,0,31,142,214,58,0,0,0,0,0,0,0,0,0,0,7,0,0,0,0,0,0,0,0,0,0,0,0,0,0,0,0,0,0,0,0,0,0,0,0,0,0,0,strafe_right
0,0,28,0,0,0,0,0,0,0,0,0,0,54,39,0,0,0,0,0,0,0,0,0,0,171,124,0,0,0,0,0,0,0,0,0,0,0,0,50,0,0,0,0,103,0,0,0,0,0,85,63,0,0,34,121,175,49,0,0,0,0,0,0,0,0,0,0,0,0,0,0,0,0,0,0,0,0,0,0,0,0,0,0,0,0,0,0,0,0,0,0,0,0,0,0,strafe_right
0,0,0,0,0,0,0,0,0,0,0,0,0,0,0,0,0,0,0,0,0,0,0,0,0,9,69,0,0,0,0,0,41,0,0,0,0,29,91,21,0,0,0,62,192,13,0,0,0,0,48,0,0,0,9,36,101,0,0,0,0,0,14,0,0,0,0,0,0,0,0,0,0,0,0,0,0,0,0,0,0,0,0,0,0,0,0,0,0,0,0,0,0,0,0,0,strafe_right
0,0,0,0,0,0,0,0,0,0,0,0,0,0,22,0,0,0,0,0,0,0,0,0,0,50,112,0,0,0,0,0,29,0,0,0,0,153,140,21,0,0,0,33,110,0,0,0,0,0,96,32,0,0,12,36,100,0,0,0,0,0,18,0,0,0,0,0,0,0,0,0,0,0,0,0,0,0,0,0,0,0,0,0,0,0,0,0,0,0,0,0,0,0,0,0,strafe_right
0,0,0,0,0,0,0,0,0,0,0,0,0,0,0,0,0,0,0,0,24,0,0,0,0,0,0,0,0,0,0,0,79,0,0,0,0,0,0,0,0,0,0,67,306,61,0,0,0,0,0,0,0,0,16,82,319,88,0,0,0,0,0,0,0,0,0,0,0,0,0,0,0,0,0,0,0,0,0,0,0,0,0,0,0,0,0,0,0,0,0,0,0,0,0,0,strafe_right
0,0,0,0,0,0,0,0,0,0,0,0,0,0,42,0,0,0,0,0,0,0,0,0,0,46,105,0,0,0,0,0,37,0,0,0,0,51,93,9,0,0,0,28,84,0,0,0,0,0,58,8,0,0,24,61,139,11,0,0,0,0,5,0,0,0,0,0,0,0,0,0,0,0,0,0,0,0,0,0,0,0,0,0,0,0,0,0,0,0,0,0,0,0,0,0,strafe_right
0,0,0,0,0,0,0,0,0,0,0,0,0,0,9,0,0,0,0,0,0,0,0,0,0,51,126,0,0,0,0,0,37,0,0,0,0,159,151,29,0,0,0,12,115,0,0,0,0,0,89,17,0,0,18,48,116,0,0,0,0,0,6,0,0,0,0,0,0,0,0,0,0,0,0,0,0,0,0,0,0,0,0,0,0,0,0,0,0,0,0,0,0,0,0,0,strafe_right
0,0,0,0,0,0,0,0,0,0,0,0,0,0,3,0,0,0,0,0,0,0,0,0,0,13,79,0,0,0,0,0,34,0,0,0,0,68,113,23,0,0,0,27,234,36,0,0,0,0,65,0,0,0,20,43,117,0,0,0,0,0,0,0,0,0,0,0,0,0,0,0,0,0,0,0,0,0,0,0,0,0,0,0,0,0,0,0,0,0,0,0,0,0,0,0,strafe_right
0,0,0,0,0,0,0,8,71,19,0,0,0,0,0,0,0,0,0,15,338,120,0,0,0,0,0,0,0,0,0,0,224,48,0,0,0,0,0,0,0,0,0,0,22,0,0,0,0,0,0,0,0,0,0,0,0,0,0,0,0,0,0,0,0,0,0,0,68,76,0,0,0,0,0,0,0,0,0,0,110,562,0,0,0,0,0,0,0,0,0,0,38,37,0,17,forward
0,0,0,0,0,0,0,0,0,0,0,0,0,0,0,0,0,0,0,0,123,54,0,99,0,0,0,0,0,0,0,0,258,81,9,0,0,0,0,0,0,0,0,0,30,0,0,0,0,0,0,0,0,0,0,0,0,3,0,0,0,0,0,0,0,0,0,0,65,80,0,0,0,0,0,0,0,0,0,0,76,520,0,0,0,0,0,0,0,0,0,0,17,22,0,33,forward
0,0,0,0,0,0,0,0,0,0,0,0,0,0,0,0,0,0,0,0,126,47,0,44,0,0,0,0,0,0,0,0,237,68,0,0,0,0,0,0,0,0,0,0,42,0,0,0,0,0,0,0,0,0,0,0,22,20,0,0,0,0,0,0,0,0,0,0,103,101,0,0,0,0,0,0,0,0,0,0,57,348,0,0,0,0,0,0,0,0,0,0,0,0,0,8,forward
0,0,0,0,0,0,0,0,0,0,0,0,0,0,0,0,0,0,0,0,101,19,0,0,0,0,0,0,0,0,0,0,233,52,0,0,0,0,0,0,0,0,0,0,48,0,0,0,0,0,0,0,0,0,0,0,92,49,0,0,0,0,0,0,0,0,0,0,129,99,0,0,0,0,0,0,0,0,0,0,50,254,0,0,0,0,0,0,0,0,0,0,0,0,0,0,forward
0,0,0,0,0,0,0,0,0,0,0,0,0,0,0,0,0,0,0,0,126,37,0,20,0,0,0,0,0,0,0,0,229,63,0,0,0,0,0,0,0,0,0,0,40,0,0,0,0,0,0,0,0,0,0,0,28,18,0,0,0,0,0,0,0,0,0,0,99,97,0,0,0,0,0,0,0,0,0,0,69,417,0,0,0,0,0,0,0,0,0,0,0,4,0,30,forward
0,0,0,0,0,0,0,0,0,0,0,0,0,0,0,0,0,0,0,0,91,50,0,70,0,0,0,0,0,0,0,0,240,76,0,0,0,0,0,0,0,0,0,0,50,0,0,0,0,0,0,0,0,0,0,0,0,3,0,0,0,0,0,0,0,0,0,0,51,76,0,0,0,0,0,0,0,0,0,0,63,469,0,0,0,0,0,0,0,0,0,0,8,20,0,86,forward
0,0,0,0,0,0,0,0,0,0,0,0,0,0,0,0,0,0,0,0,96,52,0,0,0,0,5,0,0,0,0,0,413,106,0,0,0,0,0,0,0,0,0,0,29,0,0,0,0,0,0,0,0,0,0,0,0,5,0,0,0,0,0,0,0,0,0,0,0,70,0,0,0,0,0,0,0,0,0,0,0,252,0,0,0,0,0,0,0,0,0,0,0,0,0,170,forward
0,0,0,0,0,0,0,0,0,0,0,0,0,0,0,0,0,0,0,0,80,68,0,0,0,0,0,0,0,0,0,0,288,127,34,0,0,0,0,0,0,0,0,0,46,0,0,0,0,0,0,0,0,0,0,0,24,103,63,22,0,0,0,0,0,0,0,0,38,111,60,0,0,0,0,0,0,0,0,0,0,66,0,0,0,0,0,0,0,0,0,0,0,0,0,0,forward
0,0,0,0,0,0,0,0,0,16,0,0,0,0,0,0,0,0,0,0,121,93,0,0,0,0,0,0,0,0,0,0,286,126,42,0,0,0,0,0,0,0,0,0,36,0,0,0,0,0,0,0,0,0,0,0,22,88,67,23,0,0,0,0,0,0,0,0,36,109,67,0,0,0,0,0,0,0,0,0,0,66,0,0,0,0,0,0,0,0,0,0,0,17,0,0,forward
0,0,0,0,0,0,0,0,0,21,0,18,0,0,0,0,0,0,0,0,124,101,0,135,0,0,0,0,0,0,0,0,197,95,25,0,0,0,0,0,0,0,0,0,24,0,0,0,0,0,0,0,0,0,0,0,0,30,28,19,0,0,0,0,0,0,0,0,0,110,97,42,0,0,0,0,0,0,0,0,0,90,0,0,0,0,0,0,0,0,0,0,0,66,0,31,forward
0,0,0,0,0,0,0,0,0,36,0,0,0,0,0,0,0,0,0,0,168,112,0,0,0,0,0,0,0,0,0,0,260,112,19,0,0,0,0,0,0,0,0,0,37,0,0,0,0,0,0,0,0,0,0,0,0,37,34,0,0,0,0,0,0,0,0,0,14,115,111,16,0,0,0,0,0,0,0,0,0,98,0,0,0,0,0,0,0,0,0,0,0,59,0,0,forward
0,0,0,0,0,0,0,4,69,13,0,0,0,0,0,0,0,0,0,4,271,78,0,0,0,0,0,0,0,0,0,0,286,48,0,0,0,0,0,0,0,0,0,0,27,0,0,0,0,0,0,0,0,0,0,0,53,95,47,0,0,0,0,0,0,0,0,0,76,95,43,0,0,0,0,0,0,0,0,0,0,66,0,0,0,0,0,0,0,0,0,0,0,16,0,0,forward
0,0,0,0,0,0,0,42,77,0,0,0,0,0,0,0,0,0,0,50,317,66,0,0,0,0,0,0,0,0,0,24,231,9,0,0,0,0,0,0,0,0,0,0,26,0,0,0,0,0,0,0,0,0,0,0,46,40,4,0,0,0,0,0,0,0,0,0,74,60,7,0,0,0,0,0,0,0,0,0,39,73,0,0,0,0,0,0,0,0,0,0,0,76,0,0,forward
0,0,0,0,0,0,0,25,47,0,0,0,0,0,0,0,0,0,0,55,258,29,0,0,0,0,0,0,0,0,0,46,204,0,0,0,0,0,0,0,0,0,0,0,28,0,0,0,0,0,0,0,0,0,0,0,70,44,0,0,0,0,0,0,0,0,0,0,71,53,0,0,0,0,0,0,0,0,0,0,43,56,0,0,0,0,0,0,0,0,0,0,0,56,0,0,forward
0,0,0,0,0,0,0,32,50,0,0,0,0,0,6,0,0,0,0,49,234,16,0,0,0,0,6,0,0,0,0,44,182,0,0,0,0,0,0,0,0,0,0,0,25,0,0,0,0,0,0,0,0,0,0,0,73,15,0,0,0,0,0,0,0,17,82,10,64,28,0,0,0,0,0,0,0,0,0,0,30,13,0,0,0,0,0,0,0,0,0,0,0,40,0,0,forward
0,0,0,0,0,0,0,28,38,0,0,0,0,0,42,0,0,0,0,55,222,12,0,0,0,0,31,15,0,0,0,43,159,0,0,0,0,0,0,0,0,0,0,0,24,0,0,0,0,0,0,0,0,0,0,0,71,25,0,0,0,0,0,0,0,5,62,6,65,34,0,0,0,0,0,0,0,0,0,0,41,28,0,0,0,0,0,0,0,0,0,0,0,44,0,0,forward
0,0,0,0,0,0,0,28,67,0,0,0,0,0,0,0,0,0,0,36,277,94,0,0,0,0,0,0,0,0,0,17,203,48,0,0,0,0,0,0,0,0,0,0,26,0,0,0,0,0,0,0,0,0,0,0,49,35,0,0,0,0,0,0,0,0,0,0,74,61,0,0,0,0,0,0,0,0,0,0,45,67,0,0,0,0,0,0,0,0,0,0,0,74,0,0,forward
0,0,0,0,0,0,0,29,26,0,0,0,0,0,0,0,0,0,0,49,309,96,0,0,0,0,0,0,0,0,0,24,225,13,0,0,0,0,0,0,0,0,0,0,26,0,0,0,0,0,0,0,0,0,0,0,21,24,0,0,0,0,0,0,0,0,0,0,75,72,0,0,0,0,0,0,0,0,0,0,45,95,0,0,0,0,0,0,0,0,0,0,0,120,0,0,forward
0,0,0,0,0,0,0,38,59,28,0,0,0,0,0,0,0,0,0,17,291,107,0,0,0,0,0,0,0,0,0,0,77,0,0,0,0,0,0,0,0,0,0,0,15,0,0,0,0,0,0,0,0,0,0,0,0,0,0,0,0,0,0,0,0,0,0,0,15,47,4,0,0,0,0,0,0,0,0,0,17,90,0,0,0,0,0,0,0,0,0,0,10,237,0,75,forward
0,0,0,0,0,0,0,11,72,53,0,0,0,0,0,0,0,0,0,0,267,128,0,0,0,0,0,0,0,0,0,0,77,0,0,0,0,0,0,0,0,0,0,0,15,0,0,0,0,0,0,0,0,0,0,0,0,0,0,0,0,0,0,0,0,0,0,0,0,52,17,0,0,0,0,0,0,0,0,0,0,83,0,0,0,0,0,0,0,0,0,0,8,266,0,114,forward
0,0,0,0,0,0,0,0,45,45,0,0,0,0,0,0,0,0,0,0,279,142,0,0,0,0,0,0,0,0,0,0,180,43,0,0,0,0,0,0,0,0,0,0,18,0,0,0,0,0,0,0,0,0,0,0,0,0,0,0,0,0,0,0,0,0,0,0,0,62,41,4,0,0,0,0,0,0,0,0,0,102,0,0,0,0,0,0,0,0,0,0,10,254,0,85,forward
0,0,0,0,0,0,0,0,68,68,0,38,0,0,0,0,0,0,0,0,191,119,0,35,0,0,0,0,0,0,0,0,76,7,0,0,0,0,0,0,0,0,0,0,7,0,0,0,0,0,0,0,0,0,0,0,0,0,0,0,0,0,0,0,0,0,0,0,0,43,18,34,0,0,0,0,0,0,0,0,0,74,0,0,0,0,0,0,0,0,0,0,10,284,0,116,forward
0,0,0,0,0,0,0,0,92,79,0,0,0,0,0,0,0,0,0,0,224,99,0,0,0,0,0,0,0,0,0,0,63,0,0,0,0,0,0,0,0,0,0,0,0,0,0,0,0,0,0,0,0,0,0,0,0,0,0,0,0,0,0,0,0,0,0,0,0,47,24,5,0,0,0,0,0,0,0,0,0,81,0,0,0,0,0,0,0,0,0,0,15,281,0,116,forward
0,0,0,0,0,0,0,0,35,47,0,25,0,0,0,0,0,0,0,0,183,123,0,80,0,0,0,0,0,0,0,0,121,44,0,0,0,0,0,0,0,0,0,0,8,0,0,0,0,0,0,0,0,0,0,0,0,0,0,0,0,0,0,0,0,0,0,0,0,63,41,14,0,0,0,0,0,0,0,0,0,89,0,0,0,0,0,0,0,0,0,0,12,246,0,105,forward
0,0,0,0,0,0,0,11,53,26,0,0,0,0,0,0,0,0,0,10,313,110,0,0,0,0,0,0,0,0,0,0,206,25,0,0,0,0,0,0,0,0,0,0,19,0,0,0,0,0,0,0,0,0,0,0,0,0,0,0,0,0,0,0,0,0,0,0,0,49,26,0,0,0,0,0,0,0,0,0,0,82,0,0,0,0,0,0,0,0,0,0,12,248,0,38,forward
0,0,0,0,0,0,0,35,37,0,0,0,0,0,0,0,0,0,0,59,313,68,0,0,0,0,0,0,0,0,0,21,216,0,0,0,0,0,0,0,0,0,0,0,19,0,0,0,0,0,0,0,0,0,0,0,4,7,0,0,0,0,0,0,0,0,0,0,60,67,12,0,0,0,0,0,0,0,0,0,29,88,0,0,0,0,0,0,0,0,0,0,0,106,0,0,forward
0,0,0,0,0,0,0,12,18,5,0,0,0,0,0,0,0,0,0,17,280,110,0,0,0,0,0,0,0,0,0,0,175,44,0,0,0,0,0,0,0,0,0,0,30,0,0,0,0,0,0,0,0,0,0,0,31,37,0,0,0,0,0,0,0,0,0,0,75,79,8,0,0,0,0,0,0,0,0,0,17,61,0,0,0,0,0,0,0,0,0,0,0,26,0,0,forward
0,0,0,0,0,0,0,0,47,14,0,0,0,0,0,0,0,0,0,0,112,84,0,224,0,0,0,0,0,0,0,0,173,82,0,0,0,0,0,0,0,0,0,0,35,0,0,0,0,0,0,0,0,0,0,0,0,20,10,0,0,0,0,0,0,0,0,0,32,91,53,0,0,0,0,0,0,0,0,0,0,93,0,0,0,0,0,0,0,0,0,0,0,44,0,0,forward
0,0,0,0,0,0,0,0,81,34,0,0,0,0,0,0,0,0,0,7,305,105,0,0,0,0,0,0,0,0,0,0,219,39,0,0,0,0,0,0,0,0,0,0,35,0,0,0,0,0,0,0,0,0,0,0,18,24,11,0,0,0,0,0,0,0,0,0,58,81,31,0,0,0,0,0,0,0,0,0,0,85,0,0,0,0,0,0,0,0,0,0,0,72,0,0,forward
0,0,0,0,0,0,0,25,61,0,0,0,0,0,0,0,0,0,0,50,295,62,0,0,0,0,0,0,0,0,0,32,248,6,0,0,0,0,0,0,0,0,0,0,31,0,0,0,0,0,0,0,0,0,0,0,74,49,0,0,0,0,0,0,0,0,0,0,86,75,0,0,0,0,0,0,0,0,0,0,38,62,0,0,0,0,0,0,0,0,0,0,0,34,0,0,forward
0,0,0,0,0,0,0,25,58,0,0,0,0,0,0,0,0,0,0,45,248,58,0,0,0,0,0,0,0,0,0,49,260,15,0,0,0,0,0,0,0,0,0,0,28,0,0,0,0,0,0,0,0,0,0,0,85,29,0,0,0,0,0,0,0,0,8,0,71,38,0,0,0,0,0,0,0,0,0,0,42,21,0,0,0,0,0,0,0,0,0,0,0,31,0,0,forward
0,0,0,0,0,0,0,29,65,0,0,0,0,0,0,0,0,0,0,51,312,75,0,0,0,0,0,0,0,0,0,24,200,13,0,0,0,0,0,0,0,0,0,0,41,0,0,0,0,0,0,0,0,0,0,0,70,38,0,0,0,0,0,0,0,0,0,0,80,65,0,0,0,0,0,0,0,0,0,0,48,54,0,0,0,0,0,0,0,0,0,0,0,37,0,0,forward
0,0,0,0,0,0,0,0,67,33,0,0,0,0,0,0,0,0,0,0,201,115,0,22,0,0,0,0,0,0,0,0,199,77,0,0,0,0,0,0,0,0,0,0,30,0,0,0,0,0,0,0,0,0,0,0,0,19,20,0,0,0,0,0,0,0,0,0,41,87,58,0,0,0,0,0,0,0,0,0,0,89,0,0,0,0,0,0,0,0,0,0,0,78,0,0,forward
0,0,0,0,0,0,0,0,0,21,0,0,0,0,0,0,0,0,0,0,195,123,0,34,0,0,0,0,0,0,0,0,233,93,0,0,0,0,0,0,0,0,0,0,29,0,0,0,0,0,0,0,0,0,0,0,0,11,22,0,0,0,0,0,0,0,0,0,7,99,123,0,0,0,0,0,0,0,0,0,0,115,17,0,0,0,0,0,0,0,0,0,0,84,0,0,forward
0,0,0,0,0,0,0,0,72,50,0,0,0,0,0,0,0,0,0,0,238,134,0,0,0,0,0,0,0,0,0,0,208,79,0,0,0,0,0,0,0,0,0,0,27,0,0,0,0,0,0,0,0,0,0,0,0,29,30,0,0,0,0,0,0,0,0,0,40,92,61,0,0,0,0,0,0,0,0,0,0,75,0,0,0,0,0,0,0,0,0,0,0,38,0,0,forward
0,0,0,0,0,0,0,30,63,0,0,0,0,0,0,0,0,0,0,40,296,72,0,0,0,0,0,0,0,0,0,16,247,22,0,0,0,0,0,0,0,0,0,0,38,0,0,0,0,0,0,0,0,0,0,0,20,27,8,0,0,0,0,0,0,0,0,0,72,78,23,0,0,0,0,0,0,0,0,0,5,82,0,0,0,0,0,0,0,0,0,0,0,58,0,0,forward
0,0,0,0,0,0,0,26,60,0,0,0,0,0,0,0,0,0,0,46,298,61,0,0,0,0,0,0,0,0,0,41,244,12,0,0,0,0,0,0,0,0,0,0,29,0,0,0,0,0,0,0,0,0,0,0,55,42,7,0,0,0,0,0,0,0,0,0,86,80,0,0,0,0,0,0,0,0,0,0,31,66,0,0,0,0,0,0,0,0,0,0,0,58,0,0,forward
0,0,0,0,0,0,0,34,65,0,0,0,0,0,0,0,0,0,0,47,281,55,0,0,0,0,0,0,0,0,0,33,231,6,0,0,0,0,0,0,0,0,0,0,39,0,0,0,0,0,0,0,0,0,0,0,57,12,0,0,0,0,0,0,0,0,55,4,56,29,0,0,0,0,0,0,0,0,0,0,38,14,0,0,0,0,0,0,0,0,0,0,0,29,0,0,forward
0,45,26,0,0,0,0,0,65,0,0,0,0,72,79,0,0,0,0,0,0,0,0,0,0,52,70,26,0,0,0,0,15,0,0,0,0,0,0,0,0,0,0,0,0,0,0,0,0,0,0,0,0,0,0,0,29,31,0,0,0,0,40,148,0,0,0,0,26,3,0,0,0,0,204,128,17,0,0,0,0,0,0,0,0,0,175,136,0,0,0,0,0,0,0,0,backward
0,17,0,0,0,0,0,0,41,0,0,0,0,90,80,0,0,0,0,5,0,0,0,0,0,98,104,65,0,0,0,0,26,0,0,0,0,0,14,0,0,0,0,0,0,0,0,0,0,0,0,0,0,0,0,0,17,10,0,0,0,0,31,144,0,0,0,0,27,0,0,0,0,0,204,131,13,0,0,0,0,0,0,0,0,0,154,131,0,0,0,0,0,0,0,0,backward
0,24,0,0,0,0,0,0,10,0,0,0,0,78,84,0,0,0,0,0,0,0,0,0,0,111,105,46,0,0,0,0,26,0,0,0,0,0,0,0,0,0,0,0,0,0,0,0,0,0,0,0,0,0,0,0,10,0,0,0,0,0,39,152,0,0,0,0,23,0,0,0,0,0,208,149,14,0,0,0,0,0,0,0,0,0,183,142,0,0,0,0,0,0,0,0,backward
0,21,4,0,0,0,0,4,30,0,0,0,0,74,72,0,0,0,0,0,0,0,0,0,0,81,87,39,0,0,0,0,8,0,0,0,0,0,10,0,0,0,0,0,0,0,0,0,0,0,0,0,0,0,0,0,28,38,0,0,0,0,20,136,0,0,0,0,30,11,0,0,0,0,173,114,15,0,0,0,0,0,0,0,0,0,154,133,0,0,0,0,0,0,0,0,backward
0,9,0,0,0,0,0,0,31,0,0,0,0,75,70,0,0,0,0,0,0,0,0,0,0,80,92,49,0,0,0,0,12,0,0,0,0,0,17,0,0,0,0,0,0,0,0,0,0,0,0,0,0,0,0,0,8,8,0,0,0,0,50,162,0,0,0,5,33,0,0,0,0,0,218,140,17,0,0,0,0,0,0,0,0,0,180,146,0,0,0,0,0,0,0,0,backward
0,0,0,0,0,0,0,0,28,0,0,0,0,50,48,0,0,0,0,0,0,0,0,0,0,77,85,50,0,0,0,0,32,0,0,0,0,15,37,0,0,0,0,0,0,0,0,0,0,0,0,23,3,0,0,0,41,95,0,0,0,0,195,280,65,13,0,0,32,0,0,0,0,0,224,163,0,0,0,0,0,0,0,0,0,0,43,0,0,0,0,0,0,0,0,0,backward
0,28,0,0,0,0,0,0,13,0,0,0,0,99,93,0,0,0,0,0,0,0,0,0,0,124,115,43,0,0,0,0,0,0,0,0,0,9,15,0,0,0,0,0,0,0,0,0,0,0,0,10,0,0,0,0,30,49,0,0,0,0,223,316,61,0,0,0,40,0,0,0,0,0,276,237,20,0,0,0,0,0,0,0,0,0,77,31,0,0,0,0,0,0,0,0,backward
0,28,0,0,0,0,0,0,14,0,0,0,0,100,92,0,0,0,0,0,0,0,0,0,0,122,119,49,0,0,0,0,0,0,0,0,0,0,4,0,0,0,0,0,0,0,0,0,0,0,0,0,0,0,0,0,30,71,0,0,0,0,189,281,50,0,0,0,36,7,0,0,0,0,270,233,21,0,0,0,0,0,0,0,0,0,79,43,0,0,0,0,0,0,0,0,backward
0,47,50,0,0,0,0,0,0,0,0,0,0,18,86,0,0,0,0,0,0,0,0,0,0,513,201,0,0,0,0,4,4,0,0,0,0,0,0,0,0,0,0,0,0,0,0,0,0,0,0,0,0,0,0,0,26,0,0,0,0,0,456,131,0,0,0,0,23,15,0,0,0,0,73,68,0,0,0,0,0,0,0,0,0,0,75,37,0,0,0,0,0,0,0,0,backward
0,10,6,0,0,0,0,0,0,0,0,0,0,53,51,0,0,0,0,0,0,0,0,0,0,121,231,44,0,0,0,0,4,0,0,0,0,0,0,0,0,0,0,0,0,0,0,0,0,0,0,0,0,0,0,13,37,75,0,0,0,0,87,125,0,0,0,0,28,0,0,0,0,0,152,48,0,0,0,0,4,0,0,0,0,0,88,44,0,0,0,0,0,0,0,0,backward
0,0,0,0,0,0,0,0,0,0,0,0,0,42,47,0,0,0,0,0,15,0,0,0,0,107,223,38,0,0,0,0,14,0,0,0,0,0,0,0,0,0,0,0,0,0,0,0,0,0,0,0,0,0,0,0,7,30,0,0,0,0,109,135,0,0,0,0,34,0,0,0,0,0,192,64,0,0,0,0,11,0,0,0,0,0,110,74,0,0,0,0,0,0,0,0,backward
0,0,17,0,0,37,0,6,0,0,0,0,0,0,0,0,0,0,0,0,8,0,0,0,0,0,0,0,0,0,0,0,0,0,0,0,0,0,0,0,0,0,0,0,0,0,0,0,0,0,0,0,0,0,0,0,0,0,0,0,0,0,0,0,0,0,0,0,6,11,0,0,0,0,45,0,0,0,0,0,20,49,6,0,0,0,44,26,0,0,0,0,0,100,0,0,strafe_left
0,0,0,0,0,0,0,3,0,0,0,0,0,0,0,0,0,0,0,0,10,0,0,0,0,0,0,0,0,0,0,0,0,0,0,0,0,0,0,0,0,0,0,0,0,0,0,0,0,0,0,0,0,0,0,0,0,0,0,0,0,0,0,0,0,0,0,0,0,7,0,0,0,0,10,0,0,0,0,0,20,61,9,0,0,0,30,13,0,0,0,0,10,139,14,0,strafe_left
0,0,0,0,0,0,0,37,28,0,0,0,0,0,0,0,0,0,0,0,46,0,0,0,0,0,0,0,0,0,0,0,0,0,0,0,0,0,0,0,0,0,0,0,0,0,0,0,0,0,0,0,0,0,0,0,0,0,0,0,0,0,0,0,0,0,0,0,0,19,0,0,0,0,0,0,0,0,0,0,3,99,60,0,0,0,0,0,0,0,0,0,9,172,36,12,strafe_left
0,0,0,0,0,0,0,5,0,0,0,0,0,0,0,0,0,0,0,0,5,0,0,0,0,0,0,0,0,0,0,0,0,0,0,0,0,0,0,0,0,0,0,0,0,0,0,0,0,0,0,0,0,0,0,0,0,0,0,0,0,0,0,0,0,0,0,0,0,0,0,0,0,0,0,0,0,0,0,0,9,43,10,0,0,0,31,18,0,0,0,0,0,109,7,0,strafe_left
23,37,47,11,0,24,0,0,0,0,0,0,0,0,6,0,0,0,0,0,5,0,0,0,0,0,0,0,0,0,0,0,0,0,0,0,0,0,0,0,0,0,0,0,0,0,0,0,0,0,0,0,0,0,0,0,0,0,0,0,0,0,0,0,0,0,0,0,0,0,0,0,0,0,74,15,0,0,0,0,0,13,0,0,0,0,93,77,0,0,0,0,0,46,0,0,strafe_left
10,59,56,0,0,12,0,0,0,0,0,0,0,0,0,0,0,0,0,0,0,0,0,0,0,0,0,0,0,0,0,0,0,0,0,0,0,0,0,0,0,0,0,0,0,0,0,0,0,0,0,0,0,0,0,0,0,0,0,0,0,0,0,0,0,0,0,0,0,0,0,0,0,0,84,19,0,0,0,0,0,0,0,0,0,0,104,95,0,0,0,0,0,37,0,0,strafe_left
0,0,0,0,0,0,0,0,0,0,0,0,0,0,0,0,0,0,0,0,12,0,0,0,0,0,0,0,0,0,0,0,0,0,0,0,0,0,0,0,0,0,0,0,0,0,0,0,0,0,0,0,0,0,0,0,0,0,0,0,0,0,0,0,0,0,0,0,0,0,0,0,0,0,43,0,0,0,0,0,0,26,0,0,0,0,72,60,0,0,0,0,0,90,0,0,strafe_left
0,0,14,0,0,0,0,0,0,0,0,0,0,0,0,0,0,0,0,0,0,0,0,0,0,0,0,0,0,0,0,0,0,0,0,0,0,0,0,0,0,0,0,0,0,0,0,0,0,0,0,0,0,0,0,0,0,0,0,0,0,0,0,0,0,0,0,0,0,0,0,0,0,0,53,0,0,0,0,0,0,13,0,0,0,0,86,70,0,0,0,0,0,86,0,0,strafe_left
14,3,26,7,0,48,30,84,37,0,0,0,0,0,0,0,0,0,0,0,55,0,0,0,0,0,0,0,0,0,0,0,0,0,0,0,0,0,0,0,0,0,0,0,0,0,0,0,0,0,0,0,0,0,0,0,0,0,0,0,0,0,0,0,0,0,0,0,0,5,0,0,0,0,48,7,0,0,0,0,16,44,8,0,0,0,58,43,0,0,0,0,0,81,0,0,strafe_left
0,0,0,0,0,0,0,0,0,0,0,0,0,0,0,0,0,0,0,0,14,0,0,0,0,0,0,0,0,0,0,0,0,0,0,0,0,0,0,0,0,0,0,0,0,0,0,0,0,0,0,0,0,0,0,0,0,0,0,0,0,0,0,0,0,0,0,0,0,0,0,0,0,0,54,0,0,0,0,0,5,37,6,0,0,0,75,59,0,0,0,0,0,94,0,0,strafe_left
0,0,0,0,0,49,34,95,42,0,0,0,0,0,0,0,0,0,0,7,52,0,0,0,0,0,0,0,0,0,0,0,0,0,0,0,0,0,0,0,0,0,0,0,0,0,0,0,0,0,0,0,0,0,0,0,0,0,0,0,0,0,0,0,0,0,0,0,0,6,0,0,0,0,49,9,0,0,0,0,14,45,23,0,0,0,62,46,0,0,0,0,0,80,0,0,strafe_left
4,3,4,0,0,25,25,78,11,0,0,0,0,0,0,0,0,0,0,0,0,0,0,0,0,0,0,0,0,0,0,0,0,0,0,0,0,0,0,0,0,0,0,0,0,0,0,0,0,0,0,0,0,0,0,0,0,0,0,0,0,0,0,0,0,0,0,0,0,0,0,0,0,0,65,11,0,0,0,0,11,44,13,0,0,0,86,65,0,0,0,0,4,89,4,0,strafe_left
0,0,0,0,0,0,0,0,0,0,0,0,0,13,0,0,0,0,0,0,0,0,0,0,0,89,166,0,0,0,0,0,22,0,0,0,0,0,0,0,0,0,0,147,87,0,0,0,0,0,0,24,49,54,49,115,191,96,0,0,0,0,16,58,0,0,0,0,0,0,0,0,0,0,45,0,0,0,0,0,0,0,0,0,0,0,0,0,0,0,0,0,0,0,0,0,strafe_right
0,0,0,0,0,0,0,0,0,0,0,0,0,0,0,0,0,0,0,0,0,0,0,0,0,134,121,0,0,0,0,0,0,0,0,0,0,10,23,0,0,0,0,111,91,0,0,0,0,0,0,22,53,51,54,116,226,75,0,0,0,0,0,37,0,0,0,0,0,0,0,0,0,0,3,0,0,0,0,0,0,0,0,0,0,0,0,0,0,0,0,0,0,0,0,0,strafe_right
0,0,0,0,0,0,0,0,0,0,0,0,0,0,0,0,0,0,0,0,0,0,0,0,0,49,85,0,0,0,0,0,0,0,0,0,0,5,34,0,0,0,0,67,89,0,0,0,0,0,0,12,50,38,51,98,199,61,0,0,0,0,0,16,0,0,0,0,0,0,0,0,0,0,0,0,0,0,0,0,0,0,0,0,0,0,0,0,0,0,0,0,0,0,0,0,strafe_right
0,0,0,0,0,0,0,0,0,0,0,0,0,0,0,0,0,0,0,0,0,0,0,0,0,88,146,0,0,0,0,0,8,0,0,0,0,0,7,0,0,0,0,189,130,0,0,0,0,0,0,22,110,85,82,117,175,71,0,0,0,0,21,44,0,0,0,0,0,0,0,0,0,0,0,0,0,0,0,0,0,0,0,0,0,0,0,0,0,0,0,0,0,0,0,0,strafe_right
0,0,0,0,0,0,0,0,0,0,0,0,0,0,0,0,0,0,0,14,133,19,0,0,0,0,20,0,0,0,0,3,71,0,0,0,0,0,0,0,0,0,0,163,70,0,0,0,0,0,0,0,80,79,89,156,199,136,0,0,0,0,18,49,0,0,0,0,0,0,0,0,0,0,0,0,0,0,0,0,0,0,0,0,0,0,0,0,0,0,0,0,0,0,0,0,strafe_right
0,0,0,0,0,0,0,0,0,0,0,0,8,68,49,0,0,0,0,0,0,0,0,0,0,87,139,0,0,0,0,0,5,0,0,0,0,0,0,0,0,0,0,39,0,0,0,0,0,0,56,54,147,112,69,98,124,35,0,0,0,0,100,162,0,0,0,0,0,0,0,0,0,0,50,64,0,0,0,0,0,0,0,0,0,0,0,0,0,0,0,0,0,0,0,0,strafe_right
0,0,0,0,0,0,0,0,0,0,0,0,0,19,0,0,0,0,0,0,0,0,0,0,0,163,183,0,0,0,0,0,8,0,0,0,0,19,0,0,0,0,0,79,40,0,0,0,0,0,67,82,169,113,75,95,121,13,0,0,0,0,99,167,0,0,0,0,0,0,0,0,0,0,4,22,0,0,0,0,0,0,0,0,0,0,0,0,0,0,0,0,0,0,0,0,strafe_right
0,0,0,0,0,0,0,0,0,0,0,0,0,0,0,0,0,0,0,0,0,0,0,0,0,124,165,0,0,0,0,0,20,0,0,0,0,37,0,0,0,0,0,117,68,0,0,0,0,0,0,0,0,0,0,0,0,0,0,0,0,0,55,105,0,0,0,0,0,0,0,0,0,0,0,0,0,0,0,0,0,0,0,0,0,0,0,0,0,0,0,0,0,0,0,0,strafe_right
0,0,0,0,0,0,0,0,0,0,0,0,0,0,0,0,0,0,0,0,13,0,0,0,0,0,40,0,0,0,0,0,54,0,0,0,0,0,0,0,0,0,0,168,154,0,0,0,0,0,0,8,108,106,97,134,171,99,0,0,0,0,20,43,0,0,0,0,0,0,0,0,0,0,0,0,0,0,0,0,0,0,0,0,0,0,0,0,0,0,0,0,0,0,0,0,strafe_right
0,0,0,0,0,0,0,0,0,0,0,0,0,0,0,0,0,0,0,0,0,0,0,0,0,14,93,0,0,0,0,0,32,0,0,0,0,0,0,0,0,0,0,130,107,0,0,0,0,0,0,0,75,94,84,132,171,104,0,0,0,0,22,49,0,0,0,0,0,0,0,0,0,0,0,3,0,0,0,0,0,0,0,0,0,0,0,0,0,0,0,0,0,0,0,0,strafe_right
0,0,0,0,0,0,0,0,0,0,0,0,0,0,0,0,0,0,0,0,0,0,0,0,0,95,135,0,0,0,0,0,0,0,0,0,0,52,12,0,0,0,0,103,92,0,0,0,0,0,0,0,0,0,0,0,0,0,0,0,0,0,47,106,0,0,0,0,0,0,0,0,0,0,0,0,0,0,0,0,0,0,0,0,0,0,0,0,0,0,0,0,0,0,0,0,strafe_right
0,0,0,0,0,0,0,0,0,0,0,0,0,0,0,0,0,0,0,0,0,0,0,0,0,38,76,0,0,0,0,0,0,0,0,0,0,49,18,0,0,0,0,105,134,0,0,0,0,0,0,13,91,95,97,126,184,78,0,0,0,0,20,58,0,0,0,0,0,0,0,0,0,0,0,0,0,0,0,0,0,0,0,0,0,0,0,0,0,0,0,0,0,0,0,0,strafe_right
95,125,58,0,0,0,0,0,0,0,0,0,70,121,133,0,0,0,0,0,0,0,0,0,0,75,44,0,0,0,0,0,0,0,0,0,0,0,0,0,0,0,0,0,0,0,0,0,0,0,0,0,0,0,0,0,0,0,0,0,0,0,30,20,0,0,0,0,0,0,0,0,0,0,118,177,0,0,0,0,0,0,0,0,0,0,261,203,0,0,0,0,0,0,0,0,backward
65,93,23,0,0,0,0,0,0,0,0,0,76,120,123,0,0,0,0,0,0,0,0,0,0,96,61,0,0,0,0,0,0,0,0,0,0,0,0,0,0,0,0,0,0,0,0,0,0,0,0,0,0,0,0,0,0,0,0,0,0,0,44,33,0,0,0,0,0,0,0,0,0,0,116,178,0,0,0,0,0,0,0,0,0,0,243,167,0,0,0,0,0,0,0,0,backward
43,82,15,0,0,0,0,0,0,0,0,0,48,128,121,0,0,0,0,0,0,0,0,0,0,109,121,0,0,0,0,0,0,0,0,0,0,0,0,0,0,0,0,0,0,0,0,0,0,0,0,0,0,0,0,0,0,0,0,0,0,0,25,30,0,0,0,0,0,0,0,0,0,0,106,169,0,0,0,0,0,0,0,0,0,0,227,176,0,0,0,0,0,0,0,0,backward
17,9,25,0,0,34,33,116,5,0,0,0,0,0,13,0,0,0,0,0,19,0,0,0,0,0,0,0,0,0,0,0,0,0,0,0,0,0,0,0,0,0,0,0,0,0,0,0,0,0,0,0,0,0,0,0,0,0,0,0,0,0,0,10,0,0,0,0,0,57,0,0,0,0,102,115,0,0,0,0,32,21,0,0,0,0,24,0,0,0,0,0,0,12,0,0,strafe_left
193,30,8,0,0,0,0,0,0,0,0,0,86,132,76,0,0,0,0,0,0,0,0,0,0,135,119,0,0,0,0,0,0,0,0,0,0,0,0,0,0,0,0,0,0,0,0,0,0,22,231,221,0,0,0,23,0,0,0,0,0,0,111,51,0,0,0,0,0,0,0,0,0,0,73,0,0,0,0,0,0,0,0,0,0,0,0,0,0,0,0,0,0,0,0,0,backward
131,28,18,0,0,0,0,0,0,0,0,0,30,118,94,0,0,0,0,0,0,0,0,0,0,112,114,0,0,0,0,0,0,0,0,0,0,0,0,0,0,0,0,0,0,0,0,0,0,56,288,232,0,0,0,0,0,0,0,0,0,0,118,54,0,0,0,0,0,0,0,0,0,0,81,0,0,0,0,0,0,0,0,0,0,0,0,0,0,0,0,0,0,0,0,0,backward
159,36,21,0,0,0,0,0,0,0,0,0,37,120,92,0,0,0,0,0,0,0,0,0,0,105,104,0,0,0,0,0,0,0,0,0,0,0,0,0,0,0,0,0,0,0,0,0,0,57,283,235,0,0,0,9,0,0,0,0,0,0,117,61,0,0,0,0,0,0,0,0,0,0,83,0,0,0,0,0,0,0,0,0,0,0,0,0,0,0,0,0,0,0,0,0,backward
154,54,51,0,0,0,0,11,0,0,0,0,0,95,77,0,0,0,0,0,0,0,0,0,0,43,80,0,0,0,0,0,0,0,0,0,0,0,0,0,0,0,0,0,0,0,0,0,0,0,149,151,0,0,0,27,0,0,0,0,0,0,86,45,0,0,0,0,3,0,0,0,0,0,83,15,0,0,0,0,0,0,0,0,0,0,0,0,0,0,0,0,0,0,0,0,backward
23,21,17,0,0,0,0,53,0,0,0,0,0,14,25,0,0,0,0,0,0,0,0,0,0,0,126,0,0,0,0,0,43,0,0,0,0,0,0,0,0,0,0,0,0,0,0,0,0,0,63,66,0,0,0,4,0,0,0,0,0,0,57,24,0,0,0,0,17,15,0,0,0,0,59,17,0,0,0,0,16,0,0,0,0,0,0,0,0,0,0,0,0,0,0,0,backward
107,113,81,0,0,0,0,14,0,0,0,0,7,85,61,0,0,0,0,0,0,0,0,0,0,22,175,0,0,0,0,0,4,0,0,0,0,0,0,0,0,0,0,0,0,0,0,0,0,0,133,49,0,0,0,0,0,0,0,0,0,0,91,39,0,0,0,0,0,0,0,0,0,0,99,24,0,0,0,0,0,0,0,0,0,0,0,0,0,0,0,0,0,0,0,0,backward
139,130,57,0,0,0,0,0,0,0,0,0,65,130,73,0,0,0,0,0,0,0,0,0,0,39,123,0,0,0,0,0,0,0,0,0,0,0,0,0,0,0,0,0,0,0,0,0,0,0,175,97,0,0,0,0,0,0,0,0,0,0,97,58,0,0,0,0,0,0,0,0,0,0,123,38,0,0,0,0,0,0,0,0,0,0,0,0,0,0,0,0,0,0,0,0,backward
0,0,0,0,0,0,0,14,0,0,0,0,0,0,0,0,0,0,0,19,56,0,0,0,0,0,0,0,0,0,0,34,87,0,0,0,0,0,0,0,0,0,0,44,265,0,0,0,0,0,0,0,0,0,0,35,62,0,0,0,0,0,20,0,0,0,0,199,106,4,0,0,0,0,0,0,0,0,0,0,53,0,0,0,0,0,0,0,0,0,0,0,0,0,0,0,forward
0,0,0,0,0,0,0,26,0,0,0,0,0,0,0,0,0,0,0,21,58,0,0,0,0,0,0,0,0,0,0,25,83,0,0,0,0,0,0,0,0,0,0,40,213,0,0,0,0,0,0,0,0,0,0,30,55,0,0,0,0,0,45,0,0,0,0,202,98,0,0,0,0,0,8,0,0,0,0,0,46,0,0,0,0,0,0,0,0,0,0,0,0,0,0,0,forward
0,0,0,0,0,0,0,21,0,0,0,0,6,0,0,0,0,0,0,0,33,0,0,0,0,0,0,0,0,0,0,12,63,0,0,0,0,0,0,0,0,0,0,21,190,0,0,0,0,0,0,0,0,0,0,80,72,0,0,0,0,0,16,0,0,0,0,130,76,10,0,0,0,0,14,0,0,0,0,0,53,0,0,0,0,0,0,0,0,0,0,0,0,0,0,0,forward
0,0,0,0,0,0,0,12,0,0,0,0,0,0,0,0,0,0,0,10,51,0,0,0,0,0,0,0,0,0,0,19,78,0,0,0,0,0,0,0,0,0,0,25,194,0,0,0,0,0,0,0,0,0,0,74,67,0,0,0,0,0,0,0,0,0,0,133,80,16,0,0,0,0,0,0,0,0,0,0,61,0,0,0,0,0,0,0,0,0,0,0,0,0,0,0,forward
0,0,0,0,0,0,0,26,10,20,0,0,0,0,0,0,0,0,0,20,82,3,62,0,0,0,0,0,0,0,0,0,81,0,23,0,0,0,0,0,0,0,0,0,160,0,0,0,0,0,0,0,0,0,0,55,72,0,0,0,0,0,0,0,0,0,0,106,94,31,0,0,0,0,0,0,0,0,0,0,65,0,0,0,0,0,0,0,0,0,0,0,0,0,0,0,forward
0,78,58,0,0,0,0,6,0,0,0,0,0,54,50,0,0,0,0,0,0,0,0,0,0,32,36,0,0,0,0,0,13,0,0,0,0,0,0,0,0,0,0,0,61,0,0,0,0,0,0,0,0,0,0,34,16,0,0,0,0,108,131,38,0,0,0,53,10,0,0,0,0,6,202,16,0,0,0,0,0,0,0,0,0,0,11,0,0,0,0,0,0,0,0,0,backward
0,53,45,0,0,0,0,0,0,0,0,0,0,53,44,0,0,0,0,0,14,0,0,0,0,30,34,0,0,0,0,0,24,0,0,0,0,0,0,0,0,0,0,0,84,0,0,0,0,0,0,6,0,0,0,43,24,0,0,0,0,103,134,40,0,0,0,56,9,0,0,0,0,0,191,0,0,0,0,0,0,0,0,0,0,0,5,0,0,0,0,0,0,0,0,0,backward
0,49,44,0,0,0,0,0,0,0,0,0,0,71,55,0,0,0,0,0,0,0,0,0,0,90,74,0,0,0,0,0,0,0,0,0,0,0,0,0,0,0,0,0,51,0,0,0,0,28,32,59,0,0,0,66,25,0,0,0,0,145,162,40,0,0,0,8,0,0,0,0,0,0,183,0,0,0,0,0,0,0,0,0,0,0,0,0,0,0,0,0,0,0,0,0,backward
0,59,57,0,0,0,0,0,0,0,0,0,0,72,60,0,0,0,0,0,0,0,0,0,0,65,54,0,0,0,0,0,0,0,0,0,0,0,0,0,0,0,0,0,38,0,0,0,0,3,7,28,0,0,0,43,20,0,0,0,0,152,163,44,0,0,0,22,0,0,0,0,0,36,217,0,0,0,0,0,0,0,0,0,0,0,6,0,0,0,0,0,0,0,0,0,backward
0,73,51,0,0,0,0,0,0,0,0,0,0,94,80,0,0,0,0,0,0,0,0,0,0,111,97,0,0,0,0,0,0,0,0,0,0,0,0,0,0,0,0,0,16,0,0,0,0,5,0,6,0,0,0,49,10,0,0,0,0,114,131,31,0,0,0,13,0,0,0,0,0,17,170,0,0,0,0,0,0,0,0,0,0,0,4,0,0,0,0,0,0,0,0,0,backward
0,0,0,0,0,0,0,32,4,0,0,0,0,0,0,0,0,0,0,34,52,0,0,0,0,0,0,0,0,0,0,28,71,0,0,0,0,0,0,0,0,0,0,35,137,0,0,0,0,0,0,0,0,0,0,28,67,0,0,0,0,0,0,0,0,0,0,0,51,0,0,0,0,0,0,0,0,0,0,0,33,0,0,0,0,0,0,0,0,0,0,0,18,0,0,0,forward
0,0,0,0,0,0,0,37,10,0,0,0,0,0,0,0,0,0,0,29,45,0,0,0,0,0,0,0,0,0,0,27,81,0,0,0,0,0,0,0,0,0,0,36,153,0,0,0,0,0,0,0,0,0,0,19,66,0,0,0,0,0,0,0,0,0,0,0,57,8,0,0,0,0,0,0,0,0,0,0,38,0,0,0,0,0,0,0,0,0,0,0,11,0,0,0,forward
0,0,0,0,0,0,0,43,20,15,0,0,0,0,0,0,0,0,0,31,69,0,0,0,0,0,0,0,0,0,0,4,98,7,0,0,0,0,0,0,0,0,0,0,132,0,0,0,0,0,0,0,0,0,0,11,66,0,0,0,0,0,0,0,0,0,0,0,69,20,0,0,0,0,0,0,0,0,0,0,38,13,0,0,0,0,0,0,0,0,0,0,13,0,0,0,forward
0,0,0,0,0,0,0,0,9,16,0,0,0,0,0,0,0,0,0,0,79,0,9,0,0,0,0,0,0,0,0,0,133,69,28,0,0,0,0,0,0,0,0,0,154,0,8,0,0,0,0,0,0,0,0,0,42,7,0,0,0,0,0,0,0,0,0,0,68,33,0,0,0,0,0,0,0,0,0,0,48,39,0,0,0,0,0,0,0,0,0,0,30,0,0,0,forward
0,0,0,0,0,0,0,25,37,35,0,0,0,0,0,0,0,0,0,0,88,0,0,0,0,0,0,0,0,0,0,0,137,68,0,0,0,0,0,0,0,0,0,0,123,0,0,0,0,0,0,0,0,0,0,0,26,0,0,0,0,0,0,0,0,0,0,0,67,35,0,0,0,0,0,0,0,0,0,0,50,47,0,0,0,0,0,0,0,0,0,0,53,0,0,4,forward
0,0,0,0,0,0,0,0,8,20,0,0,0,0,0,0,0,0,0,0,73,0,5,0,0,0,0,0,0,0,0,0,109,83,18,0,0,0,0,0,0,0,0,0,273,17,88,0,0,0,0,0,0,0,0,0,9,5,0,0,0,0,0,0,0,0,0,0,53,37,0,0,0,0,0,0,0,0,0,0,45,67,0,0,0,0,0,0,0,0,0,0,61,18,0,35,forward
0,0,0,0,0,0,0,0,0,3,0,0,0,0,0,0,0,0,0,0,58,0,9,0,0,0,0,0,0,0,0,0,99,99,48,0,0,0,0,0,0,0,0,0,275,11,67,18,0,0,0,0,0,0,0,0,34,17,0,0,0,0,0,0,0,0,0,0,52,36,0,0,0,0,0,0,0,0,0,0,21,50,0,0,0,0,0,0,0,0,0,0,10,0,0,41,forward
0,0,0,0,0,0,0,0,0,0,0,0,0,0,0,0,0,0,0,0,56,0,0,0,0,0,0,0,0,0,0,0,121,115,38,0,0,0,0,0,0,0,0,5,331,33,89,17,0,0,0,0,0,0,0,0,59,32,0,0,0,0,0,0,0,0,0,0,56,38,0,0,0,0,0,0,0,0,0,0,9,34,0,0,0,0,0,0,0,0,0,0,0,0,0,22,forward
0,0,0,0,0,0,0,0,0,0,0,0,0,0,0,0,0,0,0,0,21,0,0,0,0,0,0,0,0,0,0,0,96,101,41,0,0,0,0,0,0,0,0,11,342,52,122,69,0,0,0,0,0,0,0,0,4,19,0,0,0,0,0,0,0,0,0,0,22,40,0,0,0,0,0,0,0,0,0,0,10,51,0,0,0,0,0,0,0,0,0,0,23,0,0,108,forward
0,0,0,0,0,0,0,0,4,0,0,0,0,0,0,0,0,0,0,0,88,12,0,0,0,0,0,0,0,0,0,0,166,53,0,0,0,0,0,0,0,0,0,8,273,0,0,0,0,0,0,0,0,0,0,0,57,22,0,0,0,0,0,0,0,0,0,0,91,54,0,0,0,0,0,0,0,0,0,0,41,40,0,0,0,0,0,0,0,0,0,0,0,0,0,0,forward
0,0,0,0,0,0,0,31,57,0,0,0,0,0,0,0,0,0,0,169,100,15,0,0,0,0,0,0,0,0,0,7,67,0,0,0,0,0,0,0,0,0,0,57,49,0,0,0,0,0,0,0,0,0,0,0,57,0,0,0,0,0,0,0,0,0,0,0,222,79,0,0,0,0,0,0,0,0,0,0,71,35,0,0,0,0,0,0,0,0,0,28,56,0,0,0,forward
0,0,0,0,0,0,0,20,25,0,0,0,0,0,15,0,0,0,0,166,94,15,0,0,0,0,0,0,0,0,0,12,90,0,0,0,0,0,0,0,0,0,0,107,84,0,0,0,0,0,0,0,0,0,0,21,95,0,0,0,0,0,0,0,0,0,0,0,248,75,0,0,0,0,0,0,0,0,0,0,62,23,0,0,0,0,0,0,0,0,0,55,43,0,0,0,forward
0,0,0,0,0,0,0,44,86,0,0,0,0,0,0,0,0,0,0,163,112,40,0,0,0,0,0,0,0,0,0,4,110,0,0,0,0,0,0,0,0,0,0,112,96,17,0,0,0,0,0,0,0,0,0,0,93,5,0,0,0,0,0,0,0,0,0,0,252,87,0,0,0,0,0,0,0,0,0,0,60,43,0,0,0,0,0,0,0,0,0,0,27,0,0,0,forward
0,0,0,0,0,0,0,41,114,24,30,0,0,0,0,0,0,0,0,115,111,46,0,0,0,0,0,0,0,0,0,0,116,0,0,0,0,0,0,0,0,0,0,19,58,3,0,0,0,0,0,0,0,0,0,0,78,0,0,0,0,0,0,0,0,0,0,0,220,96,0,5,0,0,0,0,0,0,0,0,60,55,0,0,0,0,0,0,0,0,0,0,24,0,0,0,forward
0,0,0,0,0,0,0,0,0,0,24,0,0,0,0,0,0,0,0,15,58,37,0,0,0,0,0,0,0,0,0,0,106,12,0,0,0,0,0,0,0,0,0,41,126,104,11,0,0,0,0,0,0,0,0,0,41,0,0,0,0,0,0,0,0,0,0,0,184,99,0,40,0,0,0,0,0,0,0,0,51,75,0,0,0,0,0,0,0,0,0,0,5,0,0,0,forward
0,0,0,0,0,0,0,0,11,0,0,0,0,0,0,0,0,0,0,73,102,51,0,0,0,0,0,0,0,0,0,0,179,45,0,0,0,0,0,0,0,0,0,68,114,52,0,0,0,0,0,0,0,0,0,0,150,22,0,0,0,0,0,0,0,0,0,0,267,106,0,0,0,0,0,0,0,0,0,0,42,46,0,0,0,0,0,0,0,0,0,0,0,0,0,0,forward
0,0,0,0,0,0,0,0,27,0,12,0,0,0,0,0,0,0,0,42,68,37,0,0,0,0,0,0,0,0,0,0,119,31,0,0,0,0,0,0,0,0,0,21,102,69,0,0,0,0,0,0,0,0,0,0,39,0,0,0,0,0,0,0,0,0,0,0,221,90,0,0,0,0,0,0,0,0,0,0,70,55,0,0,0,0,0,0,0,0,0,0,50,0,0,0,forward
0,0,0,0,0,0,0,0,0,0,34,0,0,0,0,0,0,0,0,0,34,31,0,0,0,0,0,0,0,0,0,0,75,34,0,0,0,0,0,0,0,0,0,0,153,141,0,105,0,0,0,0,0,0,0,0,0,0,0,0,0,0,0,0,0,0,0,0,108,70,0,12,0,0,0,0,0,0,0,0,51,74,0,0,0,0,0,0,0,0,0,0,53,12,0,87,forward
0,0,0,0,0,0,0,0,20,0,20,0,0,0,0,0,0,0,0,21,58,45,0,0,0,0,0,0,0,0,0,0,121,59,0,0,0,0,0,0,0,0,0,13,123,136,0,0,0,0,0,0,0,0,0,0,58,0,0,0,0,0,0,0,0,0,0,0,243,106,0,0,0,0,0,0,0,0,0,0,52,61,0,0,0,0,0,0,0,0,0,0,19,0,0,0,forward
0,0,0,0,0,0,0,0,0,0,0,0,0,0,0,0,0,0,0,0,32,40,0,0,0,0,0,0,0,0,0,0,113,44,0,0,0,0,0,0,0,0,0,32,202,224,12,25,0,0,0,0,0,0,0,0,46,0,0,0,0,0,0,0,0,0,0,0,201,103,0,21,0,0,0,0,0,0,0,0,37,72,0,0,0,0,0,0,0,0,0,0,0,0,0,0,forward
0,0,0,0,0,0,0,0,15,0,0,0,0,0,0,0,0,0,0,111,93,35,0,0,0,0,0,0,0,0,0,0,133,17,0,0,0,0,0,0,0,0,0,122,128,35,0,0,0,0,0,0,0,0,0,14,154,22,0,0,0,0,0,0,0,0,0,0,293,100,0,0,0,0,0,0,0,0,0,0,60,48,0,0,0,0,0,0,0,0,0,0,29,0,0,0,forward
0,0,0,0,0,0,0,22,24,0,0,0,0,0,21,0,0,0,0,112,71,21,0,0,0,0,0,0,0,0,0,10,104,0,0,0,0,0,0,0,0,0,0,134,127,65,0,0,0,0,0,0,0,0,0,45,169,16,0,0,0,0,0,0,0,0,0,0,227,66,0,0,0,0,0,0,0,0,0,0,39,13,0,0,0,0,0,0,0,0,0,21,20,0,0,0,forward
0,0,0,0,0,0,0,0,5,0,0,0,0,0,26,0,0,0,0,116,72,22,0,0,0,0,3,0,0,0,0,8,81,0,0,0,0,0,0,0,0,0,0,127,112,35,0,0,0,0,0,0,0,0,0,31,172,9,0,0,0,0,0,0,0,0,0,0,256,77,0,0,0,0,0,0,0,0,0,0,50,26,0,0,0,0,0,0,0,0,0,11,23,0,0,0,forward
0,0,5,0,0,0,0,19,24,0,0,0,0,0,16,0,0,0,0,104,71,16,0,0,0,0,0,0,0,0,0,0,70,0,30,0,0,0,0,0,0,0,0,90,94,21,0,0,0,0,0,0,0,0,0,29,175,19,0,0,0,0,0,0,0,0,0,0,273,80,0,0,0,0,0,0,0,0,0,0,50,30,0,0,0,0,0,0,0,0,0,0,13,0,0,0,forward
0,0,0,0,0,0,0,18,56,0,0,0,0,0,29,0,0,0,0,147,91,31,0,0,0,0,0,0,0,0,0,0,76,0,0,0,0,0,0,0,0,0,0,56,66,0,0,0,0,0,0,0,0,0,0,37,160,13,0,0,0,0,0,0,0,0,0,0,257,78,0,0,0,0,0,0,0,0,0,0,54,29,0,0,0,0,0,0,0,0,0,26,16,0,0,0,forward
0,0,0,0,0,0,0,28,82,0,0,0,0,0,0,0,0,0,0,123,89,26,0,0,0,0,0,0,0,0,0,0,92,0,0,0,0,0,0,0,0,0,0,73,90,30,0,0,0,0,0,0,0,0,0,11,166,8,0,0,0,0,0,0,0,0,0,0,265,82,0,0,0,0,0,0,0,0,0,0,67,38,0,0,0,0,0,0,0,0,0,19,28,0,0,0,forward
0,0,0,0,0,0,0,0,0,0,0,0,0,0,0,0,0,0,0,49,37,15,0,0,0,0,0,0,0,0,0,0,88,0,0,0,0,0,0,0,0,0,0,151,196,146,18,0,0,0,0,0,0,0,0,65,386,43,0,0,0,0,0,0,0,0,0,0,255,72,0,0,0,0,0,0,0,0,0,0,35,9,0,0,0,0,0,0,0,0,0,0,0,0,0,0,forward
0,0,0,0,0,0,0,5,13,0,0,0,0,0,0,0,0,0,0,61,66,23,0,0,0,0,0,0,0,0,0,0,104,6,0,0,0,0,0,0,0,0,0,56,96,54,0,0,0,0,0,0,0,0,0,14,187,20,0,0,0,0,0,0,0,0,0,0,194,71,0,0,0,0,0,0,0,0,0,0,61,33,0,0,0,0,0,0,0,0,0,0,13,0,0,0,forward
0,0,0,0,0,0,0,4,9,0,0,0,0,0,0,0,0,0,0,80,73,37,0,0,0,0,0,0,0,0,0,0,92,0,0,0,0,0,0,0,0,0,0,92,124,94,0,0,0,0,0,0,0,0,0,24,209,25,0,0,0,0,0,0,0,0,0,0,195,63,0,0,0,0,0,0,0,0,0,0,56,26,0,0,0,0,0,0,0,0,0,0,14,0,0,0,forward
0,0,40,23,12,20,25,47,87,0,0,0,0,0,25,0,0,0,0,14,0,0,0,0,0,0,0,0,0,0,0,0,0,0,0,0,0,0,0,0,0,0,0,0,0,0,0,0,0,0,0,0,0,0,0,0,0,0,0,0,0,0,5,0,0,0,0,0,56,7,0,0,0,0,41,27,0,0,0,0,35,7,0,0,0,0,12,4,0,0,0,37,54,0,0,8,strafe_left
0,0,42,24,19,26,33,58,99,0,0,0,0,0,24,0,0,0,0,9,0,0,0,0,0,0,0,0,0,0,0,0,0,0,0,0,0,0,0,0,0,0,0,0,0,0,0,0,0,0,0,0,0,0,0,0,0,0,0,0,0,0,10,0,0,0,0,0,57,7,0,0,0,0,50,38,0,0,0,0,38,8,0,0,0,0,9,0,0,0,0,30,48,0,0,0,strafe_left
0,0,0,0,0,0,0,0,0,0,0,0,0,0,41,0,0,0,0,0,0,0,0,0,0,0,112,0,0,0,0,0,17,0,0,0,0,0,13,3,0,0,0,73,166,83,0,0,0,0,0,0,44,51,44,65,346,28,0,0,0,0,0,9,0,0,0,0,5,0,0,0,0,0,0,0,0,0,0,0,0,0,0,0,0,0,0,0,0,0,0,0,0,0,0,0,strafe_right
0,25,44,0,0,0,0,0,0,0,0,0,0,39,53,0,0,0,0,0,0,0,0,0,0,63,67,8,0,0,0,0,9,0,0,0,0,0,0,0,0,0,0,0,39,0,0,0,0,0,0,0,0,0,0,0,0,0,0,0,0,0,168,91,0,0,12,0,22,0,0,0,0,146,117,24,0,0,0,0,0,0,0,0,0,0,47,0,0,0,0,0,0,0,0,0,backward
0,69,51,0,0,0,0,0,0,0,0,0,0,60,78,0,0,0,0,0,0,0,0,0,0,90,77,0,0,0,0,0,0,0,0,0,0,0,0,0,0,0,0,0,0,0,0,0,0,0,0,0,0,0,0,0,0,0,0,0,0,0,174,96,0,0,16,0,18,0,0,0,0,163,126,26,0,0,0,0,0,0,0,0,0,0,48,0,0,0,0,0,0,0,0,0,backward
0,34,56,0,0,0,0,0,0,0,0,0,0,64,75,0,0,0,0,0,0,0,0,0,0,77,80,12,0,0,0,0,6,0,0,0,0,0,0,0,0,0,0,0,30,0,0,0,0,0,4,0,0,0,0,0,0,0,0,0,0,0,158,75,0,0,0,0,0,0,0,0,0,136,113,16,0,0,0,0,0,0,0,0,0,11,50,0,0,0,0,0,0,0,0,0,backward
0,23,44,0,0,0,0,0,0,0,0,0,0,44,52,0,0,0,0,0,0,0,0,0,0,74,76,12,0,0,0,0,16,0,0,0,0,0,0,0,0,0,0,0,32,0,0,0,0,0,0,0,0,0,0,0,3,0,0,0,0,0,153,86,0,0,0,0,18,0,0,0,0,126,104,14,0,0,0,0,0,0,0,0,0,0,48,0,0,0,0,0,0,0,0,0,backward
0,51,50,0,0,0,0,0,0,0,0,0,0,61,72,0,0,0,0,0,0,0,0,0,0,80,76,7,0,0,0,0,10,0,0,0,0,0,0,0,0,0,0,0,33,0,0,0,0,0,0,0,0,0,0,0,6,0,0,0,0,0,134,74,0,0,0,0,19,0,0,0,0,114,102,14,0,0,0,0,5,0,0,0,0,0,47,0,0,0,0,0,0,0,0,0,backward
0,77,70,0,0,0,0,0,0,0,0,0,0,62,75,0,0,0,0,0,0,0,0,0,0,113,104,13,0,0,0,0,0,0,0,0,0,0,0,0,0,0,0,0,0,0,0,0,0,0,10,0,0,0,0,0,8,0,0,0,0,0,164,104,0,0,10,0,7,0,0,0,0,127,112,19,0,0,0,0,0,0,0,0,0,0,51,0,0,0,0,0,0,0,0,0,backward
0,22,0,0,0,0,0,0,0,0,0,0,30,75,24,0,0,0,0,0,0,0,0,0,0,98,176,0,0,0,0,0,22,0,0,0,0,0,0,0,0,0,0,0,0,0,0,0,0,0,29,0,0,0,0,0,21,0,0,0,0,5,78,0,0,0,0,0,0,0,0,0,0,110,277,37,0,0,0,0,0,0,0,0,0,0,37,0,0,0,0,0,0,0,0,0,backward
0,0,0,0,0,0,0,0,0,0,0,0,36,75,25,0,0,0,0,0,0,0,0,0,0,110,190,0,0,0,0,0,33,0,0,0,0,0,0,0,0,0,0,0,0,0,0,0,0,0,22,0,0,0,0,0,28,0,0,0,0,4,69,0,0,0,0,0,0,0,0,0,0,100,279,37,0,0,0,0,0,0,0,0,0,0,25,0,0,0,0,0,0,0,0,0,backward
0,3,0,0,0,0,0,0,0,0,0,0,12,56,15,0,0,0,0,0,0,0,0,0,0,53,106,0,0,0,0,0,31,0,0,0,0,0,0,0,0,0,0,0,0,0,0,0,0,0,0,0,0,0,0,0,0,0,0,0,0,0,95,0,0,0,0,0,0,0,0,0,0,134,178,72,0,0,0,0,0,0,0,0,0,44,76,0,0,0,0,0,0,0,0,0,backward
0,0,14,0,0,11,13,41,113,123,51,0,0,0,50,32,0,0,0,152,295,315,0,0,0,0,58,25,0,0,0,0,181,128,87,0,0,0,0,0,0,0,0,0,23,18,0,0,0,0,0,0,0,0,0,0,129,152,163,13,0,0,0,0,0,0,151,72,194,256,82,0,0,0,0,24,0,0,0,0,342,296,85,0,0,0,0,0,0,0,0,0,28,65,0,0,forward
0,0,10,0,0,0,0,25,74,93,57,0,0,0,50,26,0,0,0,144,262,323,20,0,0,0,59,27,0,0,0,0,253,212,167,0,0,0,0,0,0,0,0,0,104,117,0,0,0,0,0,0,0,0,0,0,150,167,149,0,0,0,0,0,0,0,166,83,209,259,64,0,0,0,0,13,0,0,0,0,300,218,45,0,0,0,0,0,0,0,0,0,9,39,0,0,forward
0,0,13,0,0,0,0,18,65,84,47,0,0,0,58,41,0,0,0,159,279,335,21,0,0,0,78,48,0,0,0,3,261,217,166,0,0,0,0,0,0,0,0,0,95,105,0,0,0,0,0,0,0,0,0,0,124,139,139,0,0,0,0,4,0,0,148,69,187,223,54,0,0,0,0,13,0,0,0,0,301,225,40,0,0,0,0,0,0,0,0,0,14,43,0,0,forward
0,0,0,0,0,0,16,70,176,221,122,38,0,0,0,0,0,0,0,101,330,414,0,0,0,0,0,0,0,0,0,0,112,67,0,0,0,0,0,0,0,0,0,0,0,0,0,0,0,0,0,0,0,0,0,0,96,162,177,0,0,0,0,0,0,0,0,17,176,272,111,0,0,0,0,0,0,0,0,0,333,350,114,0,0,0,0,0,0,0,0,0,3,56,0,0,forward
0,13,206,39,0,0,0,0,31,9,0,0,0,211,307,200,5,0,0,57,84,38,0,0,0,270,420,227,13,0,0,0,101,40,0,0,0,5,253,80,0,0,0,0,0,0,0,0,0,0,4,0,0,0,0,0,52,14,0,0,0,0,227,369,117,38,95,36,87,59,0,0,0,0,257,242,75,0,0,0,114,28,0,0,0,35,259,162,0,0,0,0,0,0,0,0,backward
0,14,263,67,0,0,0,0,35,0,0,0,0,186,326,226,9,0,0,89,124,51,0,0,0,212,373,204,10,0,0,0,131,24,0,0,0,0,121,19,0,0,0,0,0,0,0,0,0,0,13,0,0,0,0,0,0,0,0,0,0,19,367,361,0,0,7,0,24,0,0,0,0,60,373,327,0,0,0,0,12,0,0,0,0,325,451,278,0,0,0,0,0,0,0,0,backward
0,24,249,40,0,0,0,0,17,0,0,0,0,220,320,165,0,0,0,21,40,0,0,0,0,248,371,160,0,0,0,0,65,0,0,0,0,0,178,35,0,0,0,0,0,0,0,0,0,0,112,23,0,0,0,0,0,0,0,0,0,167,760,592,46,0,30,4,30,0,0,0,0,168,587,446,0,0,0,0,0,0,0,0,0,361,515,226,0,0,0,0,0,0,0,0,backward
0,65,393,344,225,181,126,113,179,110,0,0,0,150,334,340,138,14,0,66,148,96,0,0,0,10,241,135,0,0,0,0,41,0,0,0,0,0,0,0,0,0,0,0,0,0,0,0,0,0,0,0,0,0,0,0,0,0,0,0,0,0,15,0,0,0,0,0,0,3,0,0,0,0,113,39,0,0,0,0,65,27,0,0,0,98,151,116,0,0,0,0,32,75,0,6,strafe_left
0,0,154,146,106,88,69,60,122,86,0,0,0,57,190,201,78,0,0,76,147,111,0,0,0,3,163,126,3,0,0,0,72,29,32,0,0,0,12,0,0,0,0,0,0,0,0,0,0,0,0,0,0,0,0,0,0,0,30,0,0,0,40,34,0,0,0,0,16,26,0,0,0,0,143,83,0,0,0,0,108,53,0,0,0,134,194,151,25,0,0,0,38,91,0,17,strafe_left
0,0,178,176,152,166,140,130,225,193,9,0,0,14,158,187,98,18,0,101,214,177,0,0,0,0,114,77,0,0,0,0,57,3,0,0,0,0,0,0,0,0,0,0,0,0,0,0,0,0,0,0,0,0,0,0,0,0,0,0,0,0,16,0,0,0,0,0,0,0,0,0,0,0,125,29,0,0,0,0,39,14,0,0,0,146,197,146,0,0,0,0,30,86,0,7,strafe_left
0,63,351,329,236,206,149,130,191,103,0,0,0,116,254,268,114,0,0,64,138,69,0,0,0,3,171,78,0,0,0,0,65,0,0,0,0,0,0,0,0,0,0,0,0,0,0,0,0,0,0,0,0,0,0,0,0,0,0,0,0,0,40,0,0,0,0,0,0,0,0,0,0,0,127,38,0,0,0,0,10,0,0,0,0,164,217,151,0,0,0,0,0,29,0,0,strafe_left
0,156,489,401,286,214,162,144,165,84,0,0,0,153,319,307,86,0,0,11,70,35,0,0,0,0,197,56,0,0,0,0,28,0,0,0,0,0,0,0,0,0,0,0,0,0,0,0,0,0,0,0,0,0,0,0,0,0,0,0,0,0,23,0,0,0,0,0,0,0,0,0,0,0,147,34,0,0,0,0,25,0,0,0,0,197,231,173,0,0,0,0,22,51,0,0,strafe_left
0,89,427,390,280,224,164,152,205,130,0,0,0,166,326,324,126,0,0,33,110,76,0,0,0,0,233,117,0,0,0,0,45,0,0,0,0,0,0,0,0,0,0,0,0,0,0,0,0,0,0,0,0,0,0,0,0,0,0,0,0,0,13,0,0,0,0,0,0,0,0,0,0,0,104,22,0,0,0,0,43,11,0,0,0,83,134,91,0,0,0,0,9,46,0,0,strafe_left
0,0,0,0,0,0,0,0,0,0,0,0,0,0,58,0,0,0,0,0,0,0,0,0,0,33,146,77,0,0,0,0,86,57,60,0,0,0,174,136,14,0,12,11,215,210,0,0,0,0,128,112,243,412,242,304,795,211,57,0,0,0,212,442,282,237,296,62,91,0,0,0,0,0,147,68,0,0,0,0,0,0,0,0,0,0,26,0,0,0,0,0,0,0,0,0,strafe_right
0,0,12,0,0,0,0,0,0,0,0,0,0,28,107,0,0,0,0,0,0,0,0,0,0,124,185,57,0,0,0,0,33,0,0,0,20,19,133,48,0,0,0,0,75,4,0,0,0,0,456,249,232,209,103,142,300,49,0,0,0,168,929,769,319,168,204,46,70,0,0,0,0,39,486,221,0,0,0,0,0,0,0,0,0,0,113,0,0,0,0,0,0,0,0,0,strafe_right
0,0,0,0,0,0,0,0,0,0,0,0,0,0,32,0,0,0,0,0,0,0,0,0,0,0,67,7,0,0,0,0,47,10,40,0,0,0,90,62,0,0,0,7,96,121,0,0,0,0,189,135,263,345,171,234,604,194,0,0,0,18,391,609,374,276,309,80,131,4,0,0,0,0,303,210,0,0,0,0,0,0,0,0,0,0,116,0,0,0,0,0,0,0,0,0,strafe_right
0,0,7,0,0,0,0,0,0,0,0,0,0,0,0,0,0,0,0,0,0,0,0,0,0,0,35,0,0,0,0,0,84,59,104,73,0,0,25,29,0,0,0,31,142,250,0,0,0,0,0,16,8,123,91,259,952,493,177,0,0,0,56,172,95,143,317,136,268,208,0,0,0,0,53,24,0,0,0,0,104,44,0,0,0,0,8,0,0,0,0,0,0,5,0,0,strafe_right
0,0,0,0,0,0,0,0,0,0,0,0,0,0,0,0,0,0,0,0,35,27,0,0,0,0,54,6,0,0,0,0,113,104,146,107,0,0,18,45,0,0,0,59,215,387,0,0,0,0,0,0,0,133,90,279,1013,445,153,0,0,0,55,164,98,149,323,148,272,186,0,0,0,0,63,24,0,0,0,0,78,22,0,0,0,0,0,0,0,0,0,0,0,0,0,0,strafe_right
0,0,10,0,0,0,0,0,0,0,0,0,0,0,84,0,0,0,0,0,19,4,0,0,0,84,188,97,17,0,0,0,94,64,24,0,0,17,182,110,0,0,0,6,148,186,0,0,0,0,72,45,143,279,140,269,699,226,0,0,0,0,221,424,284,239,333,106,155,56,0,0,0,0,185,131,11,0,0,0,5,0,0,0,0,0,64,0,0,0,0,0,0,0,0,0,strafe_right
0,0,13,0,0,0,0,0,0,0,0,0,0,3,91,0,0,0,0,0,12,0,0,0,0,84,188,90,0,0,0,0,88,53,7,0,0,18,194,111,0,0,0,12,164,184,0,0,0,0,109,79,204,365,204,323,800,226,0,0,0,0,225,434,288,235,304,86,126,15,0,0,0,0,187,102,0,0,0,0,0,0,0,0,0,0,37,0,0,0,0,0,0,0,0,0,strafe_right
353,165,0,0,0,0,30,16,0,0,0,0,685,415,402,46,0,0,36,110,59,0,0,0,777,554,154,0,0,0,7,88,86,0,0,0,456,188,30,0,0,0,0,55,34,0,0,0,437,563,100,0,0,0,58,77,123,0,0,0,496,258,126,0,0,0,11,44,42,0,0,0,177,219,370,0,0,0,0,128,44,0,0,0,0,0,0,0,0,0,0,0,0,0,0,0,backward
341,169,0,0,0,0,32,18,0,0,0,0,628,395,402,49,0,0,38,109,58,0,0,0,718,527,155,0,0,0,13,102,100,0,0,0,406,179,32,0,0,0,0,70,30,0,0,0,328,557,123,0,0,0,63,95,174,0,0,0,334,225,118,21,0,0,16,54,55,0,0,0,82,159,339,0,0,0,0,172,65,0,0,0,0,0,0,0,0,0,0,15,0,0,0,0,backward
342,158,0,0,0,0,23,14,0,0,0,0,624,412,434,66,0,0,46,122,74,0,0,0,711,532,156,0,0,0,21,110,105,0,0,0,398,171,27,0,0,0,0,58,17,0,0,0,395,575,107,0,0,0,62,87,145,0,0,0,416,270,131,12,0,0,10,46,48,0,0,0,155,204,388,0,0,0,0,176,70,0,0,0,0,0,0,0,0,0,0,21,0,0,0,0,backward
318,154,0,0,0,0,13,0,0,0,0,0,696,477,470,70,0,0,57,152,88,0,0,0,901,666,202,20,0,0,49,212,167,0,0,0,573,313,108,0,0,0,60,175,52,0,0,0,0,238,8,0,0,0,45,66,123,0,0,0,78,69,20,0,0,0,0,25,33,0,0,0,0,22,149,0,0,0,0,141,60,0,0,0,0,0,0,0,0,0,0,19,0,0,0,0,backward
248,71,0,0,0,0,9,0,0,0,0,0,614,378,285,0,0,0,37,92,50,0,0,0,855,567,165,0,0,0,27,114,90,0,0,0,572,268,58,0,0,0,26,93,22,0,0,0,380,599,165,22,0,14,80,116,187,0,0,0,385,226,112,11,0,0,9,48,40,0,0,0,79,165,342,0,0,0,0,132,43,0,0,0,0,0,0,0,0,0,0,0,0,0,0,0,backward
348,145,0,0,0,0,18,0,0,0,0,0,683,447,374,13,0,0,37,99,47,0,0,0,909,620,168,0,0,0,23,94,68,0,0,0,553,231,40,0,0,0,8,66,22,0,0,0,288,441,58,0,0,0,37,58,97,0,0,0,433,288,120,0,0,0,4,43,46,0,0,0,206,214,427,0,0,0,0,150,70,0,0,0,0,12,0,0,0,0,0,32,0,0,0,0,backward
377,165,0,0,0,0,32,20,0,0,0,0,645,448,434,60,0,0,56,139,72,0,0,0,769,556,171,0,0,0,31,125,114,0,0,0,416,175,21,0,0,0,9,73,13,0,0,0,83,300,10,0,0,0,32,66,146,0,0,0,215,174,73,0,0,0,0,35,48,0,0,0,91,143,373,11,0,0,0,185,97,0,0,0,0,0,0,0,0,0,0,43,0,0,0,0,backward
414,199,0,0,0,0,42,27,0,0,0,0,681,471,457,66,0,0,57,150,69,0,0,0,805,589,179,0,0,0,35,147,111,0,0,0,425,191,41,0,0,0,24,91,24,0,0,0,219,400,13,0,0,0,39,65,138,0,0,0,329,247,101,0,0,0,0,44,49,0,0,0,165,180,391,0,0,0,0,189,97,0,0,0,0,0,0,0,0,0,0,37,0,0,0,0,backward
36,54,97,215,368,231,424,282,88,0,0,0,31,52,349,136,87,61,189,337,131,0,0,0,0,26,0,0,0,0,0,80,39,0,0,0,0,0,0,0,0,0,0,0,15,0,0,0,0,0,0,0,0,0,0,0,26,0,0,0,6,37,0,0,0,0,0,4,15,0,0,0,20,68,235,0,0,0,0,148,98,0,0,0,4,24,0,0,0,0,0,87,55,0,0,0,strafe_left
5,18,87,228,431,282,500,316,131,6,0,0,0,23,325,127,99,70,207,363,142,0,0,0,0,5,0,0,0,0,0,98,46,0,0,0,0,0,0,0,0,0,0,0,17,0,0,0,0,0,0,0,0,0,0,0,25,0,0,0,0,29,0,0,0,0,0,6,12,0,0,0,0,49,192,0,0,0,0,137,90,0,0,0,0,13,0,0,0,0,0,80,48,0,0,0,strafe_left
0,0,69,181,419,282,567,346,112,0,0,0,0,10,235,79,54,41,181,316,105,0,0,0,0,0,0,0,0,0,0,60,13,0,0,0,0,0,0,0,0,0,0,0,7,0,0,0,0,0,0,0,0,0,0,0,29,0,0,0,0,32,0,0,0,0,0,0,0,0,0,0,20,80,211,0,0,0,0,124,87,0,0,0,10,49,15,0,0,0,0,146,155,0,0,0,strafe_left
57,38,42,86,137,115,224,174,92,0,0,0,69,75,339,140,75,70,175,311,142,0,0,0,23,61,17,0,0,0,0,112,59,0,0,0,0,0,0,0,0,0,0,16,20,0,0,0,0,0,0,0,0,0,0,0,37,0,0,0,36,89,0,0,0,0,0,3,13,0,0,0,98,123,317,6,0,0,0,175,115,0,4,0,44,82,37,0,0,0,0,157,137,0,0,0,strafe_left
84,94,124,221,373,207,437,251,53,0,0,0,75,72,316,102,26,0,103,193,67,0,0,0,0,10,0,0,0,0,0,12,0,0,0,0,0,0,0,0,0,0,0,0,9,0,0,0,0,0,0,0,0,0,0,0,16,0,0,0,27,103,0,0,0,0,0,0,7,0,0,0,117,129,294,0,0,0,0,137,95,0,0,0,48,95,43,0,0,0,0,148,138,0,0,0,strafe_left
0,0,38,141,378,290,589,423,178,0,0,0,0,0,211,87,93,85,274,448,176,0,0,0,0,0,0,0,0,0,5,162,82,0,0,0,0,0,0,0,0,0,0,25,22,0,0,0,0,0,0,0,0,0,0,0,21,0,0,0,0,0,0,0,0,0,0,0,0,0,0,0,0,0,64,0,0,0,0,99,68,0,0,0,0,0,0,0,0,0,0,73,48,0,0,0,strafe_left
0,0,55,156,398,325,589,455,214,31,0,0,0,0,240,98,99,107,305,486,219,0,0,0,0,0,0,0,0,0,24,226,138,0,0,0,0,0,0,0,0,0,0,46,30,0,0,0,0,0,0,0,0,0,0,0,12,0,0,0,0,0,0,0,0,0,0,0,0,0,0,0,0,0,65,0,0,0,0,74,51,0,0,0,0,0,0,0,0,0,0,47,15,0,0,0,strafe_left
0,0,0,0,0,0,0,0,0,0,0,0,74,5,15,0,0,0,3,41,20,0,0,0,93,70,17,0,0,0,0,74,72,0,0,0,7,0,0,0,0,0,10,119,40,0,0,0,201,528,207,152,156,189,353,404,483,92,0,0,203,161,100,57,0,0,0,104,82,0,0,0,0,52,220,0,0,0,0,138,55,0,0,0,0,0,0,0,0,0,0,0,0,0,0,0,strafe_right
0,0,0,0,0,0,0,0,0,0,0,0,57,0,0,0,0,0,0,16,9,0,0,0,75,59,12,0,0,0,0,73,80,0,0,0,26,0,8,0,0,0,25,183,72,0,0,0,97,459,183,152,174,210,454,507,509,88,0,0,65,84,59,24,0,0,0,101,71,0,0,0,0,0,118,0,0,0,0,108,23,0,0,0,0,0,0,0,0,0,0,0,0,0,0,0,strafe_right
26,0,0,0,0,0,0,0,0,0,0,0,197,94,62,0,0,0,0,18,6,0,0,0,318,190,48,0,0,0,0,41,33,0,0,0,212,82,0,0,0,0,5,67,16,0,0,0,667,671,272,159,103,103,227,254,333,0,0,0,453,309,164,32,0,0,0,76,47,0,0,0,0,150,269,0,0,0,0,72,0,0,0,0,0,0,0,0,0,0,0,0,0,0,0,0,strafe_right
0,0,0,0,0,0,0,0,0,0,0,0,141,64,58,0,0,0,0,35,20,0,0,0,215,151,52,0,0,0,3,90,82,0,0,0,134,60,15,0,0,0,9,98,25,0,0,0,470,635,269,168,135,135,280,320,384,39,0,0,326,247,146,45,0,0,0,83,52,0,0,0,0,114,262,0,0,0,0,89,0,0,0,0,0,0,0,0,0,0,0,0,0,0,0,0,strafe_right
0,0,0,0,0,0,0,0,0,0,0,0,108,50,57,0,0,0,3,40,25,0,0,0,185,137,49,0,0,0,12,115,114,0,0,0,113,59,35,0,0,0,30,147,54,0,0,0,89,385,158,94,82,136,262,353,425,83,0,0,95,92,56,33,0,0,12,105,88,0,0,0,0,37,185,0,0,0,0,172,72,13,0,0,0,0,0,0,0,0,0,36,0,0,0,0,strafe_right
0,0,0,0,0,0,0,0,0,0,0,0,22,0,0,0,0,0,0,50,32,0,0,0,30,45,16,0,0,0,0,119,120,0,0,0,0,0,0,0,0,0,20,185,79,0,0,0,271,579,238,167,143,172,349,416,460,79,0,0,207,201,121,54,0,0,0,113,79,0,0,0,0,90,255,0,0,0,0,125,36,0,0,0,0,0,0,0,0,0,0,0,0,0,0,0,strafe_right
0,0,0,0,0,0,0,0,0,0,0,0,24,0,26,0,0,0,13,82,58,0,0,0,7,46,14,0,0,0,7,207,226,0,0,0,0,0,32,0,0,0,70,428,212,0,9,0,0,290,115,74,73,112,264,350,403,76,0,0,35,40,15,0,0,0,6,90,65,0,0,0,0,0,74,0,0,0,0,122,28,0,0,0,0,0,0,0,0,0,0,0,0,0,0,0,strafe_right
0,0,0,0,0,0,0,0,0,0,0,0,98,44,48,0,0,0,6,42,24,0,0,0,145,139,47,0,0,0,0,99,113,0,0,0,122,86,47,0,0,0,27,183,74,0,0,0,283,532,222,153,128,153,297,354,414,81,0,0,177,142,92,33,0,0,0,83,55,0,0,0,0,61,197,0,0,0,0,111,25,0,0,0,0,0,0,0,0,0,0,0,0,0,0,0,strafe_right
0,0,0,0,0,17,82,88,83,8,0,0,0,0,55,0,0,10,114,316,227,0,0,0,0,0,18,0,0,0,72,548,437,0,12,0,0,0,0,0,0,0,56,301,134,0,13,0,0,9,0,0,0,19,83,161,308,57,0,0,7,16,0,0,0,0,18,98,106,0,0,0,0,0,68,0,0,0,0,211,99,0,0,0,0,0,0,0,0,0,0,38,0,0,0,0,forward
0,0,0,0,23,23,113,117,94,19,0,0,0,0,151,39,28,52,156,384,248,0,0,0,0,12,27,0,0,0,76,489,374,0,3,0,0,0,0,0,0,0,22,127,44,0,0,0,0,15,0,0,0,0,45,91,216,40,0,0,23,39,0,0,0,0,12,71,96,0,0,0,0,12,131,0,0,0,0,231,116,0,30,0,0,0,0,0,0,0,0,73,0,0,0,0,forward
0,0,0,0,0,15,104,109,89,5,0,0,0,0,122,16,5,35,150,367,248,0,0,0,0,12,34,0,0,0,79,541,414,0,4,0,0,0,0,0,0,0,40,217,78,0,0,0,0,0,0,0,0,4,50,112,239,50,18,0,13,43,0,0,0,0,13,77,102,0,0,0,0,15,142,0,0,0,0,245,120,0,91,0,0,0,0,0,0,0,0,59,0,0,0,0,forward
0,0,0,0,11,17,94,93,77,0,0,0,0,23,208,61,26,45,130,300,210,0,0,0,5,68,49,0,0,0,57,389,337,0,0,0,0,0,0,0,0,0,22,160,55,0,0,0,0,141,0,0,0,30,93,165,330,33,0,0,47,87,35,14,0,0,26,98,116,0,0,0,0,37,193,0,0,0,0,244,109,0,0,0,0,0,0,0,0,0,0,51,0,0,0,0,forward
0,0,0,0,0,0,93,103,99,0,0,0,0,0,36,0,0,4,125,359,283,0,0,0,0,0,12,0,0,0,68,555,468,0,0,0,0,0,0,0,0,0,38,269,136,0,0,0,0,0,0,0,0,10,75,154,314,56,0,0,0,0,0,0,0,0,25,106,121,0,0,0,0,0,52,0,0,0,0,232,113,0,0,0,0,0,0,0,0,0,0,47,0,0,0,0,forward
0,0,0,0,0,0,0,23,284,181,160,52,0,0,0,0,0,0,0,54,141,445,234,37,0,0,0,0,0,0,0,0,100,305,42,173,0,0,0,0,0,0,0,0,41,311,0,0,0,0,0,0,0,0,0,90,97,81,0,0,0,0,0,0,0,0,0,0,112,115,36,0,0,0,0,0,0,0,0,0,153,511,0,46,0,0,0,0,0,0,0,0,52,66,0,115,forward
0,0,0,0,0,0,0,0,136,80,69,0,0,0,0,0,0,0,0,36,80,233,97,0,0,0,15,6,0,0,0,0,130,390,88,171,0,0,0,0,0,0,0,22,125,650,0,41,0,0,0,0,0,0,0,172,162,137,0,0,0,0,0,0,0,0,0,5,157,174,66,0,0,0,0,0,0,0,0,0,164,567,0,0,0,0,0,0,0,0,0,0,46,59,0,35,forward
0,0,0,0,0,0,0,26,213,125,102,17,0,0,49,30,0,0,6,77,115,276,123,0,0,0,79,47,0,0,0,0,126,334,90,162,0,0,12,39,0,0,0,0,100,571,0,0,0,0,0,3,0,0,0,183,179,128,0,0,0,0,6,4,0,0,0,0,132,128,8,0,0,0,120,67,58,0,0,0,138,433,0,0,0,0,4,0,0,0,0,0,28,30,0,0,forward
0,0,0,0,0,0,0,6,157,106,111,61,0,0,0,0,0,0,0,19,82,272,150,65,0,0,0,0,0,0,0,0,129,408,133,416,0,0,0,0,0,0,0,0,79,534,0,95,0,0,0,0,0,0,0,48,77,43,0,107,0,0,0,0,0,0,0,0,103,94,5,142,0,0,0,0,0,0,0,0,154,484,0,441,0,0,0,0,0,0,0,0,114,141,0,638,forward
0,0,0,0,0,0,0,0,112,70,73,66,0,0,0,0,0,0,0,7,62,203,117,61,0,0,0,0,0,0,0,0,124,457,144,385,0,0,0,0,0,0,0,0,101,717,0,82,0,0,0,0,0,0,0,90,116,73,0,154,0,0,0,0,0,0,0,0,136,124,17,102,0,0,0,0,0,0,0,0,148,518,0,360,0,0,0,0,0,0,0,0,86,112,0,429,forward
0,0,0,0,0,0,0,0,142,83,76,10,0,0,0,0,0,0,0,26,74,223,109,0,0,0,0,0,0,0,0,0,148,401,129,174,0,0,0,0,0,0,0,0,109,599,0,37,0,0,0,0,0,0,13,241,351,257,0,0,0,0,0,0,0,0,0,19,203,197,74,0,0,0,0,0,0,0,0,0,133,494,0,0,0,0,0,0,0,0,0,0,17,15,0,7,forward
0,0,0,0,0,0,0,23,195,112,89,3,0,0,19,0,0,0,0,41,76,219,86,0,0,0,55,28,0,0,0,0,109,249,73,81,0,0,0,10,0,0,0,4,84,378,0,0,0,0,0,0,0,0,35,264,333,246,16,0,0,0,0,0,0,0,0,19,189,170,54,0,0,0,51,33,10,0,0,0,120,455,0,0,0,0,0,0,0,0,0,0,24,26,0,0,forward
0,0,64,46,0,0,0,0,84,30,0,0,0,97,628,338,62,0,0,38,45,70,0,0,0,335,708,388,76,0,0,3,47,57,0,0,0,192,317,239,0,0,0,0,0,33,0,0,0,12,93,179,0,22,6,151,122,30,0,0,0,199,453,277,101,7,0,0,84,25,0,0,0,236,587,339,138,0,0,0,56,49,0,0,0,7,313,130,0,0,0,0,0,0,0,0,backward
0,0,73,56,0,0,0,0,100,27,0,0,0,121,665,366,70,0,0,37,47,77,0,0,0,356,726,407,80,0,0,10,62,66,0,0,0,225,329,242,0,0,0,0,0,42,0,0,0,0,50,131,0,0,0,112,94,15,0,0,0,199,417,245,75,0,0,0,84,27,0,0,0,228,551,307,117,0,0,0,61,63,0,0,0,22,318,148,0,0,0,0,0,0,0,0,backward
0,0,128,121,0,7,0,11,179,77,3,0,0,155,818,486,166,38,11,79,95,144,0,0,0,399,876,499,124,0,0,0,69,82,0,0,0,217,415,291,0,0,0,0,0,91,0,0,0,0,0,56,0,0,0,125,113,42,0,0,0,15,130,81,13,0,0,0,73,31,0,0,0,0,230,117,75,0,0,0,56,85,0,0,0,0,79,24,0,0,0,0,0,0,0,0,backward
0,0,8,0,0,0,0,0,131,59,0,0,0,24,324,206,39,0,0,34,52,100,0,0,0,110,415,282,78,0,0,0,69,89,0,0,0,80,205,202,8,0,0,0,6,103,0,0,0,0,39,161,0,36,26,175,161,72,0,0,0,139,386,249,131,38,0,8,111,52,0,0,0,188,548,324,187,0,0,0,77,117,0,0,0,0,275,142,0,0,0,0,0,0,0,0,backward
0,0,18,0,0,0,0,0,53,13,0,0,0,49,388,192,11,0,0,16,27,55,0,0,0,177,463,263,38,0,0,0,45,52,0,0,0,135,190,163,0,0,0,0,0,37,0,0,0,11,120,245,23,54,35,196,171,64,0,0,0,282,533,359,169,52,0,18,118,43,0,0,0,279,651,406,181,0,0,0,69,61,0,0,0,8,345,150,0,0,0,0,0,0,0,0,backward
0,0,41,22,0,0,0,0,90,27,0,0,0,46,373,186,15,0,0,17,22,46,0,0,0,129,386,222,13,0,0,0,23,28,0,0,0,9,76,65,0,0,0,0,0,0,0,0,0,50,206,314,48,63,35,186,162,45,0,0,0,422,677,426,176,41,0,15,116,25,0,0,0,327,750,478,164,0,0,0,56,14,0,0,0,62,425,145,0,0,0,0,0,0,0,0,backward
0,11,167,122,11,4,0,19,174,54,0,0,0,259,784,417,112,8,0,47,44,52,0,0,0,457,865,444,34,0,0,0,19,0,0,0,0,101,224,136,0,0,0,0,0,0,0,0,0,0,94,209,17,43,23,150,126,20,0,0,0,258,412,263,100,0,0,9,87,0,0,0,0,214,539,367,99,0,0,0,21,0,0,0,0,39,279,111,0,0,0,0,0,0,0,0,backward
0,10,295,340,246,246,136,123,455,165,7,0,0,199,783,504,290,97,30,106,91,109,0,0,0,133,637,400,79,0,0,0,42,23,0,0,0,0,58,30,0,0,0,0,0,0,0,0,0,0,0,0,0,0,0,24,27,0,0,0,0,0,59,18,0,0,0,0,25,4,0,0,0,49,212,119,13,0,0,0,50,95,0,0,0,0,171,109,7,0,0,0,8,0,0,0,strafe_left
0,0,27,82,134,311,241,216,627,285,73,46,0,0,229,158,144,101,89,162,156,201,5,0,0,0,98,92,6,0,0,0,37,33,0,0,0,0,0,0,0,0,0,0,0,0,0,0,0,0,0,0,0,0,0,4,0,0,0,0,0,0,5,0,0,0,0,0,28,22,0,0,0,0,174,87,0,0,0,0,103,296,0,87,0,0,105,85,39,0,0,0,46,52,0,0,strafe_left
0,0,136,192,199,267,174,154,473,186,19,0,0,61,462,307,232,106,58,137,123,149,0,0,0,0,239,193,31,0,0,0,37,26,0,0,0,0,0,0,0,0,0,0,0,0,0,0,0,0,0,0,0,0,0,11,6,0,0,0,0,0,48,0,0,0,0,0,28,19,0,0,0,41,255,145,18,0,0,0,94,263,0,32,0,0,240,168,80,0,0,0,55,56,0,0,strafe_left
0,91,319,284,150,101,61,72,283,121,0,0,0,331,932,547,237,53,0,92,83,112,0,0,0,393,812,461,76,0,0,0,53,35,0,0,0,27,154,96,0,0,0,0,0,0,0,0,0,0,0,0,0,0,0,28,19,0,0,0,0,0,93,35,0,0,0,0,26,10,0,0,0,133,346,196,25,0,0,0,68,181,0,0,0,0,292,173,44,0,0,0,34,25,0,0,strafe_left
0,0,0,0,0,0,0,0,0,0,0,0,0,22,217,81,0,0,0,0,0,31,0,0,0,204,449,255,21,0,0,5,73,96,0,0,0,170,286,240,35,0,0,62,107,367,0,0,0,0,127,411,222,304,258,481,533,158,0,0,0,102,322,258,208,89,19,21,74,7,0,0,0,12,332,253,73,0,0,0,24,14,0,0,0,0,97,9,0,0,0,0,0,0,0,0,strafe_right
0,0,0,0,0,0,0,0,10,0,0,0,0,0,93,32,0,0,0,0,11,51,0,0,0,61,263,160,16,0,0,4,74,119,0,0,0,12,131,163,25,0,0,58,97,412,0,0,0,0,0,213,112,284,288,562,810,254,0,0,0,0,93,89,118,86,44,28,118,56,0,0,0,0,139,108,53,0,0,0,37,35,0,0,0,0,38,0,0,0,0,0,0,0,0,0,strafe_right
0,0,0,0,0,0,0,0,33,0,0,0,15,0,49,16,0,0,0,0,20,66,0,0,0,0,155,86,0,0,0,0,73,128,0,0,0,0,55,109,23,0,0,59,106,448,7,0,0,0,0,170,87,260,278,599,899,293,0,4,0,0,58,52,72,54,27,25,121,58,0,0,0,0,105,75,39,0,0,0,45,61,0,0,0,0,27,0,0,0,0,0,0,0,0,0,strafe_right
0,0,0,0,0,0,0,0,46,3,0,0,8,0,65,26,0,0,0,4,28,80,0,0,0,0,162,88,0,0,0,0,72,146,0,8,0,0,66,104,19,0,0,48,94,413,0,0,0,0,0,216,109,275,279,587,836,250,0,0,0,0,102,81,99,68,31,23,116,49,0,0,0,0,141,115,47,0,0,0,43,41,0,0,0,0,40,0,0,0,0,0,0,0,0,0,strafe_right
0,0,0,0,0,0,0,0,45,0,0,0,0,13,190,89,0,0,0,7,28,73,0,0,0,138,373,220,39,0,0,9,81,105,0,0,0,104,185,165,16,0,0,22,60,168,0,0,0,0,85,340,172,282,239,492,531,152,0,0,0,93,263,209,176,93,26,24,78,17,0,0,0,0,288,225,52,0,0,0,34,0,0,0,0,0,100,0,0,0,0,0,0,0,0,0,strafe_right
0,0,20,0,0,0,0,0,48,0,0,0,0,56,302,151,0,0,0,14,26,54,0,0,0,251,469,266,24,0,0,0,60,63,0,0,0,153,229,175,0,0,0,12,48,80,0,0,0,32,193,433,195,215,162,375,374,85,0,0,0,271,436,314,209,65,0,34,75,0,0,0,0,70,444,327,40,0,0,0,13,0,0,0,0,0,141,16,0,0,0,0,0,0,0,0,strafe_right
0,0,21,0,0,0,0,0,49,0,0,0,0,48,296,146,0,0,0,6,9,40,0,0,0,252,466,263,16,0,0,0,62,61,0,0,0,154,208,166,0,0,0,17,43,67,0,0,0,24,209,443,189,193,156,363,356,85,0,0,0,319,491,348,235,77,5,31,79,0,0,0,0,112,520,361,58,0,0,0,22,0,0,0,0,0,194,26,0,0,0,0,0,0,0,0,strafe_right
0,0,33,0,0,0,0,0,50,0,0,0,0,28,242,120,0,0,0,0,11,47,0,0,0,212,428,247,29,0,0,3,65,72,0,0,0,126,195,171,0,0,0,23,53,120,0,0,0,0,116,366,174,237,209,460,497,150,0,0,0,128,360,289,232,112,27,34,102,31,0,0,0,48,419,322,117,0,0,0,48,23,0,0,0,0,168,28,0,0,0,0,0,0,0,0,strafe_right
0,0,0,0,0,0,0,0,19,0,0,0,0,21,221,97,0,0,0,0,13,59,0,0,0,205,443,260,40,0,0,14,81,115,0,0,0,167,269,213,37,0,0,43,71,268,0,0,0,0,56,257,115,188,183,450,497,178,0,0,0,44,251,213,196,103,33,28,105,47,0,0,0,19,318,267,136,0,0,0,58,61,0,0,0,0,128,38,0,0,0,0,0,0,0,0,strafe_right
0,0,0,0,0,0,0,0,12,0,0,0,0,12,164,77,0,0,0,0,15,61,0,0,0,138,386,221,20,0,0,0,69,117,0,0,0,141,278,226,60,0,0,58,99,405,0,0,0,0,8,199,65,136,137,428,465,173,0,0,0,43,213,169,159,82,32,33,115,68,0,0,0,32,317,244,149,0,0,0,80,110,0,0,0,0,141,53,0,0,0,0,0,0,0,0,strafe_right
0,0,121,248,261,351,240,216,466,169,23,24,0,39,410,335,245,125,82,154,119,120,0,0,0,0,206,198,12,0,0,0,11,0,0,0,0,0,0,0,0,0,0,0,0,0,0,0,0,0,0,0,0,0,0,3,0,0,0,0,0,0,15,0,0,0,0,0,17,6,0,0,0,0,187,88,0,0,0,0,67,178,0,4,0,0,157,104,22,0,0,0,26,19,0,0,strafe_left
0,0,63,153,217,422,314,272,577,230,44,70,0,0,289,222,205,142,113,164,144,156,0,0,0,0,110,125,0,0,0,0,23,14,0,0,0,0,0,0,0,0,0,0,0,0,0,0,0,0,0,0,0,0,0,0,0,0,0,0,0,0,0,0,0,0,0,0,13,5,0,0,0,0,125,37,0,0,0,0,62,183,0,20,0,0,87,52,0,0,0,0,26,25,0,0,strafe_left
0,0,64,120,208,503,404,347,697,241,48,48,0,0,150,117,123,92,92,159,136,127,0,0,0,0,33,13,0,0,0,0,10,0,0,0,0,0,0,0,0,0,0,0,0,0,0,0,0,0,0,0,0,0,0,0,0,0,0,0,0,0,0,0,0,0,0,0,10,0,0,0,0,0,136,40,0,0,0,0,56,175,0,5,0,0,95,57,0,0,0,0,33,30,0,0,strafe_left
0,3,232,286,342,614,400,305,628,168,25,0,0,46,377,286,203,91,51,120,84,70,0,0,0,0,102,60,0,0,0,0,0,0,0,0,0,0,0,0,0,0,0,0,0,0,0,0,0,0,0,0,0,0,0,0,0,0,0,0,0,0,0,0,0,0,0,0,0,0,0,0,0,20,215,62,0,0,0,0,53,139,0,0,0,0,277,149,16,0,0,0,65,67,0,0,strafe_left
0,60,300,323,327,397,234,199,433,112,0,0,0,106,507,372,213,84,28,101,46,53,0,0,0,0,188,125,0,0,0,0,0,0,0,0,0,0,0,0,0,0,0,0,0,0,0,0,0,0,0,0,0,0,0,0,0,0,0,0,0,0,3,0,0,0,0,0,0,0,0,0,0,78,274,92,0,0,0,0,55,155,0,0,0,48,417,202,30,0,0,0,78,81,0,0,strafe_left
0,83,300,338,290,255,161,149,353,113,0,0,0,194,629,429,237,79,30,112,61,71,0,0,0,32,271,167,0,0,0,0,0,0,0,0,0,0,0,0,0,0,0,0,0,0,0,0,0,0,0,0,0,0,0,0,0,0,0,0,0,0,11,0,0,0,0,0,0,0,0,0,0,154,347,135,0,0,0,0,76,184,0,0,0,107,548,273,64,0,0,0,81,89,0,0,strafe_left
0,0,91,75,0,0,0,0,105,19,0,0,0,241,674,375,82,0,0,44,36,60,0,0,0,465,698,379,53,0,0,0,45,32,0,0,0,126,168,127,0,0,0,0,0,0,0,0,0,0,78,150,0,33,20,149,127,23,0,0,0,276,485,326,121,15,0,28,69,0,0,0,0,288,565,403,49,0,0,0,46,0,0,0,0,84,371,111,0,0,0,0,0,0,0,0,backward
0,17,130,97,0,0,0,16,117,30,0,0,0,277,711,389,79,0,0,41,23,38,0,0,0,518,753,406,42,0,0,0,36,15,0,0,0,133,171,114,0,0,0,0,0,0,0,0,0,14,117,177,12,40,17,151,127,14,0,0,0,350,535,343,115,0,0,28,60,0,0,0,0,292,592,402,26,0,0,0,30,0,0,0,0,55,327,85,0,0,0,0,0,0,0,0,backward
0,8,90,50,0,0,0,0,66,4,0,0,0,305,743,382,56,0,0,49,38,47,0,0,0,631,833,455,47,0,0,0,52,40,0,0,0,247,285,188,0,0,0,0,0,0,0,0,0,9,120,194,20,42,20,152,126,10,0,0,0,341,520,338,107,0,0,27,54,0,0,0,0,278,574,388,9,0,0,0,15,0,0,0,0,34,259,60,0,0,0,0,0,0,0,0,backward
0,0,44,9,0,0,0,0,3,0,0,0,0,291,726,353,24,0,0,39,38,46,0,0,0,655,856,476,54,0,0,19,70,57,0,0,0,353,341,234,0,0,0,0,31,23,0,0,0,10,125,215,56,68,51,177,145,22,0,0,0,315,495,338,121,0,0,27,44,0,0,0,0,202,528,358,0,0,0,0,0,0,0,0,0,14,212,48,0,0,0,0,0,0,0,0,backward
0,0,0,0,0,0,0,0,9,0,0,0,0,194,479,229,0,0,0,29,35,45,0,0,0,490,640,360,42,0,0,24,83,59,0,0,0,243,227,176,0,0,0,5,37,24,0,0,0,13,137,253,89,111,95,257,221,58,0,0,0,280,479,342,169,32,0,33,71,0,0,0,0,175,534,397,66,0,0,0,7,0,0,0,0,3,211,58,0,0,0,0,0,0,0,0,backward
0,0,0,0,0,0,0,0,32,0,0,0,0,149,380,191,0,0,0,28,34,47,0,0,0,373,527,298,34,0,0,13,74,57,0,0,0,130,139,127,0,0,0,0,24,10,0,0,0,15,134,261,93,107,87,270,215,55,0,0,0,313,520,385,202,51,0,38,90,6,0,0,0,239,586,426,108,0,0,0,47,0,0,0,0,67,308,102,0,0,0,0,0,0,0,0,backward
0,0,43,21,0,0,0,7,106,24,0,0,0,166,411,219,13,0,0,34,37,46,0,0,0,335,480,275,26,0,0,0,62,45,0,0,0,69,90,86,0,0,0,0,5,0,0,0,0,17,154,280,95,109,100,302,235,68,0,0,0,338,535,387,213,58,11,47,97,8,0,0,0,229,583,446,115,0,0,0,49,0,0,0,0,39,259,76,0,0,0,0,0,0,0,0,backward
0,0,77,51,0,0,0,0,114,26,0,0,0,234,597,323,67,0,0,53,57,65,0,0,0,429,607,360,55,0,0,13,66,43,0,0,0,58,102,80,0,0,0,0,0,0,0,0,0,35,161,234,67,70,67,227,154,23,0,0,0,384,535,365,127,14,0,33,66,0,0,0,0,263,589,416,37,0,0,0,4,0,0,0,0,81,329,80,0,0,0,0,0,0,0,0,backward
0,66,198,155,8,12,0,26,151,33,0,0,0,358,802,446,110,0,0,64,53,50,0,0,0,574,799,448,43,0,0,0,35,0,0,0,0,44,107,66,0,0,0,0,0,0,0,0,0,6,91,152,33,36,26,122,90,0,0,0,0,186,350,252,74,0,0,18,39,0,0,0,0,187,439,318,0,0,0,0,0,0,0,0,0,74,278,62,0,0,0,0,0,0,0,0,backward
0,0,0,0,0,0,0,34,222,145,40,21,0,0,47,17,0,0,0,84,138,360,144,5,0,0,60,41,0,0,0,0,180,416,124,204,0,0,0,33,0,0,0,0,109,514,0,0,0,0,0,0,0,0,0,95,103,71,0,0,0,0,0,0,0,0,0,8,84,112,0,0,0,0,91,52,20,0,0,0,149,410,0,129,0,0,30,0,0,0,0,0,20,9,0,0,forward
0,0,0,0,0,0,0,11,181,96,0,0,0,0,104,57,0,0,0,75,116,254,79,0,0,0,162,107,32,0,0,0,171,306,90,99,0,0,61,112,17,0,0,9,100,462,0,0,0,0,0,0,0,0,0,121,123,84,0,0,5,0,0,0,0,0,0,3,74,93,0,0,0,0,103,55,18,0,0,0,107,310,0,21,0,0,55,8,0,0,0,0,8,0,0,0,forward
0,0,0,0,0,0,0,4,120,50,0,0,0,11,243,162,31,0,5,62,87,149,19,0,0,93,377,276,86,16,0,0,147,233,33,47,0,80,244,264,103,0,0,44,118,534,0,0,0,0,0,0,0,0,15,162,150,95,0,0,3,0,34,28,14,0,0,6,80,75,0,0,0,0,146,89,46,0,0,0,89,192,0,0,0,0,73,29,0,0,0,0,0,0,0,0,forward
0,0,0,0,0,0,0,0,139,59,0,0,0,0,82,54,0,0,0,49,82,172,40,0,0,0,190,143,49,15,0,6,170,323,94,107,0,0,83,133,53,0,0,17,105,543,0,0,0,0,0,8,0,15,37,195,189,124,0,0,5,0,13,14,12,0,0,9,87,87,0,0,0,0,130,91,47,0,0,0,105,247,0,0,0,0,67,23,0,0,0,0,0,0,0,0,forward
0,0,0,0,0,0,0,24,190,103,15,0,0,0,15,0,0,0,0,42,91,239,77,0,0,0,56,40,0,0,0,0,176,390,124,170,0,0,12,36,0,0,0,0,107,548,0,0,0,0,0,0,0,0,26,209,217,148,0,0,0,0,0,0,0,0,0,19,109,126,0,0,0,0,104,66,34,0,0,0,116,283,0,0,0,0,42,0,0,0,0,0,0,0,0,0,forward
0,0,0,0,0,0,0,28,205,121,32,17,0,0,10,0,0,0,0,66,121,319,119,0,0,0,36,11,0,0,0,0,179,410,127,193,0,0,0,8,0,0,0,0,98,450,0,0,0,0,0,0,0,0,22,195,199,136,0,0,0,0,0,0,0,0,0,18,111,134,0,0,0,0,81,49,20,0,0,0,118,303,0,8,0,0,32,0,0,0,0,0,0,0,0,0,forward
0,0,0,0,0,0,0,28,233,144,33,8,0,0,0,0,0,0,0,77,144,394,153,0,0,0,32,12,0,0,0,0,159,320,83,126,0,0,0,0,0,0,0,0,66,239,0,0,0,0,0,0,0,0,17,177,180,133,0,0,0,0,0,0,0,0,0,20,115,137,0,0,0,0,95,52,22,0,0,0,132,359,0,39,0,0,39,3,0,0,0,0,4,0,0,0,forward
0,0,0,0,0,0,0,10,147,82,20,0,0,0,9,0,0,0,0,46,86,270,117,0,0,0,63,42,0,0,0,0,174,384,139,168,0,0,0,52,0,0,0,0,124,566,0,0,0,0,0,0,0,0,0,162,155,120,0,0,0,0,0,0,0,0,0,17,103,123,0,0,0,0,138,86,52,0,0,0,149,422,18,164,0,0,68,30,0,0,0,0,22,9,0,0,forward
0,0,0,0,0,0,0,31,220,141,50,66,0,0,16,0,0,0,0,55,116,330,128,37,0,0,62,36,0,0,0,0,175,340,112,242,0,0,0,15,0,0,0,0,87,334,0,0,0,0,0,0,0,0,0,93,95,73,0,0,0,0,0,0,0,0,0,9,92,110,0,20,0,0,167,105,61,0,0,14,169,461,40,229,0,0,86,59,13,0,0,0,40,31,0,0,forward
0,0,0,0,0,0,0,0,122,67,11,0,0,0,15,0,0,0,0,34,78,214,102,4,0,0,77,43,0,0,0,4,191,418,152,222,0,0,0,39,0,0,0,0,108,610,4,0,0,0,0,0,0,0,0,182,216,174,0,47,0,0,0,0,0,0,0,35,146,179,0,96,0,0,0,0,0,0,0,0,199,522,32,420,0,0,0,0,0,0,0,0,26,12,0,0,forward
0,0,0,0,0,0,0,0,153,74,3,0,0,0,55,28,0,0,0,39,71,170,47,0,0,0,129,85,13,0,0,0,143,222,74,88,0,0,61,86,21,0,0,0,62,258,0,0,0,0,0,0,0,29,52,291,314,219,0,0,0,0,0,5,10,11,0,37,164,182,0,0,0,0,97,58,37,0,0,0,126,282,0,33,0,0,34,0,0,0,0,0,0,0,0,0,forward
0,0,0,0,0,0,0,38,220,152,52,34,0,0,3,0,0,0,0,81,131,351,168,28,0,0,49,30,0,0,0,0,159,309,101,178,0,0,0,9,0,0,0,0,58,243,0,0,0,0,0,0,0,19,48,296,330,203,0,0,0,0,0,0,0,0,0,34,149,158,0,0,0,0,81,51,19,0,0,0,108,238,0,8,0,0,26,0,0,0,0,0,0,0,0,0,forward
0,0,0,0,0,17,27,72,321,221,51,150,0,0,19,21,0,0,0,75,194,462,195,129,0,0,16,20,0,0,0,0,219,297,57,239,0,0,0,0,0,0,0,0,65,204,0,0,0,0,0,0,0,0,24,163,204,173,0,142,0,0,0,0,0,0,0,80,209,178,0,42,0,0,28,29,0,0,0,0,138,308,0,100,0,0,0,0,0,0,0,0,12,0,0,0,forward
0,0,0,0,0,9,22,69,302,211,48,132,0,0,4,0,0,0,0,64,194,476,198,126,0,0,15,17,0,0,0,0,213,304,61,244,0,0,0,0,0,0,0,0,75,220,0,0,0,0,0,0,0,0,34,177,223,191,0,156,0,0,0,0,0,0,0,81,215,182,0,34,0,0,22,25,0,0,0,0,139,313,0,92,0,0,4,0,0,0,0,0,10,0,0,0,forward
0,0,0,0,0,0,0,43,275,184,29,121,0,0,4,3,0,0,0,62,192,470,207,138,0,0,18,19,0,0,0,0,221,312,73,258,0,0,0,0,0,0,0,0,68,214,0,0,0,0,0,0,0,0,27,175,218,184,0,146,0,0,0,0,0,0,0,79,218,178,0,42,0,0,27,29,0,0,0,0,146,320,0,108,0,0,6,0,0,0,0,0,16,0,0,0,forward
0,0,0,0,0,0,0,36,189,134,16,78,0,0,25,15,0,0,0,58,155,357,164,88,0,0,26,25,0,0,0,0,218,346,77,234,0,0,0,0,0,0,0,12,108,349,0,15,0,0,0,0,0,0,31,184,238,197,0,159,0,0,0,0,0,0,0,78,217,186,0,48,0,0,21,26,0,0,0,0,139,306,0,97,0,0,0,0,0,0,0,0,11,0,0,0,forward
0,0,0,0,0,0,0,18,116,75,0,43,0,0,0,0,0,0,0,16,90,220,83,45,0,0,39,35,0,0,0,0,222,381,88,243,0,0,0,0,0,0,0,35,136,512,6,19,0,0,0,0,0,0,35,190,248,203,6,170,0,0,0,0,0,0,0,79,226,192,0,55,0,0,7,17,0,0,0,0,147,326,0,126,0,0,0,0,0,0,0,0,10,0,0,0,forward
0,0,0,0,0,0,0,30,153,102,0,54,0,0,16,0,0,0,0,30,112,269,100,27,0,0,45,31,0,0,0,0,204,313,69,168,0,0,0,0,0,0,0,17,107,297,0,0,0,0,0,0,0,5,41,201,243,211,10,166,0,0,0,0,0,3,0,78,228,200,0,40,0,0,74,50,0,0,0,0,151,340,0,105,0,0,14,0,0,0,0,0,18,0,0,0,forward
0,0,0,0,0,7,0,58,283,187,24,88,0,0,28,26,5,0,4,69,185,424,163,55,0,0,10,11,0,0,0,0,122,170,12,53,0,0,0,0,0,0,0,0,41,78,0,0,0,0,0,0,0,0,19,141,163,147,0,138,0,0,0,0,0,0,0,78,215,196,0,51,0,0,116,66,0,0,0,0,182,404,0,185,0,0,24,0,0,0,0,0,27,0,0,0,forward
0,0,0,0,0,40,52,97,385,264,49,98,0,0,45,46,31,19,26,95,211,476,170,65,0,0,5,0,0,0,0,0,82,103,0,5,0,0,0,0,0,0,0,0,15,20,0,0,0,0,0,0,0,0,0,45,78,80,0,105,0,0,0,0,0,0,0,53,162,153,0,54,0,0,118,64,0,0,0,17,216,471,0,307,0,0,26,0,0,0,0,0,36,22,0,0,forward
0,0,0,0,6,78,93,143,483,316,69,122,0,0,15,26,17,9,11,70,201,447,133,42,0,0,0,0,0,0,0,0,60,79,0,0,0,0,0,0,0,0,0,0,5,11,0,0,0,0,0,0,0,0,0,27,64,57,0,82,0,0,0,0,0,0,0,27,125,119,0,36,0,0,97,44,0,0,0,7,213,484,0,327,0,0,21,4,0,0,0,0,43,34,0,0,forward
0,0,0,0,0,57,80,146,531,361,77,130,0,0,0,12,0,0,17,70,223,473,141,63,0,0,0,0,0,0,0,0,56,71,0,0,0,0,0,0,0,0,0,0,0,0,0,0,0,0,0,0,0,0,0,0,48,37,0,68,0,0,0,0,0,0,0,20,104,106,0,38,0,0,57,12,0,0,0,12,224,507,0,363,0,0,13,0,0,0,0,0,44,36,0,0,forward
0,0,0,0,0,53,84,148,581,391,109,204,0,0,0,11,6,0,17,87,249,553,185,140,0,0,0,0,0,0,0,0,69,100,0,26,0,0,0,0,0,0,0,0,0,16,0,0,0,0,0,0,0,0,0,28,63,64,0,112,0,0,0,0,0,0,0,27,106,103,0,47,0,0,62,0,0,0,0,0,207,483,0,341,0,0,16,0,0,0,0,0,36,23,0,0,forward
0,0,0,0,0,0,9,53,283,191,43,59,0,0,19,26,4,0,4,71,197,556,214,63,0,0,22,27,0,0,0,0,202,312,58,100,0,0,0,0,0,0,0,0,64,192,0,0,0,0,0,0,0,0,0,94,123,122,0,74,0,0,0,0,0,0,0,41,157,134,0,4,0,0,103,57,0,0,0,0,127,270,0,69,0,0,29,0,0,0,0,0,5,0,0,0,forward
0,0,0,0,0,20,38,84,312,215,52,82,0,0,40,33,19,0,7,80,206,574,221,70,0,0,28,40,0,0,0,0,207,307,55,135,0,0,0,0,0,0,0,0,83,203,0,0,0,0,0,0,0,0,9,98,130,122,0,78,0,0,0,0,0,0,0,35,139,112,0,0,0,0,91,47,0,0,0,0,103,238,0,53,0,0,26,0,0,0,0,0,0,0,0,0,forward
0,0,0,0,0,25,44,99,351,251,73,118,0,0,69,64,51,29,34,105,228,604,231,90,0,0,39,43,0,0,0,0,201,287,47,140,0,0,0,0,0,0,0,0,72,179,0,0,0,0,0,0,0,0,5,95,120,112,0,64,0,0,0,0,0,0,0,36,129,106,0,0,0,0,102,52,0,0,0,0,91,211,0,28,0,0,27,0,0,0,0,0,0,0,0,0,forward
0,0,0,0,0,4,12,42,189,125,0,62,0,0,64,59,33,0,12,72,154,422,170,72,0,0,104,98,20,0,0,0,271,455,117,219,0,0,0,22,0,0,0,43,144,459,0,9,0,0,0,0,0,0,6,92,114,100,0,46,0,0,0,0,0,0,0,19,96,76,0,0,0,0,103,54,0,0,0,0,77,174,0,12,0,0,31,6,0,0,0,0,0,0,0,0,forward
0,0,19,132,146,357,286,327,689,390,79,89,0,0,150,137,162,131,131,152,239,357,90,0,0,0,75,79,3,0,0,0,62,62,0,0,0,0,0,0,0,0,0,0,0,0,0,0,0,0,0,0,0,0,0,0,0,0,0,0,0,0,0,0,0,0,0,0,17,8,0,0,0,0,117,45,0,0,0,0,81,180,0,17,0,0,62,58,0,0,0,0,19,0,0,0,strafe_left
0,0,0,70,102,314,279,330,756,483,114,189,0,0,93,100,124,121,120,156,293,483,138,40,0,0,16,14,0,0,0,0,53,65,0,0,0,0,0,0,0,0,0,0,4,3,0,0,0,0,0,0,0,0,0,0,0,0,0,16,0,0,0,0,0,0,0,0,20,15,0,0,0,0,95,22,0,0,0,0,96,223,0,70,0,0,50,44,0,0,0,0,24,5,0,0,strafe_left
0,0,10,94,131,396,321,359,770,467,108,125,0,0,89,84,111,105,97,122,241,355,88,0,0,0,15,9,0,0,0,0,36,40,0,0,0,0,0,0,0,0,0,0,0,0,0,0,0,0,0,0,0,0,0,0,0,0,0,0,0,0,0,0,0,0,0,0,10,0,0,0,0,0,156,53,0,0,0,7,94,212,0,33,0,0,156,123,9,0,0,0,55,33,0,0,strafe_left
0,0,8,141,150,399,307,333,718,367,55,50,0,0,135,120,159,125,105,117,209,284,57,0,0,0,59,56,0,0,0,0,41,41,0,0,0,0,0,0,0,0,0,0,0,0,0,0,0,0,0,0,0,0,0,0,0,0,0,0,0,0,0,0,0,0,0,0,14,5,0,0,0,0,167,61,0,0,0,8,102,238,0,47,0,0,169,125,13,0,0,0,56,35,0,0,strafe_left
0,0,37,173,171,411,310,331,687,370,56,0,0,0,153,128,160,121,95,109,199,290,44,0,0,0,66,64,0,0,0,0,49,36,0,0,0,0,0,0,0,0,0,0,0,0,0,0,0,0,0,0,0,0,0,0,0,0,0,0,0,0,0,0,0,0,0,0,15,6,0,0,0,0,184,73,0,0,0,13,115,267,0,85,0,0,199,156,37,0,0,0,65,44,0,0,strafe_left
0,0,75,225,217,393,284,288,594,274,36,0,0,20,241,210,201,128,89,96,153,187,7,0,0,0,125,114,0,0,0,0,49,25,0,0,0,0,0,0,0,0,0,0,0,0,0,0,0,0,0,0,0,0,0,0,0,0,0,0,0,0,0,0,0,0,0,0,9,0,0,0,0,0,189,79,0,0,0,11,99,228,0,40,0,0,232,175,40,0,0,0,62,40,0,0,strafe_left
0,165,353,449,317,294,173,180,424,161,0,0,0,272,558,427,273,85,21,55,92,85,0,0,0,107,459,324,37,0,0,0,40,11,0,0,0,0,0,0,0,0,0,0,0,0,0,0,0,0,0,0,0,0,0,0,0,0,0,0,0,0,0,0,0,0,0,0,7,0,0,0,0,0,175,80,0,0,0,9,76,128,0,0,0,0,131,141,0,0,0,0,36,4,0,0,strafe_left
0,298,474,491,299,247,139,150,372,123,0,0,0,387,687,483,265,57,0,53,69,61,0,0,0,189,550,350,35,0,0,0,29,0,0,0,0,0,0,0,0,0,0,0,0,0,0,0,0,0,0,0,0,0,0,0,0,0,0,5,0,0,0,0,0,0,0,0,22,8,0,0,0,0,225,114,0,0,0,26,103,223,0,50,0,0,164,192,22,0,0,0,56,31,0,0,strafe_left
0,189,406,443,372,425,250,238,467,127,0,0,0,165,414,346,218,50,0,29,37,38,0,0,0,0,172,114,0,0,0,0,0,0,0,0,0,0,0,0,0,0,0,0,0,0,0,0,0,0,0,0,0,0,0,0,0,0,0,0,0,0,0,0,0,0,0,0,4,0,0,0,0,0,197,73,0,0,0,15,95,201,0,30,0,0,173,191,19,0,0,0,67,47,0,0,strafe_left
0,4,162,278,329,549,382,360,621,233,0,0,0,35,237,226,218,103,58,67,126,134,0,0,0,0,108,103,0,0,0,0,19,0,0,0,0,0,0,0,0,0,0,0,0,0,0,0,0,0,0,0,0,0,0,0,0,0,0,0,0,0,0,0,0,0,0,0,12,8,0,0,0,0,107,34,0,0,0,6,67,105,0,0,0,0,42,40,0,0,0,0,4,0,0,0,strafe_left
0,0,0,0,0,0,0,0,10,0,0,0,15,0,8,0,0,0,0,0,11,49,0,0,0,0,112,71,0,0,0,0,119,145,0,18,0,0,17,48,0,0,0,35,96,250,0,0,0,0,107,204,219,318,281,313,527,220,100,0,0,0,79,121,147,98,108,19,151,88,0,0,0,37,118,102,0,0,0,0,74,0,0,0,0,0,19,0,0,0,0,0,0,0,0,0,strafe_right
0,0,0,0,0,0,0,0,19,0,0,0,15,0,8,0,0,0,0,0,17,56,0,0,0,0,124,83,0,0,0,0,130,163,0,29,0,0,13,50,0,0,0,34,109,315,0,0,0,0,82,152,156,227,224,250,449,208,102,0,0,0,77,102,126,84,96,17,148,93,0,0,0,34,113,104,0,0,0,0,83,0,0,0,0,0,31,0,0,0,0,0,0,0,0,0,strafe_right
0,0,0,0,0,0,0,0,28,8,0,0,6,0,0,0,0,0,0,0,29,86,0,0,0,0,85,62,0,0,0,0,152,202,17,64,0,0,8,34,0,0,0,39,126,413,6,0,0,0,43,81,78,170,175,211,397,218,130,0,0,0,73,91,95,63,99,35,160,119,0,0,0,24,101,88,0,0,0,0,112,18,0,0,0,0,38,3,0,0,0,0,0,0,0,0,strafe_right
0,0,0,0,0,0,0,0,22,0,0,0,0,0,10,0,0,0,0,0,33,95,0,0,0,0,108,72,0,0,0,0,167,208,20,72,0,0,16,51,0,0,0,50,134,421,13,0,0,0,51,98,96,188,189,224,414,206,107,0,0,0,73,93,98,65,100,33,157,110,0,0,0,26,102,83,0,0,0,0,91,7,0,0,0,0,29,0,0,0,0,0,0,0,0,0,strafe_right
0,0,0,0,0,0,0,0,33,0,0,0,0,0,22,0,0,0,0,3,36,102,0,0,0,0,129,91,0,0,0,0,172,215,23,59,0,0,20,59,0,0,0,45,126,378,7,0,0,0,100,165,156,235,213,242,393,170,81,0,0,0,83,115,119,68,83,16,127,73,0,0,0,51,129,121,0,0,0,0,68,0,0,0,0,0,43,0,0,0,0,0,0,0,0,0,strafe_right
0,0,0,0,0,0,0,0,45,13,0,0,4,0,57,25,0,0,0,3,34,90,0,0,0,0,176,121,9,0,0,0,149,180,15,23,0,0,24,77,4,0,0,30,99,261,0,0,0,0,195,263,222,241,208,202,299,120,31,0,0,35,137,156,137,63,62,0,96,34,0,0,0,142,198,161,0,0,0,0,56,0,0,0,0,0,70,6,0,0,0,0,0,0,0,0,strafe_right
0,0,0,0,0,0,0,0,35,0,0,0,0,0,79,38,0,0,0,0,31,81,0,0,0,14,202,140,12,0,0,0,139,153,11,6,0,0,48,104,21,0,0,40,94,208,0,0,0,0,222,285,216,210,174,165,240,93,15,0,0,73,173,173,140,54,53,0,84,27,0,0,0,190,219,184,0,0,0,0,55,0,0,0,0,0,106,9,0,0,0,0,0,0,0,0,strafe_right
0,0,0,0,0,0,0,0,35,0,0,0,0,12,139,70,0,0,0,0,25,67,0,0,0,76,290,190,29,6,0,0,123,125,0,0,0,11,86,117,16,0,0,27,77,164,0,0,0,15,285,328,209,148,126,114,171,50,0,0,0,158,272,212,122,18,21,0,57,0,0,0,0,298,299,243,0,0,0,0,43,0,0,0,0,25,133,18,0,0,0,0,0,0,0,0,strafe_right
0,0,0,0,0,0,0,0,36,0,0,0,0,54,194,94,0,0,0,0,15,52,0,0,0,108,351,214,12,0,0,0,83,73,0,0,0,58,139,137,14,0,0,23,63,103,0,0,0,27,330,344,188,122,102,96,145,29,0,0,0,215,343,243,118,13,21,0,53,0,0,0,0,373,338,266,0,0,0,0,46,0,0,0,0,72,168,27,0,0,0,0,0,0,0,0,strafe_right
0,5,43,38,0,0,0,0,57,7,0,0,0,280,547,308,72,0,0,32,56,86,0,0,0,459,781,455,82,0,0,0,117,103,0,0,0,205,314,246,16,0,0,21,29,50,0,0,0,0,141,121,41,47,48,62,130,34,0,0,0,58,166,151,53,0,0,0,56,0,0,0,0,228,236,184,0,0,0,0,58,0,0,0,0,32,162,53,0,0,0,0,0,0,0,0,backward
0,8,46,53,0,0,0,5,70,20,0,0,0,290,567,324,77,0,0,40,72,96,0,0,0,464,805,474,88,0,0,0,134,109,0,0,0,185,294,246,18,0,0,28,33,41,0,0,0,0,47,0,0,0,0,4,51,3,0,0,0,50,193,133,0,0,0,0,52,25,0,0,0,399,320,262,17,0,0,0,112,34,0,0,0,263,383,247,0,0,0,0,0,0,0,0,backward
0,0,42,44,0,0,0,0,61,16,0,0,0,323,600,345,86,0,0,49,69,92,0,0,0,517,844,493,92,0,0,0,139,109,0,0,0,201,298,243,9,0,0,17,21,23,0,0,0,0,53,0,0,0,0,9,54,3,0,0,0,59,204,143,5,0,0,0,49,24,0,0,0,409,326,278,20,0,0,0,113,30,0,0,0,273,382,227,0,0,0,0,0,0,0,0,backward
0,15,57,61,0,0,0,18,84,30,0,0,0,333,616,356,92,0,0,51,64,83,0,0,0,531,875,496,78,0,0,0,113,87,0,0,0,211,316,248,5,0,0,16,22,18,0,0,0,0,59,4,0,0,4,16,61,8,0,0,0,66,212,147,7,0,0,0,44,13,0,0,0,411,319,269,13,0,0,0,96,20,0,0,0,256,368,226,0,0,0,0,0,0,0,0,backward
0,0,0,0,0,0,0,0,22,0,0,0,0,208,451,229,0,0,0,36,46,69,0,0,0,465,801,451,69,0,0,0,131,98,0,0,0,251,320,277,27,0,0,40,59,86,0,0,0,0,116,56,0,5,8,32,82,16,0,0,0,103,263,195,49,0,10,0,71,32,0,0,0,439,342,290,20,0,0,0,109,10,0,0,0,214,334,177,0,0,0,0,0,0,0,0,backward
0,0,0,0,0,0,0,0,9,0,0,0,0,251,485,232,0,0,0,34,41,48,0,0,0,509,814,454,53,0,0,0,134,84,0,0,0,287,332,269,13,0,0,48,60,38,0,0,0,0,173,101,0,10,11,36,75,0,0,0,0,177,308,214,50,0,12,0,54,0,0,0,0,495,373,313,12,0,0,0,53,0,0,0,0,242,334,131,0,0,0,0,0,0,0,0,backward
0,0,22,0,0,0,0,0,29,0,0,0,0,277,511,251,0,0,0,31,29,24,0,0,0,495,754,417,28,0,0,0,107,61,0,0,0,230,240,202,0,0,0,34,43,15,0,0,0,21,263,159,0,10,18,36,61,0,0,0,0,288,417,256,12,0,14,0,27,0,0,0,0,554,416,322,0,0,0,0,13,0,0,0,0,232,276,55,0,0,0,0,0,0,0,0,backward
0,77,97,81,0,0,0,14,75,0,0,0,0,380,655,354,70,0,0,41,60,56,0,0,0,613,897,515,61,0,0,0,106,71,0,0,0,166,238,199,0,0,0,16,29,15,0,0,0,7,206,116,0,0,0,22,53,0,0,0,0,195,317,212,3,0,13,0,28,0,0,0,0,445,376,259,0,0,0,0,9,0,0,0,0,152,222,42,0,0,0,0,0,0,0,0,backward
0,0,0,0,0,0,0,31,138,89,0,20,0,0,66,46,0,0,14,68,129,263,100,9,0,0,171,130,31,8,0,0,243,353,55,222,0,0,0,56,0,0,0,29,104,346,0,0,0,0,0,0,0,0,16,53,133,85,102,0,0,0,59,67,6,0,22,18,126,121,0,0,0,66,130,97,0,0,0,0,232,87,0,0,0,3,93,74,0,0,0,0,0,0,0,0,forward
0,0,0,0,0,0,0,61,214,140,0,30,0,0,3,0,0,0,0,62,147,346,122,11,0,0,36,34,0,0,0,0,194,279,36,156,0,0,0,0,0,0,0,0,65,142,0,0,0,0,0,0,0,0,9,31,103,78,114,0,0,0,10,6,0,0,13,14,149,165,0,0,0,0,85,40,0,0,0,0,393,165,0,90,0,0,35,29,0,0,0,0,33,41,0,0,forward
0,0,0,0,0,15,24,80,298,196,0,21,0,0,13,4,6,0,12,90,170,349,117,12,0,0,13,12,0,0,0,0,104,124,0,18,0,0,0,0,0,0,0,0,15,31,0,0,0,0,0,0,0,0,14,33,105,77,123,0,0,0,16,6,0,0,16,17,150,170,11,0,0,0,87,38,0,0,0,0,448,192,7,98,0,0,40,34,0,0,0,0,55,56,0,0,forward
0,0,0,0,0,5,19,70,314,190,0,0,0,0,3,0,0,0,0,75,171,350,116,4,0,0,9,6,0,0,0,0,119,147,0,16,0,0,0,0,0,0,0,0,25,47,0,0,0,0,0,0,0,0,18,56,151,118,145,0,0,0,23,28,0,0,35,30,174,194,24,0,0,0,93,57,0,0,0,0,403,163,0,35,0,0,22,13,0,0,0,0,15,18,0,0,forward
0,0,0,0,0,0,0,33,187,104,0,0,0,0,124,78,40,0,15,73,147,285,102,0,0,0,168,114,34,0,0,0,173,227,33,81,0,0,0,44,0,0,0,0,54,123,0,0,0,0,0,22,0,69,68,119,208,96,66,0,0,0,69,70,48,26,56,29,133,94,0,0,0,56,120,86,0,0,0,0,115,29,0,0,0,0,63,23,0,0,0,0,0,0,0,0,forward
0,0,0,41,0,39,30,72,280,163,0,0,0,15,254,171,109,42,38,94,160,297,101,8,0,17,250,197,85,37,0,0,137,133,0,0,0,0,0,47,0,0,0,0,7,26,0,0,0,0,23,13,0,12,17,45,100,33,15,0,5,0,74,62,10,0,9,0,67,49,0,0,0,147,168,123,0,0,0,0,113,30,0,0,0,10,139,74,0,0,0,0,0,0,0,0,forward
0,63,130,119,0,0,0,13,85,32,0,0,0,479,735,483,136,6,21,86,108,112,0,0,0,695,1055,661,131,37,0,22,135,107,0,0,0,411,396,305,0,0,0,41,48,56,0,0,0,0,0,0,0,0,0,30,72,10,0,0,0,7,186,247,53,0,12,0,66,39,0,0,0,25,157,91,0,0,0,0,42,0,0,0,0,81,157,64,0,0,0,0,0,0,0,0,backward
0,54,118,122,0,4,0,29,101,52,0,0,0,429,718,471,139,0,15,78,100,114,0,0,0,647,1040,654,130,43,0,22,152,119,0,0,0,390,400,321,19,0,0,59,68,90,0,0,0,0,0,0,0,0,0,31,71,9,0,0,0,6,208,253,46,0,5,0,54,27,0,0,0,36,169,101,0,0,0,0,45,0,0,0,0,126,182,73,0,0,0,0,0,0,0,0,backward
0,46,114,117,0,0,0,18,89,42,0,0,0,431,740,480,146,16,38,108,126,142,0,0,0,660,1052,665,147,58,0,25,159,128,0,0,0,395,393,331,22,0,0,54,65,98,0,0,0,0,0,0,0,0,0,21,62,0,0,0,0,16,220,258,46,0,4,0,54,23,0,0,0,53,178,103,0,0,0,0,35,0,0,0,0,135,186,60,0,0,0,0,0,0,0,0,backward
0,63,87,61,0,0,0,0,25,0,0,0,0,514,758,438,91,0,13,72,73,76,0,0,0,776,1162,684,107,13,0,15,126,95,0,0,0,548,453,343,12,0,0,59,66,69,0,0,0,0,5,0,0,0,0,26,60,0,0,0,0,63,301,351,72,0,4,0,46,0,0,0,0,84,222,138,0,0,0,0,15,0,0,0,0,197,236,79,0,0,0,0,0,0,0,0,backward
0,4,0,0,0,0,0,0,0,0,0,0,0,368,520,260,0,0,0,31,30,22,0,0,0,595,870,461,46,0,0,0,85,58,0,0,0,466,341,248,0,0,0,37,49,27,0,0,0,0,108,39,0,9,0,37,68,0,0,0,0,352,596,603,114,0,20,0,12,0,0,0,0,303,417,267,0,0,0,0,0,0,0,0,0,306,329,96,0,0,0,0,0,0,0,0,backward
0,0,0,0,0,0,0,0,0,0,0,0,0,266,414,197,0,0,0,24,23,15,0,0,0,477,730,392,35,0,0,0,84,55,0,0,0,377,266,205,0,0,0,28,41,19,0,0,0,0,139,56,16,21,0,44,74,0,0,0,0,409,687,673,128,0,28,0,16,0,0,0,0,360,469,289,0,0,0,0,0,0,0,0,0,349,354,100,0,0,0,0,0,0,0,0,backward
0,42,44,26,0,0,0,0,20,0,0,0,0,427,597,317,56,0,0,43,49,42,0,0,0,602,842,468,48,0,0,0,90,62,0,0,0,322,254,180,0,0,0,24,28,9,0,0,0,0,55,15,0,0,0,28,52,0,0,0,0,277,559,548,84,0,27,0,31,0,0,0,0,327,430,280,0,0,0,0,0,0,0,0,0,378,389,155,0,0,0,0,0,0,0,0,backward
0,63,77,66,0,0,0,7,59,14,0,0,0,451,670,386,108,0,13,62,67,79,0,0,0,658,987,550,78,0,0,0,96,76,0,0,0,412,360,253,0,0,0,30,32,31,0,0,0,0,21,0,0,0,0,24,55,0,0,0,0,165,416,442,82,0,20,0,53,0,0,0,0,183,318,195,0,0,0,0,13,0,0,0,0,256,298,101,0,0,0,0,0,0,0,0,backward
0,71,96,101,0,0,0,14,90,38,0,0,0,498,739,462,135,14,29,81,97,117,0,0,0,725,1062,626,117,33,0,0,121,94,0,0,0,421,392,290,0,0,0,19,27,48,0,0,0,0,0,0,0,0,0,28,62,0,0,0,0,68,280,333,69,0,17,0,68,6,0,0,0,60,182,107,0,0,0,0,28,0,0,0,0,163,205,76,0,0,0,0,0,0,0,0,backward
0,69,102,107,0,0,0,16,93,38,0,0,0,493,746,474,143,14,29,86,103,118,0,0,0,709,1063,630,117,39,0,0,121,102,0,0,0,419,398,298,0,0,0,29,30,57,0,0,0,0,0,0,0,0,0,35,68,0,0,0,0,56,259,329,73,0,23,0,66,3,0,0,0,57,174,109,0,0,0,0,26,0,0,0,0,138,183,66,0,0,0,0,0,0,0,0,backward
0,67,97,106,0,0,0,22,101,43,0,0,0,475,736,474,147,22,36,99,109,129,0,0,0,663,1013,617,121,38,0,15,138,108,0,0,0,361,352,288,6,0,0,40,38,50,0,0,0,0,0,0,0,0,0,40,83,15,0,0,0,32,211,264,52,0,13,0,62,19,0,0,0,38,169,110,0,0,0,0,37,0,0,0,0,147,197,84,0,0,0,0,0,0,0,0,backward
0,0,0,0,0,0,0,40,174,129,51,10,0,0,46,31,5,0,12,85,161,328,129,25,0,0,108,72,0,0,0,6,196,305,67,132,0,0,0,18,0,0,0,0,60,258,0,0,0,0,0,0,0,28,29,162,345,323,290,69,0,0,45,124,20,29,95,64,244,268,45,23,0,0,89,44,0,0,0,0,178,96,0,29,0,0,50,0,0,0,0,0,0,0,0,0,forward
0,0,0,0,0,7,15,52,200,174,89,25,0,0,55,43,21,4,26,106,184,392,161,31,0,0,88,71,0,0,0,0,214,340,75,171,0,0,0,15,0,0,0,0,69,287,0,0,0,0,0,0,0,0,0,104,220,198,208,39,0,0,26,60,0,0,30,24,144,157,0,0,0,0,69,26,0,0,0,0,134,64,0,0,0,0,49,0,0,0,0,0,0,0,0,0,forward
0,0,0,0,0,0,0,28,155,126,52,4,0,0,56,38,6,0,15,85,163,353,141,29,0,0,127,93,17,15,0,18,250,434,114,250,0,0,0,60,0,0,0,28,89,360,0,0,0,0,0,0,0,0,0,100,223,195,203,33,0,0,26,77,0,0,32,26,149,161,0,0,0,0,77,29,0,0,0,0,141,68,0,9,0,0,50,0,0,0,0,0,0,0,0,0,forward
0,0,0,0,0,0,0,47,168,133,72,27,0,0,0,0,0,0,0,49,126,285,97,3,0,0,19,14,0,0,0,0,167,264,64,130,0,0,0,0,0,0,0,0,50,209,0,0,0,0,0,0,0,0,0,131,285,330,321,134,0,0,21,30,0,0,59,59,243,305,109,147,0,0,59,27,0,0,0,0,292,153,21,222,0,0,22,0,0,0,0,0,6,25,0,0,forward
0,0,0,0,0,0,0,31,164,131,67,24,0,0,0,0,0,0,0,65,139,331,137,37,0,0,27,24,0,0,0,0,199,308,85,208,0,0,0,0,0,0,0,0,48,222,0,0,0,0,0,0,0,0,0,120,270,312,304,118,0,0,16,20,0,0,44,47,225,282,92,107,0,0,37,15,0,0,0,0,267,139,9,150,0,0,4,0,0,0,0,0,0,19,0,0,forward
0,0,0,0,0,0,0,37,169,133,82,27,0,0,0,0,0,0,0,81,166,393,159,41,0,0,24,21,0,0,0,0,212,339,96,234,0,0,0,0,0,0,0,0,52,238,0,0,0,0,0,0,0,0,0,107,259,291,285,105,0,0,12,0,0,0,26,35,201,257,71,79,0,0,10,0,0,0,0,0,239,124,5,126,0,0,0,0,0,0,0,0,0,16,0,0,forward
0,0,0,0,0,0,8,57,192,161,97,36,0,0,0,0,0,0,0,75,170,403,172,47,0,0,7,10,0,0,0,0,220,365,106,237,0,0,0,0,0,0,0,5,56,256,0,0,0,0,0,0,0,0,0,110,255,263,261,84,0,0,16,23,0,0,36,39,197,238,58,61,0,0,44,11,0,0,0,0,228,112,3,111,0,0,5,0,0,0,0,0,0,11,0,0,forward
0,0,0,0,0,0,0,44,167,150,87,22,0,0,0,0,0,0,0,65,171,399,174,35,0,0,0,8,0,0,0,0,208,335,94,174,0,0,0,0,0,0,0,0,60,257,0,0,0,0,0,0,0,0,4,134,289,320,302,96,0,0,17,37,0,5,48,47,232,281,79,71,0,0,51,11,0,0,0,0,221,115,0,91,0,0,4,0,0,0,0,0,0,7,0,0,forward
0,0,0,11,0,0,0,4,28,0,0,0,0,142,357,238,57,0,0,0,40,64,8,0,0,402,537,341,70,14,0,4,69,78,0,0,0,255,242,180,0,0,0,0,0,0,0,0,0,0,142,55,18,38,9,74,116,12,0,0,0,313,638,667,163,28,48,8,47,0,0,0,0,287,405,340,9,0,0,0,21,0,0,0,0,421,454,113,0,0,0,0,0,0,0,0,backward
0,0,0,0,0,0,0,23,37,0,0,0,0,72,201,127,7,0,0,0,8,24,0,0,0,226,347,205,10,0,0,0,32,34,0,0,0,157,149,120,0,0,0,0,0,0,0,0,0,0,174,86,39,58,12,93,166,52,0,0,0,352,747,747,196,60,84,32,101,36,0,0,0,367,459,446,18,0,0,0,51,0,0,0,0,577,589,235,0,0,0,0,0,0,0,0,backward
0,0,0,0,0,0,0,8,25,0,0,0,0,81,208,135,17,0,0,3,28,41,0,0,0,247,357,209,12,0,0,0,14,21,0,0,0,154,140,105,0,0,0,0,0,0,0,0,0,0,198,82,23,31,0,68,107,0,0,0,0,492,867,780,138,6,50,22,46,0,0,0,0,497,540,510,0,0,0,0,18,0,0,0,0,632,627,209,0,0,0,0,0,0,0,0,backward
0,0,0,14,0,0,0,0,23,0,0,0,0,171,384,247,61,0,0,0,27,35,0,0,0,434,559,339,56,0,0,6,44,48,0,0,0,262,244,171,0,0,0,0,0,0,0,0,0,23,192,68,4,9,0,47,69,0,0,0,0,542,806,697,52,0,29,8,0,0,0,0,0,453,478,375,0,0,0,0,7,0,0,0,0,541,484,119,0,0,0,0,0,0,0,0,backward
0,0,0,15,0,0,0,0,27,0,0,0,0,189,405,257,67,0,0,0,28,32,0,0,0,467,589,357,59,4,0,9,41,44,0,0,0,309,266,186,0,0,0,0,0,0,0,0,0,17,177,61,0,6,0,43,71,0,0,0,0,498,776,686,58,0,28,7,0,0,0,0,0,433,464,375,0,0,0,0,6,0,0,0,0,531,484,122,0,0,0,0,0,0,0,0,backward
0,0,3,26,0,0,0,10,32,0,0,0,0,192,421,265,70,0,0,8,38,48,0,0,0,455,596,359,59,3,0,0,38,39,0,0,0,317,268,191,0,0,0,0,0,0,0,0,0,0,141,43,0,0,0,32,64,0,0,0,0,453,735,661,69,0,30,11,6,0,0,0,0,423,462,385,0,0,0,0,9,0,0,0,0,566,525,143,0,0,0,0,0,0,0,0,backward
0,0,0,15,0,0,0,8,26,0,0,0,0,144,362,241,68,0,4,10,41,51,0,0,0,411,551,330,56,0,0,0,44,36,0,0,0,292,246,179,0,0,0,0,0,0,0,0,0,0,149,52,0,6,0,44,78,0,0,0,0,440,751,687,105,0,37,15,29,0,0,0,0,413,474,410,0,0,0,0,10,0,0,0,0,571,540,159,0,0,0,0,0,0,0,0,backward
0,0,0,16,0,0,0,0,13,0,0,0,0,142,376,241,56,0,0,0,42,57,0,0,0,421,572,340,63,11,0,0,73,68,0,0,0,313,272,205,6,0,0,17,19,0,0,0,0,0,70,24,0,37,0,79,131,41,0,0,0,153,447,550,153,48,63,29,89,41,0,0,0,128,287,306,14,0,0,0,49,0,0,0,0,313,393,176,0,0,0,0,0,0,0,0,backward
0,0,0,11,0,0,0,0,19,0,0,0,0,139,396,252,65,0,0,6,47,68,0,0,0,426,590,353,70,19,0,0,77,72,0,0,0,313,279,220,13,0,0,17,21,3,0,0,0,0,54,18,6,48,6,94,154,64,0,0,0,116,391,502,152,53,67,31,99,63,0,0,0,74,234,237,23,0,0,0,67,6,0,0,0,242,325,151,0,0,0,0,0,0,0,0,backward
0,0,0,118,74,113,80,108,352,160,0,0,0,58,241,195,133,54,36,25,98,110,13,0,0,54,234,163,19,0,0,0,19,20,0,0,0,0,0,9,0,0,0,0,0,0,0,0,0,0,0,0,0,0,0,0,32,0,0,0,0,0,61,29,0,0,0,0,40,55,0,0,0,16,248,153,0,0,0,0,214,116,38,61,0,589,565,400,128,0,0,0,102,177,0,0,strafe_left
0,0,0,135,103,147,104,141,407,185,0,0,0,50,236,196,145,61,35,22,95,110,14,0,0,49,232,173,30,7,0,0,22,25,0,0,0,0,0,0,0,0,0,0,0,0,0,0,0,0,0,0,0,0,0,0,29,0,0,0,0,0,60,23,0,0,0,0,43,53,0,0,0,14,237,139,0,0,0,0,211,111,31,52,0,571,560,379,123,0,0,0,96,178,0,0,strafe_left
0,0,31,163,125,167,122,148,411,194,0,0,0,54,243,196,143,51,21,3,72,77,0,0,0,53,245,175,23,0,0,0,16,20,0,0,0,0,3,10,0,0,0,0,0,0,0,0,0,0,0,0,0,0,0,0,22,0,0,0,0,0,58,23,0,0,0,0,40,48,0,0,0,26,247,151,0,0,0,0,215,113,37,52,0,596,576,390,119,0,0,0,94,164,0,0,strafe_left
0,0,14,155,113,155,106,139,412,178,0,0,0,75,271,224,160,63,34,12,82,92,0,0,0,89,266,188,34,4,0,0,21,18,0,0,0,0,0,4,0,0,0,0,0,0,0,0,0,0,0,0,0,0,0,0,23,0,0,0,0,0,63,26,0,0,0,0,37,45,0,0,0,22,243,147,0,0,0,0,199,101,28,34,0,601,576,387,111,0,0,0,92,157,0,0,strafe_left
0,0,23,165,119,156,110,142,405,177,0,0,0,91,299,245,172,72,43,19,87,98,6,0,0,105,277,197,30,0,0,0,16,11,0,0,0,0,0,10,0,0,0,0,0,0,0,0,0,0,0,0,0,0,0,0,27,0,0,0,0,0,62,21,0,0,0,0,32,38,0,0,0,21,243,145,0,0,0,0,197,97,26,22,0,599,578,380,101,0,0,0,86,144,0,0,strafe_left
0,0,23,172,107,130,78,115,379,158,0,0,0,117,344,279,176,66,30,14,93,102,6,0,0,144,342,236,53,17,0,13,41,45,0,0,0,0,25,28,0,0,0,0,0,0,0,0,0,0,0,0,0,0,0,0,21,0,0,0,0,0,68,23,0,0,0,0,35,37,0,0,0,28,247,146,0,0,0,0,181,80,16,0,0,607,562,354,78,0,0,0,70,120,0,0,strafe_left
0,10,61,210,135,151,99,125,376,141,0,0,0,132,366,297,184,56,21,5,76,81,0,0,0,185,371,256,44,0,0,5,31,24,0,0,0,0,28,30,0,0,0,0,0,0,0,0,0,0,0,0,0,0,0,0,13,0,0,0,0,0,69,16,0,0,0,0,25,22,0,0,0,53,242,140,0,0,0,0,160,72,16,0,0,676,583,361,46,0,0,0,65,96,0,0,strafe_left
0,12,58,209,135,151,98,127,385,153,0,0,0,158,384,315,200,72,37,18,86,91,0,0,0,212,371,261,46,0,0,0,26,16,0,0,0,0,19,21,0,0,0,0,0,0,0,0,0,0,0,0,0,0,0,0,23,0,0,0,0,0,72,18,0,0,0,0,27,23,0,0,0,54,243,135,0,0,0,0,158,73,10,0,0,689,580,371,50,0,0,0,67,96,0,0,strafe_left
0,38,76,225,149,158,103,127,381,141,0,0,0,157,384,308,187,56,20,0,74,80,0,0,0,216,382,266,47,0,0,5,31,23,0,0,0,0,30,33,0,0,0,0,0,0,0,0,0,0,0,0,0,0,0,0,16,0,0,0,0,0,71,14,0,0,0,0,27,23,0,0,0,53,246,139,0,0,0,0,160,75,15,0,0,710,597,371,53,0,0,0,66,97,0,0,strafe_left
0,0,19,128,45,47,31,64,218,107,0,0,0,151,389,306,161,48,25,27,87,109,11,0,0,337,463,315,79,26,0,12,47,48,0,0,0,52,95,97,0,0,0,0,0,0,0,0,0,0,0,0,0,0,0,0,25,0,0,0,0,0,89,57,0,0,0,0,37,38,0,0,0,66,251,147,0,0,0,0,165,75,11,0,0,687,583,375,59,0,0,0,59,87,0,0,strafe_left
0,0,0,0,0,0,0,3,23,0,0,0,0,7,115,103,0,0,0,7,64,129,82,0,0,173,418,287,83,45,0,23,218,306,16,102,0,148,275,311,116,4,0,91,215,593,47,31,0,0,49,29,66,111,64,108,150,18,0,0,0,44,229,470,156,43,85,16,60,0,0,0,0,15,130,69,0,0,0,0,0,0,0,0,0,31,127,0,0,0,0,0,0,0,0,0,strafe_right
0,0,0,0,0,0,0,4,23,0,0,0,0,15,123,106,0,0,0,9,63,129,74,0,0,180,421,289,81,50,0,29,215,288,19,97,0,139,268,300,102,0,0,68,192,559,30,13,0,0,49,26,64,106,59,104,150,18,0,0,0,48,232,474,163,49,92,20,64,0,0,0,0,15,131,71,0,0,0,0,0,0,0,0,0,26,124,0,0,0,0,0,0,0,0,0,strafe_right
0,0,0,0,0,0,0,20,35,0,0,0,0,26,130,110,0,0,0,7,59,113,58,0,0,165,408,278,64,29,0,10,186,263,5,74,0,157,265,297,101,0,0,76,191,506,28,13,0,0,55,30,77,119,69,111,155,24,0,0,0,65,257,501,167,53,95,23,64,0,0,0,0,16,136,80,0,0,0,0,0,0,0,0,0,33,133,0,0,0,0,0,0,0,0,0,strafe_right
0,0,0,0,0,0,0,16,26,0,0,0,0,16,127,102,0,0,0,0,48,103,52,0,0,193,428,288,72,34,0,11,172,239,0,58,0,180,278,299,102,0,0,76,185,452,20,7,0,0,65,35,81,120,71,112,157,26,0,0,0,76,269,510,170,51,92,18,59,0,0,0,0,27,144,83,0,0,0,0,0,0,0,0,0,42,143,0,0,0,0,0,0,0,0,0,strafe_right
0,0,0,0,0,0,0,20,31,0,0,0,0,32,148,120,0,0,0,5,53,102,48,0,0,189,446,294,68,27,0,9,170,226,0,56,0,180,291,300,100,0,0,71,171,412,6,0,0,0,70,39,86,123,74,112,153,19,0,0,0,88,284,535,174,53,96,21,61,0,0,0,0,31,155,88,0,0,0,0,0,0,0,0,0,41,148,0,0,0,0,0,0,0,0,0,strafe_right
0,0,0,0,0,0,0,14,22,0,0,0,0,23,144,111,0,0,0,0,42,88,37,0,0,223,469,310,72,29,0,15,168,212,0,48,0,195,317,316,104,0,0,77,180,432,15,7,0,0,73,40,92,123,74,112,153,19,0,0,0,100,293,547,174,49,87,16,52,0,0,0,0,35,156,88,0,0,0,0,0,0,0,0,0,50,155,0,0,0,0,0,0,0,0,0,strafe_right
0,0,0,0,0,0,0,5,8,0,0,0,0,35,140,106,0,0,0,9,53,98,44,0,0,214,453,290,55,10,0,3,149,178,0,39,0,193,313,299,91,0,0,68,171,423,3,0,0,0,86,45,102,129,75,114,159,15,0,0,0,114,316,554,187,59,92,16,55,0,0,0,0,42,177,104,0,0,0,0,0,0,0,0,0,52,158,0,0,0,0,0,0,0,0,0,strafe_right
0,0,0,0,0,0,0,0,0,0,0,0,0,16,117,82,0,0,0,0,24,66,20,0,0,211,452,286,56,8,0,11,146,176,0,39,0,209,318,293,95,0,0,70,172,357,0,3,0,0,102,58,126,137,91,125,165,18,0,0,0,140,340,573,187,58,92,15,47,0,0,0,0,42,182,108,0,0,0,0,0,0,0,0,0,69,167,0,0,0,0,0,0,0,0,0,strafe_right
0,0,0,0,0,0,0,0,0,0,0,0,0,26,117,76,0,0,0,0,30,60,10,0,0,232,460,286,60,14,0,22,144,157,0,33,0,219,297,263,70,0,0,42,135,275,0,0,0,0,139,83,142,138,87,116,154,0,0,0,0,215,419,646,212,59,88,12,38,0,0,0,0,76,241,144,0,0,0,0,0,0,0,0,0,110,198,6,0,0,0,0,0,0,0,0,strafe_right
0,0,0,0,0,0,0,0,0,0,0,0,16,35,102,67,0,0,0,0,29,54,0,0,0,203,393,224,21,0,0,0,100,98,0,0,0,153,198,188,44,0,0,28,106,155,0,0,0,0,172,109,181,177,116,145,177,21,0,0,0,240,467,700,251,90,124,24,56,0,0,0,0,111,260,176,0,0,0,0,0,0,0,0,0,133,226,17,0,0,0,0,0,0,0,0,strafe_right
0,0,0,0,0,0,0,18,23,0,0,0,0,18,99,85,0,0,0,0,49,102,55,0,0,145,358,238,47,10,0,12,178,244,10,75,0,139,248,256,89,0,0,76,190,486,26,15,0,0,67,42,85,129,88,129,174,40,0,0,0,68,271,547,202,83,116,33,79,10,0,0,0,31,170,102,0,0,0,0,9,0,0,0,0,80,177,17,0,0,0,0,0,0,0,0,strafe_right
0,0,0,0,0,0,0,9,14,0,0,0,0,5,112,92,0,0,0,0,50,112,67,0,0,179,417,283,69,28,0,26,203,269,20,89,0,177,312,286,108,0,0,93,202,484,33,22,0,0,72,46,78,116,74,116,163,34,0,0,0,72,277,550,183,63,95,24,72,0,0,0,0,37,178,108,0,0,0,0,9,0,0,0,0,78,178,17,0,0,0,0,0,0,0,0,strafe_right
0,0,0,0,0,0,0,22,33,10,0,0,0,20,127,106,0,0,0,6,54,110,64,0,0,180,419,283,64,22,0,18,198,268,16,88,0,179,312,286,107,0,0,87,199,499,27,21,0,0,66,39,67,109,66,111,155,30,0,0,0,77,281,543,185,64,100,29,78,8,0,0,0,33,170,99,0,0,0,0,6,0,0,0,0,77,179,12,0,0,0,0,0,0,0,0,strafe_right
0,0,0,0,0,0,0,24,34,10,0,0,0,21,129,107,0,0,0,5,53,109,63,0,0,182,420,280,64,22,0,18,198,267,16,87,0,175,300,274,100,0,0,82,183,446,21,15,0,0,72,41,71,112,67,112,153,28,0,0,0,90,295,565,193,67,102,29,79,7,0,0,0,40,178,107,0,0,0,0,7,0,0,0,0,80,188,19,0,0,0,0,0,0,0,0,strafe_right
0,0,0,0,0,0,0,33,113,64,0,0,0,29,221,160,54,3,10,18,68,122,76,0,0,229,398,240,65,16,0,3,107,118,0,16,0,122,156,154,35,0,0,0,26,46,0,0,0,0,0,3,0,19,0,65,124,72,24,0,0,80,331,552,151,52,95,40,116,109,0,0,0,135,298,249,59,0,0,0,105,30,0,0,0,358,415,190,0,0,0,0,0,0,0,0,backward
0,0,0,0,0,0,0,30,86,40,0,0,0,24,213,136,22,0,0,0,29,67,27,0,0,260,407,242,55,0,0,0,89,86,0,0,0,147,156,139,18,0,0,0,23,26,0,0,0,0,15,13,0,35,0,70,131,76,22,0,0,123,367,576,168,63,112,48,113,99,0,0,0,181,317,265,56,0,0,0,86,15,0,0,0,415,440,201,0,0,0,0,0,0,0,0,backward
0,0,0,0,0,0,0,16,65,19,0,0,0,47,246,157,33,0,0,6,38,70,18,0,0,289,429,246,42,0,0,0,61,60,0,0,0,162,159,127,0,0,0,0,6,0,0,0,0,0,43,18,0,43,4,75,135,73,11,0,0,173,433,634,184,70,109,42,102,81,0,0,0,204,356,301,60,0,0,0,73,16,0,0,0,427,444,201,0,0,0,0,0,0,0,0,backward
0,0,0,0,0,0,0,10,49,0,0,0,0,37,228,132,9,0,0,0,19,48,0,0,0,277,412,230,33,0,0,0,59,62,0,0,0,166,156,130,0,0,0,0,13,0,0,0,0,0,60,28,0,54,12,79,139,71,6,0,0,215,467,655,200,78,109,43,102,72,0,0,0,225,373,311,54,0,0,0,55,5,0,0,0,438,462,198,0,0,0,0,0,0,0,0,backward
0,0,0,0,0,0,0,19,54,6,0,0,0,87,270,158,21,0,0,0,23,41,0,0,0,307,434,233,20,0,0,0,39,45,0,0,0,189,173,132,0,0,0,0,3,0,0,0,0,0,71,31,0,33,0,59,98,11,0,0,0,331,611,715,174,43,68,28,80,26,0,0,0,360,461,369,22,0,0,0,31,0,0,0,0,501,548,215,0,0,0,0,0,0,0,0,backward
0,0,0,0,0,0,0,23,49,0,0,0,0,76,265,150,6,0,0,0,11,27,0,0,0,338,463,253,29,0,0,0,47,51,0,0,0,205,188,141,0,0,0,0,4,0,0,0,0,0,63,30,0,30,0,56,96,14,0,0,0,324,612,712,166,42,66,27,80,29,0,0,0,370,467,370,26,0,0,0,38,0,0,0,0,513,574,223,0,0,0,0,0,0,0,0,backward
0,0,0,0,0,0,0,19,46,0,0,0,0,61,251,145,8,0,0,0,14,28,0,0,0,331,455,251,31,0,0,0,53,57,0,0,0,202,188,140,0,0,0,0,7,0,0,0,0,0,57,35,0,45,0,72,125,40,0,0,0,297,554,699,186,59,80,28,87,50,0,0,0,303,435,358,48,0,0,0,57,3,0,0,0,493,555,217,0,0,0,0,0,0,0,0,backward
0,0,0,0,0,0,0,31,72,28,0,0,0,64,268,164,31,0,0,0,34,63,10,0,0,320,463,265,49,6,0,0,81,86,0,0,0,205,203,172,15,0,0,0,19,19,0,0,0,0,27,25,0,59,15,89,146,81,12,0,0,111,365,573,180,71,107,40,112,92,0,0,0,117,292,252,60,0,0,0,74,11,0,0,0,290,372,163,0,0,0,0,0,0,0,0,backward
0,0,0,0,0,0,0,23,88,36,0,0,0,67,296,198,62,0,10,24,70,106,53,0,0,354,496,311,84,29,0,12,115,109,0,5,0,226,226,191,30,0,0,3,24,30,0,0,0,0,4,16,0,51,9,89,144,85,12,0,0,74,309,549,171,75,112,48,126,111,0,0,0,83,254,218,52,0,0,0,80,14,0,0,0,252,320,140,0,0,0,0,0,0,0,0,backward
0,0,0,0,0,0,0,25,92,38,0,0,0,70,316,207,66,0,7,24,71,108,55,0,0,366,515,317,88,30,0,15,117,111,0,7,0,230,231,195,29,0,0,4,23,28,0,0,0,0,6,16,0,49,8,88,142,80,14,0,0,79,316,556,170,73,108,48,124,110,0,0,0,89,262,225,50,0,0,0,79,13,0,0,0,266,331,145,0,0,0,0,0,0,0,0,backward
0,0,0,3,0,0,0,29,95,42,0,0,0,85,338,225,80,10,18,29,73,111,53,0,0,378,519,314,78,18,0,3,107,100,0,0,0,251,239,203,37,0,0,11,30,35,0,0,0,0,5,16,0,46,3,84,141,79,15,0,0,84,315,547,164,69,102,45,124,108,0,0,0,89,262,220,46,0,0,0,78,11,0,0,0,281,342,152,0,0,0,0,0,0,0,0,backward
0,0,0,4,0,0,0,18,85,33,0,0,0,74,335,215,64,0,4,19,66,107,51,0,0,391,532,328,88,32,0,13,116,116,0,12,0,258,257,217,51,0,0,25,42,47,0,0,0,0,0,7,0,32,0,65,123,67,0,0,0,62,257,475,140,55,85,35,112,100,0,0,0,81,234,190,36,0,0,0,78,13,0,0,0,254,320,143,0,0,0,0,0,0,0,0,backward
0,107,103,4,0,0,0,0,0,0,0,0,14,66,90,45,0,0,0,0,4,0,0,0,0,0,0,0,0,0,0,0,0,0,0,0,0,0,0,0,0,0,0,0,0,0,0,0,0,0,0,0,0,0,0,0,0,0,0,0,0,0,83,24,0,0,0,0,0,0,0,0,0,94,141,73,0,0,0,0,0,0,0,0,0,59,98,34,0,0,0,0,0,0,0,0,backward
10,115,112,0,0,0,0,0,0,0,0,0,0,70,85,16,0,0,0,0,0,0,0,0,0,0,3,0,0,0,0,0,0,0,0,0,0,0,0,0,0,0,0,0,0,0,0,0,0,0,0,26,0,0,0,0,6,0,0,0,0,0,92,33,0,0,0,0,0,0,0,0,0,82,135,68,0,0,0,0,0,0,0,0,0,36,87,14,0,0,0,0,0,0,0,0,backward
0,0,0,0,0,0,0,20,0,0,0,0,33,37,49,0,0,0,0,0,6,0,0,0,58,77,112,0,0,0,0,0,0,0,0,0,28,26,0,0,0,0,0,0,0,0,0,0,0,0,0,0,0,0,0,11,15,0,0,0,0,57,289,67,0,0,0,0,23,0,0,0,0,69,53,0,0,0,0,0,0,0,0,0,0,0,21,0,0,0,0,0,0,0,0,0,backward
18,0,0,0,0,0,0,33,0,0,0,0,65,49,60,0,0,0,0,0,0,0,0,0,41,70,76,0,0,0,0,0,0,0,0,0,0,0,0,0,0,0,0,0,0,0,0,0,0,0,0,0,0,0,0,7,10,0,0,0,0,30,215,29,0,0,0,0,27,0,0,0,0,55,42,0,0,0,0,0,14,0,0,0,0,0,25,0,0,0,0,0,0,0,0,0,backward
11,13,22,0,41,0,7,159,92,0,0,0,21,17,39,0,0,0,0,0,9,0,0,0,0,0,0,0,0,0,0,0,0,0,0,0,0,0,0,0,0,0,0,0,0,0,0,0,0,0,0,0,0,0,0,0,0,0,0,0,0,0,62,0,0,0,0,0,17,0,0,0,0,0,20,0,0,0,0,0,54,14,0,0,0,0,25,16,0,0,0,0,0,0,0,0,strafe_left
0,0,0,0,4,0,8,202,130,0,0,0,28,0,11,0,0,0,0,0,42,0,0,0,0,0,0,0,0,0,0,0,0,0,0,0,0,0,0,0,0,0,0,0,0,0,0,0,0,0,0,0,0,0,0,0,0,0,0,0,0,0,58,0,0,0,0,0,19,0,0,0,0,0,15,0,0,0,0,0,63,18,0,0,0,0,18,15,0,0,0,0,0,0,0,0,strafe_left
0,0,0,0,0,0,0,0,0,0,0,0,10,0,0,0,0,0,0,0,0,0,0,0,0,0,36,0,0,0,0,0,0,0,0,0,0,0,0,0,0,0,0,0,85,0,0,0,18,0,0,0,0,0,0,15,20,0,0,0,0,5,143,0,0,0,0,0,0,0,0,0,0,0,17,0,0,0,0,0,0,0,0,0,0,0,0,0,0,0,0,0,0,0,0,0,strafe_right
0,0,0,0,0,0,0,0,0,0,0,0,0,0,31,0,0,0,0,0,0,0,0,0,0,0,23,31,0,0,0,0,3,0,0,0,0,0,0,0,0,0,0,0,186,60,0,0,24,0,0,0,0,0,3,6,27,0,0,0,0,0,56,0,0,0,0,0,0,0,0,0,0,0,0,0,0,0,0,0,0,0,0,0,0,0,0,0,0,0,0,0,0,0,0,0,strafe_right
0,0,0,0,0,0,0,0,0,0,0,0,0,0,39,0,0,0,0,0,0,0,0,0,0,0,50,56,0,0,0,0,0,0,0,0,0,0,0,0,0,0,0,0,179,52,0,0,17,0,0,0,0,0,0,0,12,0,0,0,0,0,35,0,0,0,0,0,0,0,0,0,0,0,0,0,0,0,0,0,0,0,0,0,0,0,0,0,0,0,0,0,0,0,0,0,strafe_right
0,0,0,0,0,0,0,0,0,0,0,0,0,0,28,0,0,0,0,0,0,0,0,0,0,0,9,16,0,0,0,0,0,0,0,0,0,0,0,0,0,0,0,0,121,45,0,0,19,0,3,0,0,0,9,29,55,0,0,0,0,0,36,0,0,0,0,0,0,0,0,0,0,0,0,0,0,0,0,0,0,0,0,0,0,0,0,0,0,0,0,0,0,0,0,0,strafe_right
0,0,0,0,0,0,0,0,0,0,0,0,0,0,0,0,0,0,0,0,23,53,0,0,0,0,0,0,0,0,0,0,39,17,0,0,0,0,0,0,0,0,0,0,76,32,0,0,0,0,0,0,0,0,0,42,84,45,0,0,0,0,0,0,0,0,0,0,25,0,0,0,0,0,0,0,0,0,0,0,52,0,0,0,0,0,0,0,0,0,0,0,0,0,0,0,forward
0,0,0,0,0,0,0,0,0,0,0,0,0,0,0,0,0,0,0,0,17,82,0,0,0,0,0,0,0,0,0,0,36,28,0,0,0,0,0,0,0,0,0,0,57,24,0,0,0,0,0,0,0,0,0,32,94,70,0,0,0,0,0,0,0,0,0,0,44,17,0,0,0,0,0,0,0,0,0,0,80,0,0,0,0,0,0,0,0,0,0,0,0,0,0,0,forward
0,0,7,0,0,0,0,0,0,0,0,0,0,0,3,0,0,0,0,0,17,27,0,0,0,0,0,0,0,0,0,0,45,0,0,0,0,0,0,0,0,0,0,0,119,33,0,0,0,0,0,0,0,0,0,44,73,72,0,0,0,0,0,0,0,0,0,0,31,6,0,0,0,0,0,0,0,0,0,0,68,0,0,0,0,0,0,0,0,0,0,0,0,0,0,0,forward
0,0,22,0,0,0,0,0,0,0,0,0,8,0,11,0,0,0,0,0,0,0,0,0,0,0,0,0,0,0,0,0,29,0,0,0,0,0,0,0,0,0,0,0,84,4,0,0,0,0,0,0,0,0,4,47,80,80,0,0,0,0,0,0,0,0,0,0,31,7,0,0,0,0,0,0,0,0,0,0,75,0,0,0,0,0,0,0,0,0,0,0,0,0,0,0,forward
18,21,24,0,0,0,0,0,0,0,0,0,7,34,43,74,0,0,0,0,0,0,0,0,0,24,33,0,0,0,0,0,0,0,0,0,0,0,0,0,0,0,0,0,0,0,0,0,0,0,0,0,0,0,0,34,0,0,0,0,0,25,3,0,0,0,0,13,0,0,0,0,0,119,66,6,0,0,0,0,0,0,0,0,23,7,13,0,0,0,0,0,0,0,0,0,backward
24,36,36,0,0,0,0,0,0,0,0,0,0,27,33,67,0,0,0,0,0,0,0,0,0,35,43,0,0,0,0,0,0,0,0,0,0,0,0,0,0,0,0,0,0,0,0,0,0,0,0,0,0,0,0,30,0,0,0,0,0,40,13,0,0,0,0,12,0,0,0,0,0,125,80,8,0,0,0,0,0,0,0,0,27,13,12,0,0,0,0,0,0,0,0,0,backward
27,42,45,0,0,0,0,0,0,0,0,0,0,34,37,64,0,0,0,0,0,0,0,0,0,28,43,0,0,0,0,0,0,0,0,0,0,0,0,0,0,0,0,0,0,0,0,0,0,0,0,0,0,0,0,22,0,0,0,0,0,32,3,0,0,0,0,14,0,0,0,0,0,131,81,0,0,0,0,0,0,0,0,0,41,17,15,0,0,0,0,0,0,0,0,0,backward
20,31,34,0,0,0,0,0,0,0,0,0,7,45,49,81,0,0,0,0,0,0,0,0,0,30,44,0,0,0,0,0,0,0,0,0,0,0,0,0,0,0,0,0,0,0,0,0,0,0,0,0,0,0,0,27,0,0,0,0,0,31,0,0,0,0,0,12,0,0,0,0,0,130,79,0,0,0,0,0,0,0,0,0,28,7,7,0,0,0,0,0,0,0,0,0,backward
0,10,9,0,0,0,0,0,0,0,0,0,0,44,47,75,0,0,0,0,0,0,0,0,0,53,61,0,0,0,0,0,5,0,0,0,0,0,0,0,0,0,0,0,0,0,0,0,0,0,10,0,0,16,10,54,0,0,0,0,3,92,33,0,0,0,0,6,0,0,0,0,0,131,107,0,0,0,0,0,0,0,0,0,0,0,8,0,0,0,0,0,0,0,0,0,backward
12,43,35,0,0,0,0,0,0,0,0,0,0,70,81,119,0,0,0,0,11,21,0,0,0,76,74,0,0,0,0,0,10,0,0,0,0,0,0,0,0,0,0,0,0,0,0,0,7,0,54,10,0,7,0,5,15,0,0,0,0,50,66,25,0,0,0,0,0,0,0,0,0,8,56,0,0,0,0,0,0,0,0,0,0,0,0,0,0,0,0,0,0,0,0,0,backward
39,72,64,0,0,0,0,19,0,0,0,0,0,60,70,111,0,0,0,0,7,13,0,0,0,61,70,0,0,0,0,0,13,0,0,0,0,0,0,0,0,0,0,0,0,0,0,0,0,0,32,0,0,0,0,0,9,0,0,0,0,44,63,25,0,0,0,0,0,0,0,0,0,8,55,0,0,0,0,0,0,0,0,0,0,0,0,0,0,0,0,0,0,0,0,0,backward
66,128,96,0,0,0,0,0,0,0,0,0,0,101,102,123,0,0,0,0,0,0,0,0,0,74,78,0,0,0,0,0,0,0,0,0,0,0,0,0,0,0,0,0,0,0,0,0,0,0,40,0,0,0,0,0,7,0,0,0,0,64,78,31,0,0,0,0,0,0,0,0,0,21,67,0,0,0,0,0,0,0,0,0,0,0,0,0,0,0,0,0,0,0,0,0,backward
